X1,X2,X3,T,Y
0.24422950667176005,0.29031151852388665,0.2929828396730461,1,0.6341109823882207
0.6781783200788559,1.3091225896122873,0.02780299110171055,1,-0.44002309321021515
-0.5855293813520697,1.0225822950425674,-0.033257167661017106,0,-0.28160938702772137
-0.9086731231253482,-0.46366523635961837,0.2515656765510448,0,-0.3500913214717144
-1.9918382111213646,0.7391697013362004,-0.5646596325729337,0,-1.4003822295067463
0.9716229819862015,-1.7256965611372788,0.31848702321260275,1,1.9005597815112818
0.016657300576047057,1.2079978936692815,0.3097674502332862,0,0.030837384480940422
0.20573134494682813,-0.797416009220576,0.009696561527225181,0,0.42744279515740036
-0.7835948765056134,0.17081032770514626,0.3159474076681484,1,-0.06866944280573539
1.2264980292859606,1.8971906485103498,1.113247247455295,1,1.440433445889374
0.9432005776780167,0.7607680519814713,2.634852313868455,0,-0.26039680770917273
-0.12182388148769023,1.6609719045500035,-1.3783488011436973,0,-0.747721186753292
-0.5558634579022823,-0.7566083203317834,0.2084896304640165,0,0.6492253120080772
-0.3566913840585801,-0.9039631681902898,0.5568764411457192,0,0.6808687312484205
-0.7986255424246492,-0.34518899398057923,0.28992479496569334,0,1.508198794222108
0.026564149240541065,0.08278297992668816,0.5844407106075405,1,0.6107551984289563
-0.6161677197005472,2.353580939615885,-1.576736846939266,1,-3.65292270002901
0.5855425205420421,-0.2688300609435363,-1.2454346492090493,0,-0.3403265885099679
-0.35946857465874366,0.24491246122063637,0.014191468220342179,1,-0.06497624001259183
-0.3539570639393583,1.2430438033987061,-0.07340489151198963,0,0.025219180945613706
1.5372530042019914,-1.3976838598262642,1.7280775277238456,0,0.3079884311909773
-0.7257195225520553,-0.47244765824307716,-0.46949435915972626,0,-0.06676304497214805
-1.5679158879454647,-2.0183443595988826,-0.0774864667717613,1,1.782039547791193
0.36621519240744776,-0.6606695517293836,1.257784504900801,0,1.6087947076947369
-2.077868511409373,-0.27727172261330024,-1.3094438975193121,0,-0.27867297308650296
0.26437863582572063,1.7210626266748688,0.7936649568837655,1,-1.2839652776716273
0.9817201418926419,-0.23991791896081938,-1.5325658290778619,1,1.4106990703132514
0.0701150307541132,-0.5152246538224472,0.015863087664147183,0,0.3910532772317959
0.009275074296206387,-2.164743739776196,0.19877027960598337,1,2.65328010924113
-2.050609352249554,-0.17797894474076612,-1.0894355772836122,0,-1.8374686104941318
0.5553036855587886,0.719173516459202,1.50922538737456,1,0.14683653108449957
0.39629256724661155,0.5280633700830494,0.3785219791216014,1,-0.651182285374075
-1.171997758374501,-0.7114253385042358,-0.40334501642379694,0,0.15121862147879434
1.9131707472462032,2.3403791796067606,0.12937515261902938,1,-0.9424112720270673
-1.2240162007402255,-2.022453558133266,1.0745305379291195,0,0.3303717742341671
-1.679290361717149,0.14539362417610263,-1.9399359706421,0,-0.4372998946001905
-1.8110577699106647,0.7949970835866457,0.892831077587824,1,-0.35135096830325013
0.02597090732105973,-0.7421609869401998,-0.10991501094286753,1,1.721449874792097
0.33787125014709696,-0.47066890359470026,0.4495758598594048,0,0.04111710270894309
0.44097391093464255,-0.6592567560060714,0.3529511821172277,0,-0.2043496142024115
-0.3373599782154893,-0.4459013344895805,-2.0067551735046067,0,-0.07342348750058994
-0.8126750220358617,0.4416622559772337,0.8064026631114064,1,0.15688740991662153
0.8427645820080417,1.4082090381405934,0.2661942704663516,1,-0.5320438484920329
-0.8975853865617808,1.562975425904257,2.674727890045977,1,0.630776969086883
-1.2098402059798323,0.8319268161735736,1.1187548998884946,0,-0.6988292978280536
1.4013156674932132,0.00336017770192644,0.5360696921429527,0,-0.27598204384413394
0.1775715081428498,0.22644871242154566,0.3805575898591979,0,-0.1797160154914967
0.4712898953909813,2.4811624527878315,0.09275646283498655,1,-0.4670065800794629
0.6258407046445027,-0.068248472431729,0.3922836367250275,1,0.354281845734382
-0.5717971089993171,-0.21888074255051218,0.685976439368705,0,-0.417838646310026
-0.5328625860015204,-0.01414236079738897,-1.6356360375079846,0,-0.44826628244164657
0.6405816830656459,0.4273193529325555,-1.328391744354176,1,-0.5732315618745452
-0.6171512238777086,-0.05796926930334302,0.5937806037682026,1,0.5130724710173101
0.3360206914446697,0.7268288044885369,-0.3694102570296377,0,-0.3935560962259398
-0.08945955292809644,0.1302968600919592,-0.9476404792168186,1,0.513443541089723
-1.1942715158413304,-0.8736979861082966,-0.45930470734584206,0,-0.0276417120487399
0.9663907689328148,-1.3425068289763276,0.38468559085482823,0,0.01483484547343994
-1.2893619498023041,0.35706391765023465,-1.4332121441133223,0,-0.5901695485866401
0.23296344452977213,-0.5490757033979071,0.7399313212587119,0,0.4208534017592191
0.06698467909483406,1.6425568541560136,-0.4738653215289896,1,-0.8637199424039432
1.2666112172939297,-0.1518500463728155,0.4306489017997287,1,-0.7896039777122589
-1.1196252235034803,-0.16312190809304217,0.2646055442584401,1,1.190889695719958
-0.5431967015635717,0.6708922556037291,0.835747700144872,0,-0.8319132162837173
-0.10030654480682887,0.4221731446715408,0.3876359236491862,1,0.1116503458649204
0.1808470634830872,-1.0912788570321044,0.4896656422093486,0,1.0267884268429215
0.8684571437377585,-1.1975714463081477,0.4388087436773447,0,1.0492717981326272
0.31109857969145777,-0.67869456039544,-1.015978360880849,0,-0.22599703290307976
0.024860582209951868,-0.5240144836051701,0.014199460377502878,1,0.12470305144202398
1.0283377898533,-0.4473454977977459,0.3106385093196587,0,0.19386509532844648
2.0960635427113052,-0.3641330629726793,1.3382428834141507,1,0.7902826539827044
-1.3555250416058353,-1.4921153122421082,0.12004352796888537,0,0.08842807930211083
-0.0057465866492687,-1.1114150275390073,1.886368075771658,0,0.9379876066979287
0.7596398959857404,-0.15551392412955053,0.32068466903706455,0,1.3255574823562624
0.08574265591638133,-0.9399256351869933,-0.3457216500945445,0,-0.1636348802648835
1.434637767050995,-0.15901796438424234,0.16673440153514463,0,0.6651264605916944
-0.3341724146117992,0.9799933312652238,-1.5472484371372632,0,-2.3980736205671267
-1.0140036793194538,0.14556028789081987,-1.3316126568248543,1,-2.511943719051437
0.8705107298823132,-0.9241716767464387,-0.2437572304476478,0,-0.3700882043339457
-2.7728996599739193,2.488837114905349,1.398385350874159,0,-1.1635263551745851
-0.47575879719182934,-0.6213151402110175,-1.0164328855177955,1,-1.2973411669212938
2.36607960901164,-0.43265925157383345,2.9982312696603435,1,1.2166475999259547
0.02624358907410097,-0.08021917363312431,-0.36150243522170666,0,0.46736614953175465
0.3577642351124069,-0.9179575353817679,1.6029052874100145,0,1.9288793763527123
-0.9516060778809193,0.3735295995135998,0.33507146511118047,1,0.49361429829280984
-0.023186860180478774,1.4132174699325073,0.39092497704760454,1,-0.39662964606470374
-0.14219884196820579,-0.5631515427224665,-0.15878224702582455,0,1.0012631448448133
1.858336434049549,-0.1847702289437152,0.527663672227122,0,1.602559396488151
-1.0100823426203576,0.0804358734447288,0.7110834640927451,1,-0.3128831352041015
-2.761763646265384,-2.590706668758919,-0.14426519131842921,0,0.345839635268112
0.4066511241407723,-0.7751012660224029,-0.44647249012097723,0,1.5835019608954375
1.550015809542123,0.2957523083921116,-0.31102836346361495,1,-0.7061103976226754
-0.6886655550322025,-0.35933849211388025,0.42831238807831945,0,-0.2472716061680298
-1.8235293939751167,-1.3627686238228571,0.8263929518209877,0,-0.3715456193691894
-1.0728218474987572,-0.37435948211288833,-1.6090101195077482,0,0.8354007134692334
0.43356964035969375,-1.2541889084363178,2.1726086350700187,0,2.626923773742334
-0.5622586293512026,1.2139478323184956,-1.196026456818326,0,-0.7259501366998837
0.04237709392178627,-0.6992148137321069,-0.7003854051340255,0,1.5887510419653115
-2.357516570426851,0.4665923445559484,-1.1773280569608051,1,-2.4542060942632276
-0.5203630365332101,-0.4735008027357566,-0.5519654246734065,1,0.40311191305223126
0.7882662526884918,0.07513206290068358,2.609959687013842,0,0.9892473285649448
-0.26466035739621024,0.8140284593502005,-2.3367230914026433,0,-0.5876849370623765
-1.0240422774797586,-0.29398945027176226,-0.477478573634434,0,0.10501363951820031
1.0519296629443424,0.5789493053063929,-0.394198595398985,0,0.008350204173722009
0.9869784880440138,-0.7827841007643815,-0.7218454002125582,0,-0.9043750344591053
-0.4654051445207344,0.15249833541518687,1.6288731817752409,0,-0.3156573589006715
-0.7418328877444189,1.0087442218184095,0.14446304045329691,0,-0.14312556782899083
1.2780618028493278,0.24326074194645428,-0.25542749829474104,1,-1.7941057019157844
-0.549928463523314,0.08932718677326058,-0.7743983128933177,0,0.4639853130933975
-0.16336234778109804,-1.7020175410617124,0.9282258292579562,0,1.470495070623084
1.8009671141578782,0.6781213523232124,-0.3809627213764242,1,-1.2676514868299904
0.1868602307111495,3.052939121972465,1.3000308058018568,1,-1.471681980087651
-0.4954204874742692,0.7209813385229211,-0.6241772817299931,1,0.060291089187542446
-1.9764129934395427,0.298288164830344,0.45194800314093353,1,-0.2480226065503921
0.035406474307321224,1.0518394879960662,-0.12612849291245634,1,-1.4089125660144315
-0.08659043329209744,0.9759426224476603,0.8483948319847936,1,-0.4423082149372856
-0.6238414485498894,0.8131321808007449,-0.41632660778228403,1,-0.20595830217958017
0.9255470441834703,0.3106447526458619,2.4453426086553773,0,0.4299087842927648
-1.2914136526460958,-1.3143098476461879,0.33491693422323965,1,1.6283145820524272
-1.5828763924013085,0.44062193259178245,0.06405914183902128,1,-1.146478169067154
-0.7881645517600848,0.25918698206449686,0.6720679250607846,0,-1.395466175002815
-0.05441165846795849,0.9461684966433926,1.0496308799653586,0,0.9462248130777611
-1.529939674443686,0.12112139748762395,-0.13135723874194452,1,-2.6362060353016044
-1.2086704953591816,-0.7911463799496942,-0.7423328961993788,1,-0.9669147048207885
-0.8781133109646749,0.12048212475924172,0.12588277583438176,0,0.29792913913886465
-0.09118537353999447,-1.038526379369646,-0.5021965998637219,0,1.1968680271887249
-0.7701676600046098,-0.6189882568359629,0.25809556561392094,0,0.24944764230895633
0.9064564536272023,0.9750323363460319,0.48424454939716527,1,0.8644422257268305
-2.2882827318596215,-2.7816650887995,-0.30738830872782136,0,0.7423993145624038
0.3205952444740153,-0.0462803820893871,0.023873856529108915,1,0.029407098636550333
-0.6827162254252406,-0.37890699113032333,2.139732319882446,0,0.4869277541612044
0.3731579492310446,0.46711267154069247,1.3703017037982979,1,-2.4372428053633364
1.8834346815045002,2.047421670182365,-0.8457038632473395,1,-3.930159625228835
-0.16320703731671754,0.5702471922190014,0.8168581042830134,1,0.5624739082677567
0.10310136676226621,0.674987312877608,0.1412535315040098,1,-0.8207839463586164
0.7419676151813785,0.7508204857681813,0.06951170215297077,1,-0.6053406692123895
-1.42079829075312,-1.5902980511754543,-1.0550243093371943,0,0.4360901594108196
0.568359759884237,0.9162621218488926,0.23268382442254956,1,0.5414843320047475
0.7223551976716976,0.20061838663459075,0.14064093174972128,1,1.0132411790396199
-0.22856286932650932,-1.021690033714352,1.6508699255526758,0,0.80013945546433
0.5612705611847701,2.2532319139341404,-1.1432246542429627,1,-2.53392275702253
0.03691384056498004,0.08104957285567961,1.7097910288943798,1,1.0484486760999736
-0.8545726205787063,-1.4098382285128248,-2.0253355976933882,0,0.0987083087163688
-1.4058407168750757,-0.40205497055624834,1.7526733168133015,0,0.9699649111904629
0.8899444416950228,-0.019932095284121928,-0.5587420807307869,0,-1.374742737672957
1.6896193626278964,0.9787507243827395,-0.1323591189066024,1,-1.573932922002886
-0.8768210203581089,-0.285204567767248,-2.402399841210048,0,-0.347027842504705
0.2783282106077907,0.6873759736177791,1.293014514113716,1,-1.0557946829284521
-1.303200469868726,-0.7908949437700339,0.4729792087938098,1,2.529238988275135
-0.5589523163337516,0.09838490927112757,0.6850882882924446,1,-0.6424401375485215
-0.5835057700671765,-0.3704087256151525,0.6087445811159599,0,0.7905310711466249
-1.2265107247776208,-1.9892097532406754,-1.0162413173283338,0,0.10077337466625369
-0.16090882508470317,0.8572333857197924,-0.6477484665146869,0,0.06786272674172222
0.9061158492471226,-0.9443160799856757,-1.6980828990047265,0,1.0349812229123811
0.47554928063278684,-1.2661759848283638,-0.024795344672804715,0,0.3181356745736429
-0.6005617651606207,0.40241682800476813,-0.4132730791613991,1,0.1709279388957664
1.3397253445978912,0.3884083201231508,0.024925122235974824,0,-0.44018709198856426
0.13721146570310253,0.34004479775997193,-0.817650946609907,1,-0.37420401909089873
1.721513108519485,0.17615695841371365,-0.23283813546135657,1,1.5232548514300932
-1.3855865214164456,0.9994267437174711,-0.7375185827646347,0,-2.049658210753714
2.9395444609609154,-1.7178070786383703,-0.10123144847027236,0,-1.449251645364081
-0.2535962008033127,0.24034678035143428,-0.10848513876908715,1,-0.13911312176382495
-1.2589082602629236,0.6667269311345716,-0.12296371626138747,1,-0.5999668760921553
-1.1424062960027457,-2.547429375300993,-1.4713982628891535,1,1.2402135705528308
0.8577532564213768,-0.156086123759585,-0.006595600930244863,1,2.1813458673916433
0.8306096888663499,-1.259332280776287,0.17694574123128864,0,0.3047383934690163
0.7384529600620714,-0.95062200800729,0.862205366371808,0,0.05332273537448884
0.5351732085767416,-0.3345218651302859,0.834862474345277,1,1.2574991346720614
-1.200401318264966,0.499197819724168,0.2855254394763381,0,-1.0801187125311205
-0.21633175800131196,1.345400732371272,-0.4735528427177878,0,-0.6810324746275724
-2.3846636910599472,-1.943068551108514,0.8589565568224014,0,0.7964117301001836
-0.9456061464799821,-2.344621641149666,0.02289414942321364,1,3.516675366834245
0.6001058952742833,1.7601008522603705,-2.362442589524136,1,-3.6262256158031785
-1.947429783761563,-0.6237662498855063,-1.0199119171236242,0,-0.9405008508066698
2.3082018240216073,-0.17760502492152588,-0.5678367360467067,1,-1.0439823355548508
1.2014718372503344,1.0026818394017845,0.13466190093367347,0,-2.2025614201444634
-1.2092202357160868,0.6608684727371178,0.4848407285753961,1,-0.4868959044595531
0.6629740748829978,-1.1171839658514087,1.0411653832507513,0,1.4436004761429058
0.4955090098745685,-0.03674117574157821,0.658018975961633,1,0.015664668947240612
-0.198025340901164,0.008874761877501275,0.22061420311718025,1,0.2136416819802196
0.5313517116655844,0.18457279586406278,-0.5158799327380128,1,0.6156537683769276
-0.32428278770778995,0.7849210078570729,0.3172315690672204,1,0.4016969220114427
-0.07539493340177854,-0.9529747976616196,-0.2879835988606513,0,1.1679947901262604
0.49510012329116837,0.4704753491511682,-1.6407755184023023,0,-0.8789751772013494
0.4296355065603053,-1.8631960932918066,0.4347621865811212,0,0.5134270389629241
0.29148490003933364,-1.2497787820981892,-0.8258621658027686,0,0.049509136758248695
0.31261437078136045,0.3656747327014065,1.6536145542587732,1,0.9066015698782489
0.9380107761845156,1.4177787731876181,-1.3140360832652693,1,-1.9051092641265546
0.7631500157515965,0.7628600178828161,0.07347692267281762,0,1.6109683716858505
-1.2063119221129543,-1.1006356742919299,1.0875067279904524,0,1.5306822160103843
-0.7742786533171364,0.7569747164693598,0.6200503430338341,1,0.8828115555581866
1.4480451944715218,-0.02466483055545489,0.07690889247550886,1,0.07417032090566505
1.551163321332261,1.3336672710883024,-0.9709969067811486,0,-2.6669276296264233
0.5475131874532551,-0.2571519071701206,-0.024046913289070583,1,0.511714452101471
-0.2821247786501622,0.9048313813214822,-1.3397753176132925,1,-1.3734846878011957
0.8151402882011065,-3.05383772512399,-0.25848745811811646,1,1.9385557153665567
0.6775242001603649,-0.30947630115392094,-0.2801127494591198,1,0.7598250889637841
-1.5501225854088811,-0.21573002874184538,-0.6358148089551501,0,0.36419861863240466
0.06604825287873943,-0.9201335709749133,0.0741221914316353,0,-0.0744332094517256
-1.4017312084119578,-1.788973495377726,-0.8128689438776271,0,0.06636636289653738
-0.4604503630738136,0.2589896014641424,-1.4843376905026533,0,-1.4761620493265555
0.03156856849625542,-0.33701186689251245,-1.1578844257179883,0,0.7773035425939767
1.7203665787911053,1.1384970286424794,1.0052812817126182,1,-0.7510746631319843
-2.1164952432124102,-1.493532416945106,0.289734219131008,0,0.9549900206906108
-0.35640684103710296,0.594407173825384,1.432974454878266,1,1.1997734869451628
0.6824882834082512,-1.8466284897199186,0.8598472917248094,0,2.4095440788367344
0.6673679848832995,-1.48189464087979,-1.7237900959566714,0,0.15652030963850447
0.8509934901831787,1.341380448623702,1.3525879656869133,1,0.9908791303051862
-0.993663820846721,-0.8827516365126153,0.38461482839234945,0,-0.10711837455446993
-0.12922402664750016,-0.7754274207639078,-1.3027610443987443,1,1.217277084409468
-0.46256227181904747,-0.7571776159507111,0.22167588133738445,1,0.3465191064932185
1.3102687392427068,2.477277914239759,-1.624844246779024,1,-2.940732157255352
-0.1377917909866027,-0.3827666605277865,0.9456143482644234,0,-1.5300313100099188
0.01806208257718864,-0.016209140510081058,1.0635147535312,1,3.4167954963359586
0.19104657491013544,1.5988038471158859,-0.5005723925899039,1,-1.3478306352309457
-1.3094491342557666,-2.3285025565545547,-0.4828073730878866,0,0.47565277731131195
0.5175983776765707,-0.9723830092415218,0.6657769779858821,1,0.8046156153202243
-1.1053851666119574,-0.18704889584632686,0.07961080005820026,0,0.5162276449467949
0.18315619108900397,1.485206604249756,-0.12957395808173613,0,0.573681664787083
-0.7254768742758381,1.2812944121414838,0.45052721030751997,0,1.2589269517546198
1.1982847581234326,0.8495708156410064,0.3863892007651977,1,-0.2714061631257405
0.03789967674344184,0.061704556344966695,-1.340613947208433,0,0.34255046893139524
1.9309454166098983,-1.9031867050667948,0.468719063001213,1,1.367829935310357
-2.2340016090159867,0.10456612931567637,-1.3564326012789087,0,-1.1851851898626153
1.3723385332046054,-0.5868911407070108,-2.3704757785823265,1,0.32088016833936805
0.8599913664544507,-0.48610977795050875,-0.5774306016030986,0,-0.1449781235284039
0.29253303047899154,0.7690855174961702,0.42388359372430984,1,-1.8165121169414888
2.2072121862196292,2.742570967222695,0.2669076130302709,1,-2.3590268546764603
-1.4280618480680547,-0.20601637960556624,-0.8002704639647447,0,-3.1473719867345773
0.21258281854545,-1.479929249471058,0.10110315433516787,1,1.9069267660365674
1.247215502700072,0.5394333481860786,-1.3717570855508345,1,-0.5901094503760913
0.607197538101851,0.41093368592193286,-1.4027273851015933,0,-0.9106569864502359
-0.378531536891439,-0.2712780707521044,0.5177035769201646,0,0.2955675754627832
0.6479513724507354,-1.1043278940590993,2.200063653369363,0,0.806216587013956
-0.41522164810469003,-0.6315057583319333,0.7107305430601828,1,1.2060322448667893
-0.3407470939188769,-0.32945672993863506,0.8307897532140238,0,-1.1977835753820183
-0.6620199494826718,1.5494564399062216,0.4131225600293562,1,-1.8231679001767902
1.054259827427831,0.05926307688428485,2.461879272298329,1,1.9766655234304427
0.3121424473561126,-0.260132669740592,-1.3180133368426776,0,-1.6506517220128063
2.5164369153714685,-0.9865021149420751,2.1321996890738175,0,-0.6834777402414397
0.8469467508553772,0.8990790876859576,1.1096531266436795,1,-1.2091113521075552
-1.4834137084873917,-0.10379333577316546,-0.48851944334572817,1,0.9825039267373098
0.8025632479008408,-1.0704006043142864,-0.21905713841495056,1,2.3818321741374753
-1.0888036841960937,1.1281260955442027,-1.9208290698968278,0,-1.4366286955570766
-0.27617076668465573,-0.048781485158070285,0.42520057524503285,1,1.3125118907404445
0.141135073310704,0.3311368664971291,1.0468493694980516,1,0.5274506646913589
-1.0903810701019179,0.5834237219210697,0.1470881674580491,1,-0.04359573741314965
-0.5054087078899074,0.7528724125955004,1.0641891597186695,0,0.12144434199404736
-0.6738417274729147,-0.10024280530910404,0.20664651327556768,0,-1.4116110772102635
0.14091388037417163,0.5507588652255201,0.16329335164522568,1,-0.09686529831741181
-0.07351671562569011,1.3069143958917728,-0.07675210305803092,1,-1.060384248936325
-0.10417802988263843,1.4512429330110057,-0.30334298350260924,1,-0.653017908148524
1.7063213243369049,-1.3138162220724565,1.9149124031650728,1,1.9222811181434096
0.5424521158878862,-0.0017303070057090094,-0.05589791135166578,1,0.021526143337147807
0.4329860903627555,1.1808069056997796,-2.2378453097907816,1,-2.1576139321319805
1.097299054781602,2.5168393106539657,-0.3280552488737358,0,-1.807457337786495
1.8622811616029218,0.2361476142664824,1.1936641256384364,1,0.4008827275656655
1.3982452708252306,-0.10642464256097196,0.5656910818624286,0,-1.207743104922821
-1.0550459975049262,-1.6777004808299025,-0.5848732072463597,0,0.6667230865079308
0.528129532182301,0.39184246219145696,-0.637752475569475,1,0.6119951647081958
0.7738372190883718,0.8192826704973456,-0.05773250111615072,0,0.29833956968811914
0.9636933961213732,1.348185270601016,-0.33980253727963067,1,-1.1803128517079382
-0.1411011266366293,0.5424102969899653,1.7815223828945992,0,0.6916748095152354
0.07199166872521738,1.7539283705396163,0.7330098459959574,1,-0.6898939265797205
-0.8861479035047187,0.7027630703043621,0.5488507006180208,1,-0.2860816335438582
-0.3685474725751162,1.427865505183568,0.5025375866906117,0,-0.7361575082238347
-1.1664094737795516,1.5702075435102798,-1.1226423839032442,1,-1.7301075254163738
1.2740064530975634,-0.02796429969891854,0.32701572329041156,1,-0.8016330785965556
-0.5194709410727515,0.5854743952050885,-1.7499812716844325,0,0.10799235774159188
-0.9326830231032831,-2.9528991078779274,2.3211683269719465,0,1.9944902524878234
0.29533763342676633,-0.03559827340227029,2.1328900061926737,1,0.10619089449801744
0.10678128737554075,-0.8199120439627204,1.9540382631515953,0,2.0470507539564826
-0.6862569008373571,-0.8824044807602262,-1.0986974570040628,1,1.0002692621078626
0.37664238732476,-0.5345947400057184,-1.1572682121433449,0,-0.38405180993474225
-0.6261906658513405,0.9414483543820065,0.6910458687394561,0,-0.6460217426021819
0.5099687328907554,0.20575769011383405,1.2572658275387536,1,0.9695632752306071
-0.02700581038460855,-1.9576753595230845,-1.2630433806384624,0,0.15940603642286
0.21739984503219362,-0.3159131942401158,-0.9852065236630906,0,-0.4320181624557561
-0.3810585382489008,-0.5915126896643137,-0.40322796233763386,0,-0.7674434045275764
-0.6694474312064037,0.5867993982094081,-0.2966547765666845,0,-0.4445771135302823
0.2550680734989403,0.11637659092100801,1.1895921955786,0,0.3122134991242531
-1.5711667869189898,0.31566366643442273,1.2297288445186794,0,0.681942797838089
1.384740099119372,-0.7196157614434654,-0.6027683887762431,0,-1.1565440120619237
-0.4556908969136663,-1.8124966487757044,-0.7642051914729482,0,-1.155090804733802
2.0766775642877593,-1.004343387792127,0.42232874294267136,0,-1.0436349542838053
0.671797021075242,-0.29195278186975343,1.065445504516824,0,0.30781879249571265
-0.09297751691161404,0.248879489516893,-0.4842740522403071,1,0.30462727725464306
-0.6028945815555102,1.7618212598032892,-2.1183820478983995,1,-3.9707428394286723
0.5192105717488484,-1.4434842257725657,-0.10424733526553509,1,1.8840710930232563
0.46277507692170955,-1.2655634750277514,1.219206838092324,1,1.5734887111877853
0.43113261764955124,2.2802311343531767,-1.4553165779391743,0,-1.924897524347753
0.8396090227586288,-0.7540982626992985,-1.0715125259175329,1,1.2005919100735136
0.12075815010648003,0.8870624251641803,0.9301067745911332,0,0.28365777868463504
1.145038437907148,-0.8739180175669161,-0.45074210871292125,0,0.8109757213357663
-0.7671528189303864,-0.49144670883119757,-0.27612244919279894,0,-0.5621006381630603
-0.20343838848400828,-0.6268806190182551,1.0113369447611893,0,-0.4079381994377784
0.6195155255802256,-0.07532363755870847,0.5657174533236804,0,1.150107885324973
-0.780031091976544,0.06175791809756263,0.4192174356624939,1,-2.2927503706381525
0.04339888367096512,-0.21086091188804593,-1.0350466400493332,0,-1.9907772388309328
1.5349925170224734,-0.2447644226891897,-0.1145577494324028,1,-0.27167349808808494
0.10570439160255012,-1.0779145424387657,-2.196521453707689,0,-0.10486013575766576
-0.46951929495535444,0.3947037740842042,-0.23365764443299847,1,-1.0678642625992938
1.1293766978437971,2.178539198266696,1.3790776378409055,1,0.16123659633279458
-1.1359763114796235,-0.3033044000667469,-0.6021904816827599,0,-0.6774852725864038
-0.33158194119571,-1.0367824150503853,0.7349372471691575,0,0.13262367809570863
1.0658535129306093,1.1432102431144981,-0.9759260327109777,0,-1.186953066634116
-0.7700591950790759,0.47244664668356723,-1.3641458457958102,1,-1.3575274115018425
0.2577850924311055,-1.584971723485242,1.2747848616914979,0,0.762994907313445
-0.0698457477238752,-0.3478725959322237,1.3775561996218584,1,1.3774872417187576
1.567361857418077,0.743697409008522,-1.0496814979452236,1,-2.2431938161959124
-1.4218859205435128,-0.8641024521713244,-1.8634443274902939,0,-0.22442686853533983
-0.5414602656522841,-0.4792928629093939,0.13465052800450178,0,-1.6576238403192578
-0.3249481635961135,0.28829683825700964,0.5566733260598685,0,-1.4636543254673495
0.3737719148067307,-0.41189230491236906,0.39201173042232773,1,1.4040675567251544
0.5519408255530851,-0.305365470429115,-0.31476169670065296,0,0.1378828678128785
0.42343310643330717,1.3048309202110089,-0.6579665449247526,0,-1.437696322985499
1.419138514050265,-0.9156036134827583,0.7591638127854011,0,1.3597291429565688
0.6719740243022455,-0.7241633645043397,-1.4832325712858438,0,0.7229468890814871
-1.2809004408809674,-0.8722369169368869,0.4880347783461837,0,0.7211155039761284
-1.4450772860668792,0.6651383179883383,-1.6486862839322398,0,-1.2270999078731455
-0.5374815442954671,-0.5029080814914638,0.31426185203056917,0,1.8469486158859558
-0.5256240257921971,0.9397671154277915,-0.7945801901701152,1,-1.0063535234761374
-0.43677375060337237,0.4916267578351424,0.47629472888704016,0,-1.284045285168869
1.048702408202802,0.027359207851559125,-1.7111927177533002,0,-1.1236718792624554
-0.6312126741691892,0.67459446804617,0.5375776618829794,1,0.9213653656989491
1.1090986359776396,-1.9034902115056402,0.09208377675239242,0,2.694337334351997
1.1486974898743283,-0.8984330314448722,-0.8395014903560738,1,0.9638509768797285
0.031176661906884364,1.6163344249327793,-0.8892280781029354,0,-1.0574616454027475
-0.5212129178074569,1.5505902316193592,-1.1280466636872906,1,-1.982426873874362
1.288071003656983,-1.9253681604130248,-0.16709771113968813,0,1.3942265541734966
-0.8457045949382983,0.9552143442807918,-1.3714658606967187,1,-1.91574468474922
0.4789268079432277,-1.208778306623946,0.6875518104223236,1,1.6435959605646662
0.2725573204870592,-0.05040441959920194,-0.8555070954513164,0,-0.24560573957270462
1.2974969495878943,-1.0536323719538245,-0.29289667132736874,1,-0.007692531506782396
0.35885497175971715,0.15285466763124977,0.04246212051861298,1,1.2016594889026242
0.021150742032654803,-0.21287146370517232,0.32307933873015543,0,0.2923204039722406
1.055169838369879,1.0841742807131725,-0.6018555028506509,0,-1.0678412563589892
-0.380089972109003,0.47781831872317015,0.7588670328384179,0,0.9548654372526094
0.5624021171572643,-0.7120028905693879,-1.398837864691864,0,0.6609826774157523
0.13273724755111255,0.3234029764401308,-0.37554696956319805,1,-0.08557419616934975
0.03486168071259834,-0.6298501607577105,-1.085916454811471,1,0.3133404479200965
-1.4824354022807713,0.04170412086167657,0.45748461472982804,1,1.943765579836204
-0.004171815615342664,0.9925375066569975,-0.05221102388962694,1,-0.22496890457509422
-1.010840939789875,0.42092236650976267,-0.03443758872474958,0,0.4868095506068794
0.5300001014792087,2.0297451938124147,0.19597279291823633,0,-0.30879593611401945
2.3697516518020088,0.4334787433935836,-0.23088887515138448,1,-1.6587234453616342
-0.22607606380716505,0.24368952337700286,-0.5851321129926922,1,-0.7356851420772857
0.9164147568112588,1.5624239359842396,0.4283648188721509,1,-1.915943864531669
1.00870225337923,0.5915908840308997,-1.7361029417812823,1,-1.8219712357648903
-1.151974482849848,0.07718739506608012,-0.3802593064256295,1,-0.5001513151266949
0.7081195970686851,-0.006733645270838995,1.5062053888294062,1,2.921057049706456
-0.3151938012409842,-2.048368271546376,-0.8265096472917972,0,1.3256569004195196
-0.43983608931816015,-0.6532364692099153,1.6380752291975234,0,1.2828100829905766
0.820453573842574,1.4490205479056908,-1.2646159028768296,1,-1.105151988973803
-0.5559180623876544,1.2486853460801708,-0.11355459489625788,1,-1.885373706873034
-0.5085630109098325,0.8365812989434155,0.6919890854079905,1,-0.7868003019243823
0.7580033195494729,-1.3575518421755584,-1.931603808367014,0,-0.3710786776810068
1.2898341448679984,2.682206854664592,0.37498279606205337,0,-1.426487408614363
0.06653050683970729,-2.92457846118061,-0.619242076104964,1,4.500433743051386
0.6672692007972113,2.1745138199919607,-0.35427378590503256,1,-1.1727158801474624
-1.41847651241114,-0.5010995513733413,2.1698093584312903,0,0.34056569051444513
-0.10151807138455109,1.9281198927272192,-0.11643275391976649,1,-1.3202520428823803
0.4469237221098548,-0.7840511853110188,-0.1270995587956991,0,-0.08943804322434978
-0.8430501398490934,0.0371903983300215,-0.19392598965749452,0,-1.1217041930874139
0.6445439518773701,1.0807649738225371,-1.2915230015675805,1,-0.7060190118181031
0.28212910047100415,0.7061881843775702,-0.8169499774055033,1,-0.3082533556579219
0.2858833905891918,0.44952945279052564,-1.1894495327789179,0,-3.5478435842274845
1.185017754293034,-0.6595670529316914,0.45735634155733146,0,0.010973917085619803
1.2655064487383478,-0.5815135318373105,-0.9194473813031184,1,-0.35176604537501327
-1.2153466392847267,-0.295818501370952,0.5428904543965962,0,1.0134185202027828
-0.6552506374593475,0.433964387631616,0.26427039717119466,1,1.9830213432944095
0.5383467692384967,0.6123432399290593,-0.4650117601665071,1,-1.0370058286419732
-0.30107630805670316,0.35133433388468605,0.572620333761992,0,-0.19892563555893336
1.9901391106322228,1.0317116250805147,1.7147233738766026,1,-0.058042347276703876
1.1058590992399453,-1.293056931346746,0.352444222418186,1,2.3419671612446953
-0.8206589408551266,-1.0425148118941192,-0.3026204164856204,0,1.421185028169142
-0.7560202096038663,-0.3480595450349658,-1.074881158743008,1,0.5610685640451841
-1.2654440853552495,-0.1763038180152434,-2.1038929555009362,0,-0.3875157538868785
0.37140889227276375,-1.2962596498193963,-0.4272499150423044,0,-1.220459966886048
-0.6052727910891746,-0.6028597220445177,-2.2584002766414097,0,-2.494560114909121
-0.6758592861022096,-1.2091876177696215,0.5734945194350334,0,0.8055512205600048
-1.2653410882988532,-1.2521946249629354,-1.4125059108395022,1,2.228913963129519
0.8897148119970517,0.7227440928718117,-0.8730936900858786,1,-1.5935679194337804
-0.7469561739715275,0.03073797364728842,-0.80031718817493,1,0.6825037458431781
-0.905830245760958,-0.010500300186034036,0.047438236544676236,0,-0.1308382499476168
-1.886475210788988,0.8198574802759977,1.295901409556793,0,-1.953876245184543
0.4047553694405423,0.5977253166556075,-0.6931935555245523,1,-0.20984185348982312
0.23043542036620523,0.21628877024310444,-0.87548895637338,1,0.6826499565830364
0.7312358941629121,-3.3025907407293364,0.546383781496309,0,0.2593608908410856
1.4355083232727985,-0.40623081427028895,-0.9741616357783014,0,-0.06184455122086435
0.20713375767440378,1.0918448179115594,0.4686066219486381,1,0.5251778642425694
-0.34434811242514946,-0.3749905297542241,0.17889011673755761,0,0.33429417807282447
-1.6037823308549553,-0.24646799011628173,0.9205098466254443,0,0.7421933899537512
0.10765611478628605,1.0869247348682214,1.993161970903123,0,2.1102088239141508
0.35253229335396485,0.5057415672125462,-1.2004643811276927,0,-0.23906213817169708
0.25702392343992153,1.2654332034873819,-0.8746027842035363,1,0.1996344776352425
-1.9473343190393224,-0.9215114035439067,0.19584492058697403,0,-0.058194119215121964
1.2354574916025496,1.0537184848579477,-0.2382379145682979,1,-0.9017236406424441
0.6211648700272079,0.5489962082512214,-1.3426354472478017,0,-0.32180887479061815
-0.38989163139276983,-1.5772054400622515,0.8843130366423798,0,2.029087754598276
-0.2841491410620493,0.7154155662805776,0.27750725384331926,0,-0.057057332698286056
-1.9202481241946172,0.3870084136317562,-1.1595856186426274,0,-1.6454965675286743
0.3231218010481889,-1.3552672906589809,0.7991215110831933,1,2.0417633227803247
-0.34349389678150366,-1.0432926093173933,-2.8907022380790925,0,-0.8386378180419525
-1.1304130983967469,-1.3354175868940419,0.005980017591807696,1,1.3027691454529355
1.974232377180086,2.8403745357189765,0.7497924852469907,1,-0.4832976571819122
1.5448740435904276,-1.003533153193302,1.9588205930684013,1,1.1213973873399377
0.7238759070559383,1.0113643564742518,0.8608969858658801,1,-1.2279283441692346
-0.02110657370657157,-0.11857770974114133,-1.3870335336170343,0,-0.41163550894403433
-1.2412753647340078,-0.9241695260659766,-0.19204775174723704,0,1.0234715665510745
-0.019198865269160332,-0.4103175080737486,0.24396836837367605,0,-0.2645606574236016
0.46986388122599015,-0.49258418615551597,2.398686632326848,1,2.586932408815633
-0.10832037710381609,-0.6305697096527233,0.6174834698390476,0,0.20538681648539608
-0.03526426474401592,-0.03356090042111635,-0.31094605396401903,0,1.6349210665925722
0.18669651455674446,-1.3405097621159126,0.8861184997161179,0,0.4654538806729947
-1.1436364997029824,-0.8206245349571153,-0.9014471304024163,0,-0.9634884246829105
0.8206507067258567,-0.6593015749663322,-0.790033887588511,0,-0.8446750307505834
1.0070949475046054,1.2485065860994746,0.5145263016676321,1,-2.0106109686098197
-0.4301830518281966,-1.4068932333887176,-0.12794315463387104,0,1.4611356020188917
-0.6943542642478197,1.276447276578146,0.6225265188002497,0,-2.9654346045707163
2.1208310224669535,0.6620164234048636,-1.1106752897368315,0,-1.1742542915421375
1.1412556248351933,-0.0988959547027739,1.056642631871668,0,-0.13927608225583143
-2.3199520109902276,-1.5353990557680324,-2.176894303126014,0,1.2690597718162435
-0.10212771418096107,-0.9953275702352644,0.15204330835227353,0,1.801390445812393
-1.0199848535223262,0.18975658998689338,-1.4334680454907933,1,-0.7811076838358808
-0.9117659779798447,0.3234192837773425,-0.2618347336432287,1,-0.92844091596284
-0.6898592405024225,-0.7570043523882416,0.5770086748173113,0,-1.500695443756811
0.04291468099847176,-0.7624805535964163,-2.271267928360841,1,-1.1124162411057075
-0.13190171258855415,-2.536628159140746,1.1037367642623104,0,0.8498580106116149
-1.2948063811535262,-0.6860742735158721,0.18511425704920562,1,1.713141492846078
-1.0862697314845238,0.9156803549796442,1.2235989507137945,0,-0.7172405732968842
-2.060181566014477,-0.8512161678319732,-1.0399818121990694,1,-0.4963300735990297
-0.09036444106772928,1.1070557773976533,0.5400487837149123,1,-0.01925908821303779
0.26839828651095043,0.6743570842117176,-0.8108500836288716,1,-0.2713696255665864
0.861137885963383,1.1216785278384611,-0.8037251687175191,0,-2.006802912972928
0.9811378317472554,1.1929881704965193,-1.7330218440455254,1,-3.043798017285281
0.09847901155065533,-0.38197022548288584,-1.8366090137503195,0,1.3737360384187656
-0.40385799071442297,-2.0665233267795795,-0.7424052520258829,0,2.1999584664059726
2.1402327193891235,0.1053269398484289,1.0153612010224302,1,-0.6145392453195919
-0.9266030364543661,-0.5933589774936338,0.31373405506741037,0,0.8808023330856855
-1.356798720287458,0.5369883888616692,-0.5065883873384703,0,1.9202560336554007
-0.46167113887090205,-1.5994946544171222,-0.8961093324224614,0,-0.06580321231030817
0.19456183364779014,2.0330649820836477,-2.270302913866073,1,-2.1693228837759433
1.350053117663414,-2.340437679961075,0.6718885832741545,0,0.007420269385617129
-0.47298472358907045,0.7266568951980232,-0.43057965254563824,1,-0.8484950015384085
-1.6206236844826747,0.31128405688970534,-1.3023568240370709,1,-0.39680246571733097
0.7332177803273593,0.10097257285391548,-0.5442685050464522,0,0.11418470273493081
-0.4517323517031473,-1.0775782837599408,0.34932319730842915,1,2.2295930473421453
-1.0690223297746488,-1.210836704536681,-1.4764529430228854,1,0.3699430190046826
-0.9127473779520334,-1.1625382492086225,-0.2579145198390662,1,0.8589804682195149
0.13095340292340502,0.4991700595568206,0.18117030452647045,1,-1.2342214606938593
-1.7676436507262105,0.6281677726176296,1.2114408052675698,0,-1.5587850450062162
1.4744680405993944,-1.4696287800308594,-0.16718702412503006,1,1.9150760497536434
-0.16959546551771515,0.06636410745204956,-1.596254787026759,1,-0.17598836431607928
0.04405962035919022,0.3000698816019774,0.3763498707398025,1,1.9946741967828376
1.0464228956474093,-0.6457305757155154,-1.3328105073478422,1,-3.7873424545246652
-0.7506640625414507,-1.297129075203093,-0.7586924213992963,0,0.24965854963696588
0.0585803456805668,-1.1137860051135908,0.7120977430967553,0,-1.1712355298929729
-0.08871758293689884,-0.3121606956579942,0.47970517785282785,1,1.1253553375774157
0.47698918267848217,-2.365575970049587,-0.13577011713335324,0,1.6415594041886195
2.442351512956595,-0.32441222549140514,-0.4785804612867577,1,-1.0904850715931347
-1.1017592933715903,-1.8852283980587525,-0.8631118928692255,0,0.9100436357849537
-0.07236749992454078,1.075279999874477,-0.6253948355328449,1,-0.6502763082271164
2.1126856844678112,0.7384931904549479,-0.9332327781672292,1,-2.5485989656580497
-0.9033886819160328,0.37195449123242386,0.5521699764508762,0,0.009228956053837
1.6119085064156429,-0.8150249302420595,1.8024405044878402,0,1.6096803177809098
0.07725691159483966,0.289291135210277,-0.8244105975890123,1,0.38890061323205355
1.0282176418350832,0.5455863046033563,1.1610839269056172,1,-0.41977156500662527
0.5597047795343086,2.4774994804567814,1.0200997009841326,0,-2.3656129249222753
0.31701041473769603,0.3466283835310499,-0.2535567698727246,0,-0.13908257824356632
-0.8924376729648258,1.7160592243301678,0.20849189047710262,0,-2.049404483819018
-0.14918916095477025,0.18416775109983682,0.27038949288969943,1,1.425328131520819
0.6837552286904686,-0.15821949754119016,0.8058378169072105,1,0.9847777649068465
-0.38634980432095084,0.03131064853529621,0.4984446781779773,1,1.6200613018288434
-1.0866663467080582,0.32067093713705547,-0.8297175426502318,0,-5.331280790872517
-0.9823412294630043,-0.6725526379896257,-1.8203246856282944,0,-1.115408072950589
1.413398937920676,-0.4621709974022869,0.6345095721240319,1,0.896455851134981
1.5955825955438594,0.8448137270575282,1.0110558782070243,1,0.19804979701854453
-0.7194187818493606,1.1915370090088813,-1.5633802137407724,1,-1.3244123131874275
-0.0221924776536988,-0.24676208750027337,-0.416769050966129,0,0.24214038098162421
1.2412448142865442,-0.8249144214874005,-1.344749848250044,1,-1.0178673501603763
0.2922366095938927,-0.6934171274231242,0.4270894654582808,0,-0.3415111231127861
0.0660058646169402,0.049353956800307554,0.37062789471474805,1,0.07732459792738278
0.6171086076877786,-1.5838062573695837,0.10635362513587111,0,-0.038242653265513016
-1.1087758030262194,-2.0822695808162424,-0.10039783595827781,0,2.1565390873486816
-0.6849214547382378,0.942566007115843,0.1462679523024786,1,-1.633208949425585
0.7650294357245845,-0.2920393558424212,0.5372408017220413,1,1.0940389427812605
0.20128902733725393,-0.7504710205457891,0.819407907719439,0,0.7188395933895146
0.46228116872644603,0.27261961048237815,-0.22335961476248437,1,1.4375997922479624
0.0914747607264241,-1.4902037399218184,-0.37675748068473836,0,-2.827026390492866
-1.2907781479490994,0.6492485891824127,-0.4154265966854955,0,-0.75096385460973
0.4238476368216276,-0.646347043600626,0.8387573282582471,1,2.8492626137840156
1.2987734361633363,-1.5689831128793765,-1.694651330273216,0,-0.35370509737927863
0.516596132736983,0.5992093201039455,-0.35247290503970585,0,-0.9508203911060209
0.7332479172284545,0.19186985153284145,-0.7909308280159303,1,1.5829186570716927
-0.9379262480262793,0.3386460713303974,-1.3284334201036878,0,-0.20420134190626837
-0.24933977404008587,-0.364020955089829,1.1288691931933794,0,0.44054178817732265
-0.453826275315285,-0.1866139061625443,0.6093228219597243,1,1.3817181957721998
-0.5050371587864727,-0.6580480224545961,0.5003388398801469,0,0.6312562046543913
-0.6189478848635087,0.9681567576786334,1.072910055682878,1,0.32934114381157265
0.5931559241100901,-0.429576967435903,1.064636455178634,0,-0.8009858886307375
0.553531258741302,-0.32862788982202723,-0.9901945238037432,0,-0.5921588087677079
0.8461155719684416,0.7989210569444465,0.754986241080804,1,-0.2536306698922526
1.8034384617586279,0.9360006523065493,-0.38396418328546983,1,-0.36194515759106294
0.17577272999221608,-0.7907072690670561,1.561033478543667,1,3.094789788360271
0.46927003678740353,0.20110187934397017,0.33911106773709837,0,-0.41218318346937083
0.18175314788049945,-0.4359177267673247,-0.2368865188704005,1,0.46845708047440204
-1.6122818589151047,1.8569117516915556,1.1609144660631894,0,-0.7421329105926546
-1.0580105661610741,-0.48863798411747306,-0.7259710993984515,0,0.5573282792491573
0.4707056805773103,-0.6551930581408627,-0.47536782121273546,0,-0.33482496111236987
-0.437141464675605,-1.3536270085119357,1.6790336318709405,0,0.7225950267046634
-0.04911903933134915,-0.42807595915625285,-0.8290286568010856,1,0.3795302397033812
-1.4225701443150534,1.1505771046639424,-2.3749560338781204,1,-1.4455733718715413
0.28946581448468073,-0.23662018550314207,1.0871707303767135,0,-0.7549708562509663
-0.2948756959374504,0.49874716617061415,0.7227883101531684,0,-0.5100205185054779
0.1884105024955541,-1.7765553994795733,-1.3052965148420037,0,2.177942305143598
0.19387747710327205,0.03484748756000486,1.2214702281142436,1,1.0065650202850749
-1.6234675201544997,0.17471117782485482,0.28480379658218413,1,0.06101665503114101
1.1037008105397497,3.0464397967628822,-0.08344571516598392,1,-3.047721654467277
-1.2645444083398867,0.4985812481285253,-0.8313454347006296,1,-1.164239675491611
-0.2975785790035834,1.4117453597150171,0.814237942176188,0,-0.95318174837508
-0.46076819388017914,-0.37003750356014126,-0.060744440029772175,0,-0.05033922467260052
1.0341354600003758,-0.4112017732329869,-1.4683314995507804,1,-0.26697109938183755
0.11002511064358497,-0.07581751028261423,-1.6197422632650749,0,0.03323765662085931
0.9641250685967201,-0.2428277407761547,1.0421642149251074,1,1.4839791943976337
0.2061449855011161,0.9098692495238914,-1.4209798029981606,0,-1.2883034191629648
-0.021637297425890836,-0.4164505538201503,-0.031745687835437644,0,2.5282973647330182
-0.8039284152812162,0.6571426404097385,1.4155482974819886,1,-0.02935488349111226
-0.4686290501164739,0.2771474821494272,0.28639098519197353,1,1.0094958810679402
0.039823887517514305,-0.8811939071223236,-0.7537227996165855,0,1.3700238060961005
0.25987811431618657,0.4722136954652581,-0.16445599272813816,1,0.5515144063887971
-0.6401952141174423,-0.6594135240219124,0.45620294177315446,0,0.24930620188666022
1.4107394301102836,0.31767562981698527,-1.389857631815943,1,0.2334963798006679
0.3045172610594067,-1.381763611566109,0.6813018170199212,0,0.20681195360785432
-1.1063040766640437,-0.6866694213021205,0.9833115474495717,0,0.3451129335247438
1.4902573795519576,-1.7391894405421315,0.830060392859993,1,1.9031186501794193
-1.6819958103427453,0.22854068440186687,0.07527586216661925,0,-0.19309540892951982
0.3978745954057583,2.7953312921354945,-1.473188659121049,1,-2.3743634956162616
-0.541132268905428,-0.5794811417541244,-0.2482924176199935,1,0.7923915024087302
1.5766157426996203,-1.5331469596993703,0.3733795239107709,0,-0.15556598135202
0.8385195924424974,0.779981607449436,0.305574148332366,1,1.125338652166585
-1.1624234720330822,-0.19630478286736686,1.5505428446078184,0,-0.05599313964130373
1.008820044498519,0.6550516938879254,-0.5042561222662244,1,-0.06335431508624181
-2.014866599817774,-1.6806368285940343,0.6072478430040117,0,-1.2437150483995902
0.8383592428327026,0.8140290165082171,-0.5818975389422429,1,-0.9369888145686593
-0.04215892553906014,1.0440560486339188,-2.9098043716010813,1,-2.3146998844090856
-0.9069400248225659,-1.1638041291860337,1.831768938187672,0,-0.03689025604282892
0.9850627727538989,0.36262951546113176,-0.42336056418781437,1,-0.004246021102518122
0.7793011530249265,-1.7081004621536309,-0.7777281266453379,1,0.16730164824127491
0.1972033888135102,1.6162885572955656,0.0785656904364589,0,-0.6435435549355502
0.29039297456566826,-1.390135548126633,-0.6061673410874393,1,-0.222254479036321
0.4076736652094989,-1.3834396206002948,1.2062725608006675,0,-0.6159161340299404
-0.3498880106481805,-0.23382203265179968,-0.33518495277090266,0,0.20349122060712074
0.5646336313065202,0.5515264549191153,-0.42034595158848476,1,-1.4532169154864967
-1.857847382726279,-0.8435161044424181,1.090303482596648,1,1.1596883897565098
-3.3783058199614375,0.9503119320808914,0.6278899032557808,0,-3.210452555352354
0.4676393146474983,1.247244742477562,0.5887719551531568,1,-1.6836735476328457
0.3921994835190462,-1.973882503786446,1.1414091734269673,1,3.1172607513730646
-0.6645877244240975,1.3133570674096007,1.2614136977773909,0,-0.3789551150191818
-1.077236848903781,-0.6663789905709596,0.3586280568055686,0,-0.1012875765159518
1.3227032825309368,1.4831870733184087,-0.4698861208752598,1,-1.6878867083902989
-0.5116182885285732,1.3101493845133407,-0.40629668228225296,1,-1.2918380877675713
-0.602477043062195,-0.8517030070094335,2.1849688753611707,0,0.6441298853019882
-0.9670376240251601,-1.4649641949327608,-0.824883383966252,0,0.7076242398156949
0.7994547607474799,0.48697132202764765,-0.06155692530900543,1,-0.03136557683143265
-2.2103012434060805,0.7000783617478634,-0.9809048448222957,0,-1.9060391196838742
-0.18841748994512025,-0.7984590917410339,-1.8594452222346942,0,0.20483142681438193
-0.7147330443015798,-1.1166909187229033,1.6660234610663185,1,2.177840239105833
-0.14374809581162779,0.677712942775709,0.30807348748840496,1,-0.8384026152951747
0.6686262705936624,0.2516797600756613,-2.13194283433584,1,-1.2043701713390362
-0.4865685059134496,-0.18758492709734512,-1.202354815042565,1,0.020428778210557663
-0.27595105006837256,-0.30448945900337493,-0.3096538272352721,0,0.46340295575040097
-1.8693516344298902,-0.40153374826308974,0.6498215514238752,1,0.6848015297837783
-0.5481179079620868,-0.7247959649322726,0.7114131848821147,1,0.6572507092196432
-1.0563408734633022,-0.7051705532972679,1.0221222477353913,0,1.7900746948543718
0.2309111164672157,-0.3908644415900635,0.0976883170928541,0,-0.03586062694084696
-0.23590552810443383,1.224078567700141,-1.7398633958998018,1,-2.359854539992188
-0.4410960156619166,0.8297163486159751,0.18828350936566488,1,-0.6497171673368369
0.15613522401563795,1.39120907040995,-2.099810180113145,1,-1.9316293312668245
-0.9003161812767706,1.0993114620616362,0.9948850048167942,0,-0.5737776373737768
-1.1357147823297709,0.08693610491092883,0.8490638452171861,0,-1.7328400014452905
-2.591874928410129,-0.5088530407477276,0.7349055662042245,0,-1.4402170710086382
-0.07696814787922203,1.8576614396247746,-0.26328931739744904,1,-0.9147143677516372
-0.00848715829661494,1.920560472124291,-0.6220488092240026,1,-0.951046805675047
-0.06346952337698047,1.254485830751121,-0.5075038750254449,1,-1.6014425550788574
-0.5905217046236114,1.0448268274178054,-0.0814948417231358,1,-2.115075450840972
1.035534544363398,1.4975358160003407,-0.8472532066859083,1,-2.641874495575925
-0.7569939991156549,-0.987407057537021,-0.2352491329205673,0,-1.1331259009495112
1.774771445024047,0.780746288575813,-1.6419020742802646,1,-1.5507721918128445
-0.2984006698080406,-0.14889171775258148,0.4111016390685307,1,1.0411396187350386
-0.8344867976584845,-1.19112156965364,0.34980053332513134,0,0.039828606656962084
-0.4079575176165083,-0.03992596214724024,0.7551933696168994,1,0.4654673708063484
-0.08879907801137794,-0.5876899520106377,-0.30097337626923526,0,1.4716098191337823
0.36422492705803966,-1.8952369205931334,0.13673868839067868,1,0.7864678118471946
1.8591938074130026,-0.6954630322152497,-1.0377938850321478,0,-0.28678217755684654
0.12196828466499483,2.1486021086617915,-0.5935809315049622,1,-0.678607153577821
0.6957732376375974,-0.3101080747969729,-1.06668826461084,1,0.5366904392540546
0.902230274990719,1.8861838430671805,0.025649129026173244,1,-1.5620731834804702
0.4224000307283161,-0.2660575553184735,0.019836651676245227,0,0.6092862594347253
1.902679680584606,-0.4709007397822918,-2.002610173511733,0,-1.3527915792160512
-0.35032952435190357,-1.2498312147446171,1.1102031248960817,0,1.0310297566486093
-0.6405642352059425,-0.9660161997738417,-0.9433388717820991,1,1.9874587426484023
-1.23390873278405,-0.1257476762695294,0.2594386882252539,0,-0.44421708980369723
-0.2889729771287878,-0.37258817046672454,1.2567643210622603,1,1.7050733485564962
-2.1187627551759,-1.2483641430184027,1.6228471502866586,1,0.8347320520851325
0.6052508281143466,0.9787702324269364,-0.7953784089499101,1,-1.2083071901357556
-0.7145331538111578,1.2475130893695043,-0.40620793322107357,1,-0.28109101870207964
0.6296747482810737,-0.7607910511308393,-0.04395267473345534,1,-0.019727091266586005
0.3405207881413492,-0.023516492347111156,-0.45423619918791647,1,1.1257678245344571
-1.216822922129052,1.5907791434579739,-1.7116773261828513,0,-0.20618109489283865
2.082980964063206,0.8173911966033425,1.836543164230378,1,0.566155844981468
-0.7847947212735666,-0.8347795959150572,-1.0773122432984552,0,-0.4788433831645675
-0.8643216538152726,-0.5850117177593772,-0.7053985046167048,0,1.6048730153492472
-0.42819884325254476,-0.733849792345771,0.6098453851274774,1,1.2377966366049533
0.45900156138376874,0.6907241558175404,-0.17348705715181054,1,-0.17601886664854907
-1.0916907712938273,1.301934971163456,1.1106981502503053,1,-0.2188838777109014
0.7887330188382642,-1.4246153915447426,-1.9055749146772685,1,-1.877261872310975
0.12242440519926155,2.356954640441241,0.07487756017670898,1,-1.816173498887237
-0.19870929713806423,-1.1393702801772116,-0.31904261671569095,0,1.8565035447973353
-1.0624504036661464,-0.6109067308316101,-1.1646778425014652,1,0.09698233145412771
0.08647492437627122,-1.8887619778767988,1.3209749138345093,0,3.0475693574589586
-0.2852915796882786,-0.9042600208752104,0.8886579378057169,0,1.27049449343734
-2.044650786356941,-0.3933833372485437,0.9464062028070769,0,-0.8438980110358673
0.2932725340864974,0.7043688778947591,0.6991265919535683,1,-0.27633425416652596
-0.9549774061713578,-1.1725548072317884,0.9561672475656161,0,0.3303549974097472
-0.3366837793707064,-0.35203600875492264,1.3323408236972367,0,0.1432317690741498
-0.900054332965019,-1.639599938956837,0.10183374426463976,1,0.3810176168511692
-0.37373994360567103,0.27739069426762936,0.6288216396834007,0,0.8379081890589252
-0.4826197048171694,-0.6711809702951163,-0.5631969043790552,0,-0.6033823045957147
-0.4041037358229277,-0.19685759036547992,0.6281212437100713,1,0.7903872834712218
-0.4795576036610387,-0.07295786844272535,-1.2925602586435607,1,-0.4708563106302702
-0.7038170368802097,1.3731583148335857,-2.1634487386185857,1,-1.3062323316689795
0.9813553448545718,-1.0960351841954188,0.6865056916304224,0,0.6912669114204392
0.41533186727317417,0.42733751082638766,0.23614342800715823,1,0.10041445167854252
0.5026451184657768,-2.4483543871251183,-0.8362193145634036,1,3.248239066374111
1.2790349547846536,0.43717319773195623,0.9617545496206771,1,1.0457323669211798
-0.5740797723921159,0.6724143129531155,1.8241137637901705,0,-0.3002526908003503
0.39879259054239263,-0.38892445703013456,2.057445714458763,1,2.0774021817787074
-0.577661120492356,-0.66850809834935,0.6009582986588691,0,1.4831906128358399
-0.8862967688644503,-1.854497310884107,0.3677864156074987,0,0.550676063949146
1.271716427514705,0.656647892752385,-0.11116980746695529,0,-0.1858646993386961
-0.8980426854370613,-0.8047401173355578,-1.7898786199360326,0,-1.1104629578402234
2.4367042707008935,1.418646656173039,0.5738841131958083,1,-1.630783308880304
2.339419415896663,-0.2045410517999114,-0.6007176556753966,1,-1.5404127177475804
-2.1990312750373615,-0.8050122365781696,-2.214724657610065,0,-0.05665321783212662
0.8807365714224208,0.43559537378469376,-0.03178188916961081,1,-0.42529473316794486
-0.879453019786741,-1.6463925804313155,0.44731457161448385,0,1.1853931307959682
0.5338549927225598,-1.28913470733771,0.12785825103560094,0,0.15697900093636313
0.15598846300327357,-1.2958564959184475,0.05653478513603527,1,-0.851701692588998
-2.5713039557202544,-0.9728417724409699,-0.8216981243457865,0,-1.8340663870462601
0.07825626046412644,0.3428896157924698,0.29088718545777303,1,-0.1875465274748021
1.2898758036215385,-0.21623340177360967,-0.46056464208898185,0,-0.4894586664869033
0.2219495164396724,1.486701552342038,0.4134041117590139,1,-0.9045055147232559
1.8640059158322833,0.9011992817434714,-1.5502026361267167,1,-0.6573116868881981
-0.7450062151876581,-0.40606728811915144,-0.4116144879881371,0,0.4649812902796614
1.8824148875418243,1.0594135205219335,0.35444326409707416,1,-0.7285093467095453
-0.03334419821331829,2.342710464055802,0.8339891789222798,1,-2.429904394915459
-1.3305531435232565,-2.24344942864197,0.7895671963420171,0,-0.6878761593152333
0.5357948219461336,0.11449333917840186,-1.4010528795300865,0,-0.0017917487891879746
1.7007088312285177,-2.590817234815465,-0.6263498970313238,1,2.3912593950053393
0.177383732670357,0.6959967903754575,-1.5271783428390489,0,0.3796288772694856
0.21971648196402116,-0.6689755434813451,1.4486622377509146,1,1.4043925166192381
0.10367688514977508,-0.4844905728981528,1.2500906763907258,1,2.6168211061966713
-2.190293539939402,-0.18217170063570465,0.9314931622089042,0,0.8952047378716367
2.031079517603636,2.068866264169781,0.8052171264712791,1,-1.8849255764259922
1.9033862872737035,-0.62963612438899,2.0261146159971823,1,1.1928211575933398
1.498549415748564,-1.0432188708859311,0.7787016636203047,0,0.05715507924858243
0.4311140899882478,1.6568308034338193,-0.9204223237658592,0,0.40384907644042634
0.10192485877776894,-0.11952224299991021,0.4718996246120733,1,0.3765345968920345
-0.3152539979674902,0.31509428312187276,-0.5171781012016339,0,-0.5864435669721318
1.5847369280933918,0.8264550843141425,-0.2262553615636225,1,0.780277163992849
0.8267670333025422,-2.3163386057893116,-0.03354922575619956,0,2.160893282747071
-1.1574472408081993,-2.463255430853242,-0.7035310767236891,0,1.499275337575316
-0.46264067003757026,1.5155481117842466,1.1704156040844254,1,-2.4398680096179066
0.3557780043899124,-1.391382677175877,0.7449080592483464,0,1.3539432464759908
-0.5482145906788486,1.7403078041918356,-0.6575453586692137,0,-1.8407655608978923
0.7054611526121046,0.5681181587053243,0.5187480960782475,0,1.3277523738058954
2.0207140473929583,-0.36938953744138237,1.3094908841250454,0,0.24653004348181706
2.007027234381187,-0.02059467964628622,-0.8056625378544301,1,-0.6225389052444767
0.7037056977054853,-0.5950168566990709,-1.1600057901030068,1,-0.37536407541164857
-0.8866956282659619,0.3664458465492608,1.3704695846790738,0,-0.9788272213223783
0.9876791079327726,0.5609181716254504,1.6589528604089763,1,0.07640652566907757
-1.217832924329929,1.526928825651901,-0.15681475392431296,1,-4.264607755487925
-0.48253437717641945,0.09869138427318012,-1.176785407147136,0,-2.410843707093261
-0.6776924374477974,-0.9532755106569494,1.1155039574609342,0,2.8607816440340823
-0.22150115648316573,-1.2624997744903586,-0.3926861669235924,0,1.1838332037277057
0.3336981015489049,-1.409254330857158,1.5085672496535434,0,1.0134259505805494
1.0897315827789928,0.6358963522426624,-0.9579751099648149,0,0.7742225867113844
0.32397225317556144,-0.009628115378579298,0.13794234649430268,1,0.9912169857843427
-1.6351199312347813,-2.259800686827615,0.06777577497638698,0,-1.1585596974080592
0.635186820294512,-0.442505830303506,0.8704912906449028,0,2.8340186655696282
0.8161022301164726,-0.1559233079565611,-0.4111347067252555,1,0.8831584391839776
0.8525441171095299,-0.4542592288747072,0.4801301189880351,0,1.0640447608170231
-0.6633188228175585,1.711752317054066,0.7511969252455298,1,-0.30823773384625675
-0.15879206011572816,-0.6385512013356116,0.8593785927167136,0,0.416408845880076
-0.4328099584029045,0.8908399261851675,-0.6157179208907387,0,-0.09442454142863166
0.8844480662718696,0.04569365055234708,-1.3390697756601169,1,1.308176456343716
-1.8607540822853883,0.26121334214635267,-0.4424298098824702,0,-1.6595777260318112
-0.4644651642266837,0.35141127219564444,0.43178708582334663,1,0.10639074317221142
1.3608434184154983,-0.5418741234867273,0.7196685531017352,1,0.8143108977062277
-0.4677206726338463,0.8867649065928254,-2.198876082987556,1,-1.5397944091706166
1.3676420023223945,-0.4296808897080891,0.6743506829262881,0,-0.5303393668857151
0.8259490463803059,-0.8162844863771074,1.4542319286187855,0,-0.2057644511529878
-1.892726090744174,-2.3566159678390686,0.24289101038677982,1,2.4401644127332656
-0.8689498021791634,0.6816470547922365,0.5377458939656395,1,-0.17555647145960007
1.9368980230737098,-1.4126320766787936,0.38267268895767736,1,1.1584596276420955
-1.7168595187413649,-0.4675210815883109,-0.40198060395229684,0,0.09959481491900324
-0.6096845018498825,0.7106390907413165,-0.08035027574728427,0,-0.7271403040245177
0.10494133628210447,-0.8878953010954963,0.13308007459416524,1,1.5856732975558137
0.26274593171208344,-0.4563385637995652,-0.9840318506754793,1,-0.020991868844919603
1.6485805288379463,-0.3274893446328809,0.2537803796358528,1,0.09085029314622528
-0.9849259206912685,-0.11891370489345629,-0.7165109141582257,1,-0.11400295351884654
0.12715440714917756,1.7381933050839729,2.5888400046043603,1,-0.10891361652224352
0.7644791448383285,0.697088159393719,-1.2417593657020856,0,-0.8781580886838807
-0.3164345384837742,-1.879890846461513,0.5575388975329857,0,1.1912370462884707
-0.9095356179628994,-2.0863556462441655,-1.0232657312785343,1,1.5759994669890331
-0.4679838702178159,0.5363555302377202,-0.7479136631828976,1,0.816743513244223
-1.222921465772533,-1.4165857103691477,-0.0228396774642887,1,1.1471867152172996
-0.018975843275670857,-0.3025083370738592,1.1104267397101528,1,1.5179493561224044
1.083582266564287,-0.24937085575600823,1.6606070560252495,1,1.4538808296436876
-0.5243836559450579,-0.19509938516085673,-1.26568203832866,1,1.8226531689541146
0.6659331403452996,0.7064480657634962,1.3405786754580267,0,-0.6852422708690027
-2.0335286972851616,0.7615858483696908,-0.34503673601293183,0,-1.3293331604354828
-1.879404818766328,-0.17994915591200722,-0.9320172938768142,0,-0.9390778202600965
1.242360217324116,-1.0421107589458407,0.3689691521113384,1,-0.06695286554549029
-0.18613078356401136,-2.146193373846022,-0.8798510160799424,0,-0.16915674446240692
0.4193349647928997,-0.9120080983692875,1.2011378508657005,0,-1.3260285517463244
-1.5038294405419628,1.3690473639230625,1.5179072458679008,0,-2.1614609527422175
-0.9705825890509873,-0.5039676634237684,1.9859282869074175,0,0.8192506855808437
1.1677765927166985,-1.0187645271930388,0.28727280498506075,0,0.9922398014002466
-0.0595158477059934,-0.06524748550524809,0.5509761521874753,0,0.4420474247114935
0.6271851009227474,0.47314263516921606,0.3254143275610591,1,0.06460319273752585
0.010502126254843615,0.10777163229322183,-0.2123286872167961,1,0.9817547692165725
1.1600194880921253,-0.05989899323582801,-0.4549729789041519,0,-0.9605245537147797
-0.5721317579419812,-2.3322437890639653,-0.49300764204079783,0,0.6391944655329396
-2.3246750285921083,-0.2914672703898455,0.6894108582263735,0,-0.8087691307707243
-0.9782713846679173,0.8505543723560338,-0.8731988045576833,1,-0.46891037679108105
0.5362255120998601,1.6832240033111074,-0.04833842579839334,0,-1.7762111689408275
0.2481641245507761,-1.6517062813341363,-0.3414480498519625,1,1.545181455472568
-0.2837488869932348,-1.6917975722123284,-1.1629126797515867,0,1.2905092601220585
1.1684384710939804,-0.93126989549335,0.1795844215806246,1,-0.6922539575219548
-0.6239627042306389,1.3867778036792229,2.6646240077462533,0,-0.8612040787068947
-1.1876120738544895,0.5408007815282448,0.6296314924379021,0,-0.4289487414881552
0.8602170162987389,-0.8464835246654239,0.013630855487235432,1,1.310673295626261
-0.7138726634563296,-0.3767571979514752,-1.112941997095894,1,0.22072189000619963
0.21955932669292413,-0.4798908760836551,-0.5971365864950272,1,1.9808612470678222
-1.4759664982225214,-1.253080650734611,1.6577577624512176,0,1.6762898591152393
-1.5150413230263151,-1.2834648412825034,-2.0828884690557774,0,-0.7349862008347299
-0.6786030697214528,0.7666533608152187,-0.2715229217020854,1,-0.5187585158704122
2.2108426212728793,-0.023450245415892062,1.2142297932711832,1,-2.4449238017172514
0.46076418728538626,-0.5052387783959251,0.17619307416902275,1,2.624617671498653
-0.293395594640803,0.7316541343454199,0.08711902072585179,1,-0.40661498542161967
-0.42491000101477067,0.2644244299358825,-0.8914769946609309,1,-0.20412025862705513
0.22392286554619947,-1.192260150054408,1.3901882501612743,0,2.7237949755203026
0.1286898364445479,-0.0035511812981907608,-0.16457838476127937,0,-0.1982931984356546
0.7124330203201977,-0.23216033710650325,0.4055860639319085,1,1.4663197234728726
2.038136953286192,1.4136410530829329,-1.702256528280556,0,-1.9911173806479883
-0.33442759114913295,1.7017405279786226,0.8908567244301921,1,-0.8777093009045822
2.6547498690616855,-0.03475435512189591,1.5114869196768588,1,-0.1192323531321009
-1.9364635256372484,-1.7415760054395564,0.9310857663960238,0,0.3376939281062927
0.2206639941814508,-1.5209805187175085,-0.32132240034171067,0,-0.6844764360713058
-0.7347033388576478,-0.39828049177909114,0.29384406634648563,1,0.039425793216005256
0.5239610336347269,0.5572363266345559,0.2506349318671644,0,-1.5724553188311894
-1.3465811833901866,0.23948066947517996,0.09648145091445014,0,-0.767077662972086
-0.8339415889265352,0.398770087346506,1.442648140520471,1,0.8027913651148423
0.030028618895724703,-2.0897893095260622,-0.18010266126569846,0,1.6679812538553644
-1.379486669349002,-0.6189022550682861,-1.1959509026356978,0,-1.575862298968652
3.147821283241987,-0.7103429141562929,-0.7231581466603694,1,-2.3415062271170277
1.1685909102208334,-0.09583663499203304,1.0881832948357701,1,0.8482031053320795
0.8281845870546302,-0.9459060323192922,1.2240471630135248,1,2.2880966788263226
0.3949577144977871,0.5265063495344662,-1.7622847161796227,0,-0.9680894879148538
0.508774149764312,-1.0672095509415571,-0.4169405579073895,0,-1.1815324409308765
-0.14671339489278015,-1.025878563712641,0.9738846198950836,0,0.7582221177263696
0.2514635706511138,0.4404782550455712,-0.2579290136191109,0,0.8760302284907241
-0.23817349266045224,0.7086656491813351,2.42476230518887,1,0.46951582129913366
-1.0584455163394633,-0.128012630200902,-0.7141335501927996,0,0.2779549705274773
-0.1889357035441851,-0.576271663717048,-1.438479699065052,0,-0.11476992950748222
1.4603965935409113,0.5130495939919034,0.41785386314184,1,-0.1157278637962813
0.3301696099251964,-1.2565640403660485,-0.3880237047156389,0,0.35276725949805854
1.643898637997348,1.055639541819363,0.32326043165910245,0,-0.5528690406854964
1.021744879874816,0.5809635913324663,-0.05853671784907598,0,0.07065095075857097
2.294506018606842,1.026016371243333,0.5365268161698195,0,-0.15398292693004678
0.23353053831582618,-1.182507737537401,-1.1361933814230802,1,2.2924934642145005
0.1778296471857671,1.781355558926419,-0.5363130942346499,1,0.21386506978437136
-0.4072949404138623,-1.6613559865699425,-1.4248800566753226,0,1.7348153010145548
1.2374940854038339,-0.3621346758317762,-0.3060292829415006,1,-0.0005504128768480943
-0.41954600126672625,-1.1619852069247345,-1.1438159212274115,0,0.5595639018368934
0.6632556833256636,1.0018315471116421,0.8507658896614886,1,0.09579272133059075
-1.7063388642650443,1.0767066385895812,2.4360497303262987,1,-0.7526574618934353
-0.4566300076222906,-1.2590951049302805,0.15467716610250964,1,0.779488524876542
1.457572316750053,1.3194656605492874,-0.007083583038243903,1,-1.1884667907478637
0.5353385219584254,0.6105888585179353,-0.6235296349237078,1,-3.2303877900717413
1.371342345385974,0.5400267275671424,1.1952073006660693,1,0.5180938927991995
-0.5067242258509396,-1.1562749380045885,1.0494559841713051,0,0.960085134529564
-0.21308960943986335,1.0412007955739884,1.272214684530667,1,-2.7661042661709554
-1.6842753263579673,0.6204010295548961,0.6467065857718824,1,-0.8181151429246266
0.0009992657127509451,-1.5224136636111278,-0.47513309664312836,0,1.997050959270767
0.8409709838594811,2.282700805043028,1.1601251539103556,0,-0.9781111224478803
-0.218468165740855,-0.31104670797625944,-0.4306723877740287,1,0.7218913070158561
0.10541406143187686,0.2865832367149331,-0.11929156034887106,0,0.4718988327309916
-0.9476772296827833,-0.8456307038789516,1.398148031822698,0,0.5726473124245854
-0.8482616818985721,1.1837917109169898,1.1528702481114472,0,-0.8043151800304803
0.016487317824179348,0.9548560316480739,1.335358509766662,0,-0.44891667327612866
0.7897587295057411,-1.404337812188141,0.48738261040370207,0,-1.0477994823009622
-0.3577535202398462,-0.41842866522166994,0.07400642649505358,1,1.2692763092471204
0.716853858615961,-0.29738284327402764,-0.06341878504920807,1,-2.1187183049834326
1.171687086261581,0.49856120202963333,-0.09731038347142933,1,0.04932244902709848
-0.4730895348819523,0.9077930074117152,0.12063032437359433,1,-0.4636636055304517
-1.1542982215909845,-1.6711167392105342,0.28097357682285234,0,1.5313416951396808
-2.2522582861007017,0.42445361035560936,-0.8227423249186316,1,-0.6077655050955398
0.2514287559052773,0.6137335590350861,-0.4303808502982099,0,-0.25498336568932806
-0.7300543061050095,-0.4653436516353652,0.6633119602400266,0,0.6344061627731594
0.09110548408229241,-0.3424334517768368,0.9048645123024319,0,-0.41453167596962026
-0.6710217253547835,2.255784079817036,-0.2944436258382298,0,-1.047797829851934
-0.2477521316251737,-1.601481739319192,-0.3821706605854241,0,1.1628200100336141
0.38657690269731915,0.7445324982355485,0.1913889331226585,1,-0.18064427694639323
-0.3634289256622862,0.8618454874810066,-0.4621302403371974,1,-0.6173845248194276
1.0288354334745726,0.8915815139593235,0.09606238212543328,1,-0.6082209792309581
-0.7900721382213357,-0.5118446669775383,-1.5972554447787424,0,-0.30175728984501105
-0.6366562809208537,-0.24762040256461773,0.43488936695967617,0,-0.7070655114050837
-0.4094008287292764,0.32499978931930684,-1.0093576792866148,0,-0.9284059091671535
0.4334432414383877,-1.3309675514695494,-0.19015858152530765,1,1.0838547258728128
-1.0980838502524712,-0.9854186439151603,-1.6137388321244577,0,-1.2293966849926563
1.1521749878488483,0.11589314748194775,-0.9193139494020243,0,0.16230795486624638
-1.792791194766001,-0.16723321557442525,0.7205217986700464,0,-0.06433235912191165
-0.17514303411539622,-0.856511044351611,-0.3785410057780397,1,0.41078612061796305
0.3466140234911681,-0.02730864840467364,1.4279873857778227,0,0.22588372680405147
-1.509280162547058,0.3480664445521193,-0.257139062646801,0,-1.4016158858407586
0.36627416645023125,-2.0725126062927823,0.39973707698324035,1,2.3954846209440777
0.8289434333773635,0.5221234860436124,0.16243935388150332,1,0.41160468650152093
0.2339609967766238,-0.4472911491310684,-0.18370496722134144,1,1.1038946429308882
-0.06858494391765318,2.1752864246011683,-1.325404848879927,0,-1.517831568820962
-0.08980287039667242,0.29216164410501344,-2.583481078368068,0,-1.2145050652638252
-0.020719369106818847,-0.07078189346966902,0.9878933934355363,1,1.8258128001410252
0.9538746192604729,0.6207095857183554,-1.811732587893888,1,-0.9042590790296388
-0.26381399495587887,0.6419399234561332,0.3962774881725852,0,2.4134155686757346
-0.4930481247014775,-0.13635351183789512,0.331478742236418,1,1.9952478447359496
0.8700590687059452,-0.609429957233285,0.9860858105779481,1,1.7146791813473847
0.593055487478399,0.6553137869895418,0.2267850311163953,1,0.27399692975438916
1.0547723701858929,0.03161326037613343,0.01092652300574973,1,-0.5398627684413849
-1.1376820161697374,0.7629393183676422,-0.19928315869585397,0,-0.590876584948752
1.117104762301571,-0.052026347169776735,-0.6874139117099484,1,-0.4286683434071804
-0.17293023319343265,0.29245395669765073,0.3831420452796724,0,-0.8284533191137684
-0.92668265902352,-0.11007563296330969,0.9703080149386455,1,1.106113096954522
0.7678662498832456,-0.2086154307463239,0.03836223652847827,0,2.428120334173479
0.3330967289547293,-1.204752204401016,0.8138575482122493,0,1.363841866745576
-1.083839622836006,-0.9280334154633854,-1.1932233728217092,0,-0.3697045509060901
-0.23534262862978175,0.31930280066836625,-0.2067833501752957,0,-1.7588457808836793
0.6391165565584743,0.642334942787742,-0.4227571659094085,0,-0.7955402866051021
-1.7724186708919925,-0.8871339766432244,-0.5010624526125378,0,-0.19677392414052375
0.5454650814609122,0.16575157890137485,1.078836672108118,0,-0.25812152063630756
-0.20927067915440192,1.3817134729096914,0.2832860613363131,1,0.3330798604040519
0.5150064553571003,-0.9672300203330579,1.2813840599980106,1,2.4311888769154217
-2.227212655983716,-0.3963676951435403,0.3547169295889024,0,-1.4442090245037968
1.598248936722595,0.5860434783112782,0.1521786840956915,1,-1.478124617978612
-0.6126388121699317,0.6908977507353746,0.474523640435896,0,-1.2272815142990476
-0.5846183575036382,0.027652068755275407,-1.2863001865750847,1,2.1414218397701665
-0.24001820646307062,-0.872170352938759,0.17327504967990615,0,1.3508646372795057
0.5491673552086828,-0.465523904482521,-0.26765489963509564,0,-0.019431296851535912
-0.14234886235822414,-0.014993005353062357,-0.8531719521653173,1,-0.6428883311220035
1.5541894267150047,1.8182032302275772,0.1363094733295859,0,-2.158893248913751
-0.2354841970711421,0.6399084095673,-0.8030596800207622,1,-1.734053777558779
1.6447274013414663,-0.10626819580426071,1.0379236775046068,1,0.3849251033665659
-0.20320042108276243,0.8479230768371497,-1.2643481715126716,1,0.28892040346326303
0.006399756764930209,-1.7167436759324992,1.9718501551927783,0,1.7152628323600416
-1.5919462680806649,1.496601922805456,-0.4212277995282916,0,-0.5211492816525113
-0.8051860075266163,1.02993003755761,1.4202555572174385,0,-1.578000816800297
0.29481682756661426,-0.37327388287578667,1.0826341699725637,1,1.7818312424552163
-1.4536193257708823,-0.609123817835688,1.5510666026117461,0,0.4437960765918146
1.6895970698146114,-1.143938633045218,-0.04668295769551205,1,0.3353598300943804
0.21479833854575237,-0.949165512826635,0.1831959885482363,1,2.534161107877053
-0.3569778503492223,0.0856854291181499,1.2748825410218905,1,0.7901501152228328
-0.08947034656855166,-2.4955406558216464,0.6836440845104593,0,2.043943410747334
1.6742488575386238,2.172661516603938,0.18129439404624048,1,-2.4275452761443783
0.781920494082445,0.7548017135286221,0.3112511084227865,0,1.0828579054775853
-1.8999672352172603,2.507655138919597,0.9909974268149391,0,-0.9057610023905851
-0.4186273167853506,-0.051654572266351464,1.1848369554511446,0,-0.5228248160708304
0.9186208061538298,1.2483958837899833,0.5722315271951434,1,-1.180860224932375
-0.8511638769155653,0.15410642253609966,0.1422814974027946,1,1.9817408478499186
0.3575587417769611,-0.0068356752747296004,-0.5871931178352326,0,1.6596484201073722
-2.27309542684266,-0.18984658592066223,-1.7034718404410703,0,-2.450822605545473
-0.5886784069273416,-0.9846288940913518,1.4333172604065074,1,1.654416553007144
0.11027547542371377,0.8834548603292903,0.3934363753509857,1,0.7798155511360019
0.7261242308715109,0.6145677244761368,-0.8692650250403451,0,-0.2485652089323187
-0.48285014006630134,0.7935166439898009,-0.5867803924287628,0,-1.4451888083190019
0.9266637747403811,0.1477795263246605,-1.0494327197893214,1,0.20034389790812923
-1.4890909189542605,0.1422121816464076,0.8314911443510391,0,-0.008453163683703746
-0.18690954925715858,-0.4137348358530371,0.5319674007550882,0,-0.10249670190419247
0.1843298530189374,1.554351808945216,-0.32428819535805287,0,0.6379538078944013
-1.572285650916123,-0.4703984944587715,0.9726906156808871,0,-0.7862895984418709
1.292649949291405,-0.7931688013221193,0.5983718809711092,0,-1.469058385677399
0.2917528213242217,0.7773724319307114,-0.15613012281288985,1,-0.778029469763992
-1.1074903745751576,0.04747876726927543,0.01469531857417016,0,-1.4196267377004956
0.5533058660220288,-0.3642924790558308,0.07966460440162348,0,-0.9247383409133598
-0.8372839418384364,-0.012768752419400719,0.06071673157258612,0,1.1793439342766103
-0.6520130705560024,-0.3474691135383638,0.45448405150978466,1,1.4451505592772356
-1.3715142564124576,0.723027284033336,-0.39387367640150667,0,-0.8924862833366513
-0.3617354257846716,-1.1273106672869757,1.3380540201218973,0,1.9936982518072408
-2.1991157567824207,-0.22982719063141663,0.3206923273875796,1,-0.40608640486246783
0.21564256771912424,0.14594337792190024,1.8672779061582143,0,0.7202866468347469
1.8521582284601286,0.9956153823221382,0.02463167766754473,1,-1.259615741203957
-0.44631585578423233,-2.0641423144492452,-0.24485190377448093,1,2.0127934249216453
-2.305578677547338,0.06326496674066728,-0.6483426915109434,0,-2.847302071031603
-0.48022981601583614,0.5480599282064187,-2.2603008639708144,1,-1.1384995234601183
-0.06982550649222818,-1.3804773837677926,0.36214272568330524,0,0.02061876670220153
0.15182494000866575,-0.07410101952116033,2.3109248425373616,1,2.8041027544886723
-0.06626269379466766,-0.20273487431962217,0.06249551610060929,0,-0.9818042496858453
1.5220886048551887,-1.587243354100609,-0.7408434021974973,0,-0.25263443812775377
-0.18877292827354977,-0.40957591768987167,0.2590017126319379,0,0.8203788810276584
-0.3969428521187948,-0.007798075022196912,1.1346099820999307,0,-0.7645600092025566
0.34881457395232324,-0.15721061892439334,0.6699944339859222,1,1.0658109952772161
0.4445315705222947,0.34508374647527756,-1.2223255075942143,1,0.49611056942548687
-0.21391456983609927,-0.29247265765501107,-0.6891074512703008,1,-0.06458231468205583
-0.2442125687179792,-1.793943490957336,-1.1783396791406704,1,1.395291244513105
-0.6516838194732355,-0.8172586532627731,1.2450545941892621,1,2.5526238691680687
0.7290862445034916,0.10486446948089001,0.7892829117866358,0,0.42648843881375487
-1.5552717553133097,-0.31972123342052994,0.6199104217965017,1,-0.21443385361172718
0.11668923401725127,-0.0645233766598752,-0.24333603970774703,0,-0.8007817597698185
0.8875584764226782,-0.6021197211457271,-1.8792551882360713,0,1.2616156282106217
-0.05673875824726703,-0.9111853976576408,1.4501915748276488,0,1.4657970802233082
-1.7426187102068804,0.15340992323418495,0.6964419868675186,1,0.29497341957163953
-0.16486441852812828,1.0512384002979682,1.0040432329890288,1,-0.4574052977230318
0.726894075260342,-0.8973722139627246,-0.840825883466821,1,0.8521761580991266
0.22723934434071735,-0.12240029410258348,-0.30405548558881895,0,-0.12113613333618715
-1.0843671937600106,0.17759512259243562,1.321506868157559,0,-0.5183450259975141
2.2854574569225288,0.5580608939111124,-0.38588912812392184,1,-1.301422777594269
0.9306540575935757,-0.9268584500985193,1.2657967341049818,1,2.3783186358833266
0.15247986536770342,1.1280893588269416,-0.6319384162763891,0,0.14905368351171533
2.7728710213685908,-0.4597414510615088,0.018916111544205312,1,-2.91798354438035
-0.29265271785321445,-0.8812714826468074,0.8905983293579516,0,-0.808127151476274
-1.5122406232230736,-0.5394056650275231,0.18623864724086509,0,-0.14694076411278167
-0.16717128230525885,0.5405983661052628,-0.06637455961422267,0,0.26827260345870496
0.06748698813722104,0.7827800728434071,-0.7913937036667409,0,-2.9073135849507015
-1.5734125571645121,2.0482894279356247,0.7136115365497797,1,-1.2083572320974962
0.6914599091111667,1.0532183593539446,0.27816802220033304,0,0.6536667004061285
0.9852930623412964,0.29109075235465093,0.27085452052973547,0,-0.6374087189944219
-1.4233707200733683,-0.752468932589758,0.6888016901579649,0,1.5685521849779678
-0.6515166675759476,-0.793302637275245,0.11905907890118833,0,0.19559889956036824
-1.225880103101535,0.7845556025439234,-3.074530369716489,0,-2.1783640783490528
-1.3056389595265823,-0.5144238096382737,-2.3281083507069638,1,-0.04641607567573136
0.4402550486588439,-0.21217084596953245,0.44536076740821867,0,0.06683750411784287
0.09019702117990704,-0.6965071492177545,0.4640844150488172,1,1.1394609698249611
-0.22140759497397527,-1.7372048999198666,-0.3071283310268058,0,0.19874330951898855
0.3080847036193516,-0.20798010379292176,-0.1914427267172441,0,0.09603374334407154
-0.38874862859558923,-0.2678524807859656,0.1313199129012905,0,0.4937591786496781
-0.652791878154664,-0.22335283950272544,1.5784867721146714,0,1.0613166989736893
-0.39988904221631655,-0.6493821636861663,-1.969196265085333,1,0.8930295295261048
-0.24970932297708429,1.0244186773285306,0.051394247968688404,1,-0.04138328424363867
0.017887362690840125,0.48942437197965105,-0.3458586410902099,1,0.24790066236383843
0.511050629185058,-2.025028332012251,-1.3917699241609662,0,0.33457916993871895
-0.7338201104836352,-1.2156669312862227,-0.9410361662297253,0,1.470381769520493
-0.29374478872514825,-2.644953033541212,-0.294800105707876,0,1.003870348343716
-0.5769650680082941,1.0902614480306816,1.2343168931732134,0,-0.2563585283938334
-0.626773871190574,0.7145497803565007,1.1315013949593224,1,0.1336649670151991
0.7899016046970383,-0.2528154984966807,2.26310839673068,1,0.8820187987837221
-0.7096683976363626,0.13593824810714156,1.8024158017158223,0,0.41022708519793283
-0.15572354779559697,-0.09771200108241049,-0.16820472132753614,1,0.298837663713347
-1.0225986181624567,-1.5365368681643616,1.0007961683309456,1,1.7740603700564137
0.7031777003281438,0.6225363304422366,0.18235173213954256,0,-0.2811246517293229
1.1010713024625505,0.8906843719735581,-0.6100382692013441,1,-0.6510312123526922
0.16963615178700292,0.16400956849862958,-0.32632682141204905,0,-0.5243391723564363
1.9366044978141381,0.5747228367204349,1.7116649544077178,1,-1.131195349347239
-2.108810798412961,0.47049296307304384,-0.5867152823339599,0,-1.0654573080655036
-0.6942316613557111,1.5732922237187694,1.9308653092153054,0,-0.8884499059076061
0.6552905521072878,-1.500560283598878,0.15985188076734091,0,0.7607637285808196
-1.5589923652879358,-1.887480043500221,0.12133802945729417,0,0.5920019026939801
-0.1686600244807973,0.44675950649355856,-0.27936295998866295,1,0.1630190737744296
0.07132602046546374,1.236874561682626,-2.283489812096995,1,-2.6835521017647546
-0.2491832915764341,-1.1654233569676549,-0.3277182675013061,0,-0.053050153441340286
-0.04553522562256034,0.6281873466136855,-0.028190345109536417,1,-0.35337925151547955
0.849414686363401,0.8079712403103172,-1.252850304837811,1,0.4815935440945787
1.0831520167678566,-1.7780355960013183,1.1464170543719354,0,0.590797818406843
-1.4115222146074682,-0.5777923223068715,0.2953681771597076,0,0.3741265687906775
-1.3226014280487055,-0.7888555694674343,-0.4642984300797032,0,-0.2915240685783121
0.4439689561183711,0.19216531404400444,0.22366951377791575,0,-0.5148924123546842
-1.1769673780778376,0.0745587662738934,-0.5001140066972587,0,-1.022694945359767
1.9106268464094318,1.451867857892291,-1.2949088392387318,0,-0.27921300527832194
-0.10321437588986161,-0.6679198316768354,0.005102612590502463,1,1.0725337887717405
0.23049754611116052,0.8974360343382616,-0.3297017455688725,1,-0.23249218042897832
-0.17655206030319096,0.826796205468067,-0.8052543970518631,0,0.11220314683745913
-0.3678123742382723,-0.45019092918218245,-2.0167692286787364,0,0.6108170707664142
-0.7324563000493662,1.32950235228498,2.292057376560232,0,-1.1325289312755027
1.6880239171963218,0.1121610041951425,-0.5626713232066941,1,-0.8608411894187238
0.36465315060056,-0.791439277538179,-0.6820939578484992,0,-0.6373135473880553
-2.0175231004583267,0.7285072845041133,1.1470111383179937,1,-0.06758525599655552
-0.6366455810258583,-1.3895405100131446,-1.1071520824416898,0,1.8025856751258316
0.5305564264944276,0.265554170328315,-0.7345042821470745,1,0.034620600441692684
0.41969565090661903,-1.300739789404768,0.49033918109658764,0,0.380441289873795
1.2282608243518314,0.6370399577918434,-0.2762582169144809,1,-0.7613712539047304
0.26875660583177413,-0.21166769683866152,-1.4295660963240149,0,0.003370620269823821
-0.254476244520485,-0.9561773972882445,1.4131487144676185,0,-1.581013153963022
-0.17487161139742652,-0.7405630706964015,-0.31872660382989965,0,0.11383316940773944
0.29149711678012713,1.0065524447244643,0.9961447476469848,0,0.36613487007608303
0.5440022698959368,-2.013115837145577,1.165879113101453,0,1.7590757334413816
-0.6400141910879154,1.6563663874311503,0.28237051476142844,0,0.041053187943287495
-0.32589846888601637,-0.748607800178387,-0.47937031418819825,0,0.6627304749090122
0.5696122925578565,-0.39468769258439695,-0.754209998298909,1,0.721436821638507
0.14384367564568892,1.120098856575188,-0.9855241498121737,0,-1.4978697725275634
-0.10494919406997687,1.0312732262257405,1.0782942227004253,0,0.7980366811109826
0.8393099209575109,-0.6498630749803793,0.7504582915386663,1,0.8422286181813945
-0.7411941979169708,0.022625451571193347,2.052021394220856,1,0.715175335527045
0.6046089792790238,0.5247948542962552,0.48535060741358216,0,0.809708913302413
1.2234406270079534,0.23883200286697848,1.1843938495381197,1,0.36255888115098256
-0.007221451836827675,-1.1279477265094802,-0.5164906081998655,0,1.7573582270897503
-0.09019596475004751,-0.008176808862568344,1.612978967989767,1,0.45160780139524925
-1.057149153860268,-1.5227180537725284,0.45867447783549814,0,0.07010167968991554
-0.36685487259493726,-0.9318139754458656,-0.33189200302703464,1,0.7344777557433434
-0.6615107374909754,0.413886136815418,0.8408499073238378,1,1.021706337064695
0.9998350253575597,-1.3039045955066029,-0.11641628435535532,0,1.1496644316670437
-0.2603878234972727,-0.67721088860979,1.8349249035994697,0,1.3653202829755027
-0.2846689731543289,1.3654724059236956,-1.7744232239694622,0,-0.7027350497027285
1.0808554344295003,0.5551645285971142,-1.1892102192692309,0,-0.587823732567197
-0.07705812778566497,-0.5030056962634333,1.0373864832724717,1,2.1511958264012363
0.55174965196101,-0.10989241924056739,-2.478579834655867,0,-0.6736028828383371
-0.35934863253585253,0.5271936314533523,0.4975653968257406,1,-0.7077066328197983
0.38675324594033383,1.2933107961053372,-0.5979919267631627,0,-0.32564575532710116
-0.17594198455757956,-0.9437060503575768,0.042133301979997234,1,1.9637224909123285
1.286063779924522,-0.25302756171079005,0.33525006550816316,1,2.377767377489134
0.23185374311620394,0.15916379686875384,-2.221148698643659,1,-0.17327756996399163
-1.403739724110971,0.7850599905937501,1.8681508421271613,0,1.0550243108557544
-0.48709572068247553,-0.328078489995531,-1.325348164018654,1,-0.953459012615425
-1.2634988835876904,1.3432532145942282,2.2550737123225195,1,1.0056111635287768
0.5394065039587306,-0.0029323438275754565,0.41804973447424837,1,1.439769565668004
0.7863484934754852,-0.5469697091475774,1.1103770350131434,1,2.654198127370426
0.2571902606811787,1.5025894683069394,-0.8775811998102465,1,-2.0122536335899572
-0.5052142568451553,2.643810003037019,-0.5970245298375101,1,-3.225444350872853
-1.138835147550651,-1.8833392653486989,0.013257171920175576,0,0.7098716819366626
-0.04624580989987505,1.4069559367705748,0.014766017597018274,0,-1.5321138335416957
-0.6666211354553445,0.06258431127272103,0.5402299142027788,1,2.141287765866807
0.9299550796627631,0.7678618787878175,0.7643624408654789,1,0.5389185010052477
-0.39000109621469126,0.8607608330478718,0.28752714593966006,1,2.098835834862292
0.4569445904142489,0.07934502941676139,1.5449170449324259,0,1.5749183273602145
-0.47977295765214445,2.625760207344431,0.10743926649066772,1,-2.3869201095306183
1.0938323900260782,-0.0002028285020945714,-1.7377101470389666,1,-1.1083577620344185
-1.0158219762259706,0.26875165577561666,0.5414198442211189,0,0.05035274703854514
-0.35487329748933516,0.5070169779155298,-1.937995656103164,1,-0.3951848804098598
0.5801127995685185,2.418562015454329,0.8989757178696339,1,-1.8041045068287176
1.6761776233097645,0.6057229634443009,-1.222915157636897,1,-1.335409792245448
-1.431325752363569,0.23899309961948462,-0.1273378549020966,1,-0.7161767553200634
-1.271382584961192,-1.5808200254985334,-0.548761081065596,0,0.7775690034661643
0.47024186552249186,0.04289382168379107,0.27424866563318395,0,-0.1991208812094909
1.5795181348482883,1.0298589343043725,0.613289400579699,0,-1.7557675940243824
0.8401173124975979,0.7749303500977482,0.401456037323801,1,0.28889803993538965
0.7164403256393284,0.7590883576210312,2.2737379734889545,1,0.5400735748968595
-1.0669501905496,-2.4118069283799692,0.5111023922465956,0,2.199153847410872
0.26194831708127286,0.48119641236674554,0.5153187513078562,0,0.2146615381549867
0.5110509879343542,-1.1542592799318656,0.44349623743062766,0,-0.1323369050738925
0.21274698010187362,-0.7971442851567664,-1.8378456250846837,0,-2.362130684044744
0.3043553712341252,-0.171017807820202,-1.465551490198752,0,1.8475134025511948
0.7538708738151534,0.21697295059210484,-1.009286935169466,0,-1.3609837950845132
-2.4350623337606,-0.1634229743395233,-1.2453179492671684,0,-1.7714813386631167
-2.037213067756645,0.419822039090513,1.3196643281797078,1,-0.011422924696397385
-1.1896467622111373,0.4200336364300387,-0.6238869438896819,0,-0.8746931401729907
0.0864060464559192,0.238760039534835,0.3615183032745008,1,0.41599919863572893
-0.38939181072930323,-1.2702624303907153,-0.1289961590576539,0,0.46986776295886507
-1.3335417717923606,0.5595719246584139,0.893825637884628,1,-0.08924717931755355
1.6200014567046792,1.615178354789892,1.2201520351943518,1,-0.8657967069199644
-0.20765337431435324,-0.0038308631227125228,0.47576011693309117,1,0.5037922892064577
0.19640845783570648,-0.949158816829785,-1.7906992579232035,0,-2.7100576556742335
0.9340146439147544,-0.11396069046450077,-0.9603324659261198,0,0.27291674542012245
2.12996672621398,0.40154558915197075,1.1060811706848586,1,-1.0596615446730562
-0.059372598468860026,1.7051196259623456,-0.3326715312757551,1,-2.1581396424877566
0.1853817523545074,-1.5495632609850716,0.20064640413135212,1,1.8147877526580807
-1.2452923148119632,-0.6847859831175621,-0.1749966143816475,0,-0.01027461854762822
-0.04775016472006895,-0.5977287777501648,1.2326932995190283,0,0.00951700066849892
-1.2606549549434172,-0.09497714185172863,2.101386747972306,1,1.9580506369569728
-0.4534506986361352,-0.9245327560670511,-0.8616140773775847,1,0.5304098311253604
0.7620356358032825,-0.6890000029503094,0.21699250958132402,1,0.25147017198816324
0.35773127831167434,0.6782225717139521,1.0540836811153518,1,1.170479545494639
0.9473527885598177,-0.9635001856306193,1.3314024300696188,0,1.823257485414949
0.2512758510796099,0.03196791834879942,0.5569623718654295,1,2.988398983758646
1.165534522499248,0.7187529271844615,-1.2306306156180888,0,-1.284868561264238
-0.9823053388680124,0.1273281064544377,-1.2589863097643723,0,-0.07682371875618832
1.216565807433494,2.051066284949895,0.9014477980654487,0,-1.7052229026068857
-0.5720015398579555,-0.1798439948027738,-1.1025954793151895,0,-1.2189736642148519
-0.37748413222627136,1.0810261832556656,-0.05807480535442862,0,-0.2801999596048325
-0.31302722349810824,0.11888733337160809,1.040540792481835,0,0.010256166961795349
1.831828481505509,0.8177593195548524,0.548969321083982,1,0.0573916771470272
-0.7553158997673116,0.22961130659726922,1.023235201213771,0,-0.4253376159253513
0.48123808973857846,0.5652208653536717,0.4287016435461256,1,0.36749837988557765
0.4184362650713393,-1.347370271435245,-0.540726767941379,0,1.256381847850028
0.09712006199088688,-0.9019660444409285,1.3368964811815678,0,2.05862457612944
-0.7905883322918046,0.1471736057126276,-0.8296371197361647,0,0.20574068506144794
-1.1461767692012084,0.8325712728110919,0.7495778487630006,1,-0.22399562832628928
-1.1521797447713973,0.26858454271612003,0.0643763038823986,1,-0.9323260599623386
1.0871083938613049,1.4398281313834966,-0.9240651891270341,0,-3.8365982652828947
-0.7912207865487701,-0.31032063390500586,1.0566284967195738,0,1.4642916540920374
-1.2125718372322847,-0.6708015789044234,0.8728608977173421,0,1.1952002536605368
0.9539627952352223,0.49793093825535967,1.1232921613641604,1,1.201873292121809
0.61304184566186,0.9684374603172103,-1.8288182925508187,1,-2.2650248345996986
-0.03760168452016572,-0.37565167367672203,-0.187630520255652,1,-0.3403116249775029
-0.5327630614277886,-0.2916737636974212,0.4911310945455816,1,0.0466183865564096
-2.7411961077757008,-0.43726134331773575,-1.1390909584386701,0,-1.1650357937905291
-0.7875715967331114,0.12273908124617137,-0.3013352813494276,0,-1.953543013008864
-0.1810922813868478,-0.3067246565567752,0.541548099677224,0,2.8270067321516845
-1.0844318038984653,0.10200675704283876,1.5782832897553583,1,1.4881977076368522
-1.083017358652772,-0.5680094299325401,-1.8295249965690323,0,-1.7997434717383944
2.044592830797293,0.6946368439656457,-1.4906259315507058,1,-2.1048295147180154
-1.7179543222859397,0.8047148312723871,0.08172418589090605,1,-0.5532704574937666
0.2813065680964333,0.3375164203593398,1.693917430507866,0,1.2174156718327536
-0.8170990119409387,-0.751850696543218,-0.6768988402792572,0,-1.3915971778407952
0.17296365012558418,-1.2310702431154372,0.5676279762219041,1,1.6247968321408564
-1.2348256250013476,-0.16831586172584379,-0.2956492010993802,0,0.5284083151122466
1.1758352235148224,0.5245546443767497,-1.144999346885205,0,-0.3264106677002704
-0.35812068631550775,-0.15897239661438134,-0.04635481393943007,1,0.4902572225880164
1.6865730326495951,-1.532791892692069,0.8431594708000053,1,1.7200191713575728
1.345130987638051,-0.3701442200873208,0.7267356978335916,0,-0.09580467176126355
-0.9340949234648162,-0.6507990751790271,1.9867565969646006,0,0.5780736568203731
-1.0324592853589927,1.2489689828313177,-1.481363880581213,1,-1.9760836619087512
-1.3350959309054247,1.8865273219669703,0.44473468524982457,0,-0.08639371574446497
-1.0199147705833032,-0.42080944559323386,1.7704497382883222,0,1.4032975580345668
1.2080158960501202,0.3300701756309429,1.5544476315699782,0,-0.2420073600729707
1.6068663803359182,0.8106151446777767,0.3105276725242949,0,-0.7705983455320056
-0.6154193383769261,-2.2466617729119545,-0.3968538451828121,1,2.2858738329617188
1.0706443192492319,1.192208542797822,-2.678487748353176,1,-3.7108104613549657
-0.07173783163340065,-0.33866043128801604,-0.12452801098477023,0,0.5543333916451954
-0.2932702569523467,0.4140881484016458,-1.0405774945425292,1,-0.11389031460400201
-0.16687385024239768,-1.7466731430802667,1.0441463886346953,0,0.913158323473037
0.7743040154776809,-0.8349800903297483,0.13537786911137834,0,-0.4757555589738567
-2.032183845798558,0.13129249500481607,0.809830697358933,0,-0.10685589938077034
-0.3864991181785988,0.371682093318881,2.213385070928482,1,-0.009988890527782956
-0.6338786469579957,-0.95645240483179,0.1496930789172506,0,1.2780453403318082
0.8036869347621592,-0.819025793841609,-2.0745335334448844,1,-0.1355709684011639
0.7340179136500198,0.0165045580438062,-0.0036198784351748592,0,-0.1792432870719235
1.0021879302121177,0.402656236642947,-0.5569137569856706,1,-0.7983323026498714
0.632738843975487,0.9171570698405699,-0.011717458220213016,0,-0.6552495306513898
0.3500110064229144,-0.20455097510830347,-0.7167036212326571,1,1.5874760227230118
-0.8287439113074684,0.29500298869827113,-0.584553567798211,1,0.3856422054004921
0.2566145297404632,-0.34956957919102755,-0.05410661126876353,0,0.25923617995962156
-0.3763549848542749,-0.6613455883124009,-1.0507244869924481,1,0.4068119676146589
-0.5305908435698022,0.08606306268131571,1.4009187213522494,0,0.052877522642788305
-2.2346942180698903,-2.269517342679363,1.5336652344353245,0,-1.2801225051568805
1.0808992381936662,0.034034083700784847,-0.9768730874393036,1,-2.023703598046934
-0.978452280267093,0.42946963114611425,-0.19870046154798654,0,1.0459961145320964
-0.0365934639412912,0.8695943332103507,0.2540731469311605,1,0.6814171471378901
1.8987884088173301,0.1732607946976768,0.06319406012407454,1,-0.8881594571713929
0.9077801570811336,1.1803217895184632,1.8869908429090927,0,-1.042400434859351
-0.4735704008530504,-0.9611225332933273,0.5486142764587917,1,1.2444806733173297
2.512911374778421,0.7192819797730271,-0.060744037749099186,1,-1.3221926130634403
1.0508510629908188,1.0801435991077064,-2.0425538746570133,1,-1.7919590364642042
-0.8404424982386236,0.10413884344391912,-0.7896507882972873,1,-2.7607664060293855
-0.455684981410891,-0.8986505036914942,-1.1897634775396972,0,1.436211776577296
1.0507390071281655,-1.1952152434112333,1.3706214750947532,1,1.6460801552115765
0.8514031570098232,-1.5289645724126364,-0.7562623507700432,0,0.5306273139430875
0.4157851627110948,-1.4981244668660103,0.6609332788383627,0,0.3782014633672815
-1.2057063859499582,1.43306962122332,0.5815737501922039,1,-1.3784258865839312
-0.08963317467683748,0.3640185273050935,0.2892607133214076,1,1.4350242103745634
0.8604402863951394,0.33997911325590596,-1.2180343447850805,1,-0.34972685446811086
1.9161856602767249,-1.1090901767387373,0.9167212162123378,1,0.3888748054699789
0.17284442949457027,0.2714288584539889,0.05750489596014284,0,-1.414294870175225
-0.18890149999279804,0.5904386129297448,-1.213730145721607,0,-0.5173600917532666
-0.209276447354302,-1.2799565570392635,-0.6790667802000084,0,0.92741497289589
0.5231194453293639,0.8038923991716594,-0.4589672790819709,1,0.6665444702618639
-1.811607036980483,1.5412403266492694,0.06533334724472728,1,-2.4099367129588463
-0.3984165217601749,-0.6769434779325362,-0.5554065791513517,1,4.6734060572178695
-0.1184416464373537,0.2563264134618211,-0.6512217818027233,0,-0.35796939295854463
0.36674769609432006,0.07509829418465791,-0.025426218009276472,0,-0.42382068666568085
-0.060921880520210095,0.3980633063898215,0.8449317949979916,1,0.6873033234974016
-0.2417356445998195,-0.14137779415831753,-0.9503382027860335,1,0.1136709400272316
-0.4971436914748793,0.9088949672581089,-0.4096462443593991,0,-0.6473035742683476
0.08136333231973684,-0.0830711767609424,0.3435248171296602,0,0.8764798944222338
0.5345335209916396,0.28007203795133473,-0.44063682898000706,1,-0.5267182072156381
0.39197985664397067,-0.6185204229556764,2.0922545367873284,0,0.854449905199116
0.9996478368884123,-0.7844841273122147,0.2298314391582623,0,0.2187051964930347
-0.4141857300757899,-0.2749887316893309,-0.21718424364045022,0,-0.9594010421952851
0.6225354786019006,-0.9811447105692502,-0.3533757642651856,1,0.7727168854529114
-1.5199633807527906,0.025332844519035023,0.6933544423522826,0,-0.612900688337099
-0.3216115808277043,-1.5020184767013682,0.11426925111683199,0,-0.03179734876125617
1.43569692935135,1.8166391645902897,0.4229939484885846,1,-0.8982767933452858
-0.880482785124735,1.1572216496296455,-1.1249303521969791,1,0.5941015218309262
0.7157102422666715,0.9086259762849811,0.5336749584583599,0,-0.06437708213867738
-0.6216526602956048,-0.5887162483248677,-0.2305650674443743,0,-1.5528632772801223
0.13917662612159293,-2.202432223279807,-0.8342134970971599,0,1.5808977484472357
-1.5311734120716585,-1.2212362972574364,-3.0224030823415546,0,-2.548219263686427
1.7764100341124418,-0.5654984316094515,-1.651476583646057,1,-1.5710980197493263
1.5255804224124732,-2.0288765302582616,-0.026499349542359284,1,2.2591304627905795
-0.7069877630664487,-0.746280830422002,1.4957227028304148,0,0.07212764885649714
-1.0094744454248603,-0.16564920357556281,-0.5880084102375478,0,-0.5427462060336862
-1.6018498150928215,0.054372911392533835,0.4843951576355165,0,0.007977532653409503
0.24506393580708005,0.3359147661818556,-0.3159766922565979,1,1.1442710313374156
0.22730637483972654,-0.4366992685035887,0.6013088413170825,1,1.1343718071646314
0.6028292662177632,0.20288896123111158,-1.2242313504708475,0,-1.5024766417602726
0.4679868821596149,0.26962307108197964,-1.7613451887884772,1,-0.9614444960587263
-0.9569804652255717,1.8243994467192741,-1.4738498377942137,1,-1.7681950873691192
1.1062860490368849,-0.599337371883847,-0.36859179764649225,1,1.0589944386746186
1.5985588147157375,0.3672563061554093,-2.10337833208515,0,-1.265176914482724
-0.2801747599093085,1.1358845477256918,-1.472005839380462,0,-2.218434259172121
-0.5585685990144752,-0.6998850713981944,1.983278955817946,0,-0.18650249609121372
-0.1910916678731864,-0.3893590443400924,0.8731534771189227,1,2.482671258511278
-0.3600596061027046,2.6480258450555287,-0.24733629609834118,1,-3.286378677240183
0.9042751987998058,-0.1886168970256058,-0.7881821250329539,1,0.31510438975727373
0.9369707153210407,-0.2760817720303481,0.26756819658235154,1,1.0924399966121854
0.6514820687842333,-1.5209243626765392,0.7901749059665988,0,1.2149597020781948
-0.28015440945951126,1.1906722115620885,-0.693466683926868,1,-1.4958947700921468
0.0783432744360217,-1.2612294217030542,-1.921336879227763,1,0.9828172934273325
1.0498142464418447,-0.7907393142122939,-0.2938421640805265,0,-0.6725128605611906
0.6575080780975089,-0.35623221395675797,0.19501179739940905,1,0.6476756280882984
0.2429865402845157,0.12910002155844974,-0.1394580442982136,1,-1.4076432128083205
0.3784550717649541,-1.0169609473663428,1.0183258985782455,1,2.6619273844034863
1.1759875889722669,-0.3201335680597046,0.8495991589527719,1,0.3961859010530494
-0.33912428803319405,-1.0193086173459758,1.1280628658095115,0,0.7089525286484124
-0.9916170305165253,0.2838490968880052,0.6021095004456294,0,-0.370020338293766
-0.3188986809773735,-1.2697395391310415,0.1816386495599502,0,-0.5176461154880015
1.9262373283365497,0.20080166375374556,0.4185332540147218,0,-1.7530991427907523
-0.767566576452065,0.729408663671422,-1.1980555797663512,0,-3.711159722678831
1.2540245422390512,-1.7208342508325725,-0.10672194858482895,0,1.5616582052368682
-1.0712262930845153,-0.439370495850059,-1.1709590010719724,1,1.2135044419704595
0.0627512637667881,1.3220685975235855,-1.0699471815932677,0,-3.2438734941108827
0.6972874103322145,1.2278607263977868,0.7802553534788029,1,-1.1913608444712023
-0.3471737515578022,-1.5575333760641543,-0.4628337834147421,0,-0.9739283509749115
-0.6067963170641433,0.12268941680296908,-0.25801809849730223,1,0.2319881261554223
0.44187971235107404,-1.0060830300525825,0.5502230096748025,0,0.6617539050703183
-1.010372152467057,1.2891629805053397,-1.2396651143933979,0,-1.904423996858089
1.1170993547270396,1.0642536126704982,0.006701576866195127,1,-1.5968975683080495
-0.5605606781040906,-1.0594597034011684,0.3226240907294016,0,0.5991595369728667
0.5190281128112105,1.7084365817061027,2.3584553007476226,0,0.0548312355900607
-0.5593774352037553,-0.04367375578079471,-1.4412634811604395,0,-0.6508123959844783
-0.09251299672221241,-0.8120640673173247,-2.4812738188015215,0,1.1159495052531447
-0.11283052779280822,0.49646642115679845,0.6969703781648289,1,0.11947530283470997
1.009926215707908,1.0877509789720152,0.9250395595094045,1,-1.1340169706727585
0.6140658457623333,-0.018345380703164396,-0.9764087600093864,0,-0.18323823192871772
-1.1257479895799132,2.6242714411325956,0.7590687412962117,1,-2.567136114235399
-1.417956238699548,-2.380991701678831,0.03515965809157765,0,0.3251165299544548
-1.154079350081331,0.5107779933227083,-1.343012231946902,0,-1.4946021923917385
-0.8143371275389509,0.8920815261855679,0.7751604553704241,1,-0.3944681947837461
1.0715068068904183,-1.8632019661283405,0.5651026365594538,1,1.4867058360625032
0.18190917749935798,-0.8571405447615937,-0.4498409876112954,0,-1.0382008546503292
1.1152049631864027,-0.3683617293038256,-0.04820296317727869,0,0.4344056613063533
-0.7715412872300708,-2.2493770723015944,0.8393270654651314,0,0.7195827726808605
-0.264253137080082,-3.1101533788532523,1.210997920569458,1,3.762301320602723
-0.42758370586275496,0.6432065919745448,-0.9403294800019121,0,-1.4856490212067117
-1.5311267907454247,-0.5549966442339436,0.5479963687538016,0,0.13190480282258193
1.2200845983412547,1.327027618922197,0.04280113251289103,1,-0.42693326100745765
-1.073314827347126,-0.9015619040764186,-0.47301413194711045,0,1.491207057226526
-1.2297256913164267,1.7670252874634609,0.1433241242622426,0,-2.6931889538888987
0.30845255201723715,0.18563425026572367,0.007263361956519149,0,-0.5299834925839166
1.0433807386410652,2.510771608221853,1.1463409549510641,1,-1.0319409432678892
0.8173388962354986,-0.09308605388368833,0.012712552443954065,1,-0.01610518875027589
0.5239142143659692,-0.7228333740848701,0.2174763259026042,0,-0.09668494313815362
1.534018089122508,0.6379318384061713,-1.2909961457679275,1,-1.3756281163110977
-0.587099894638308,0.9043153690080252,-0.7157436619042516,0,0.12166906867760685
-1.6699663520761647,0.7227282555540928,-0.7004877098923121,1,-2.7548829234256753
0.5605949790218266,1.5516037220557168,-1.557044405737232,0,-2.2042395175142184
-0.3419576175769094,-0.40325852607103835,0.13042200232879522,1,-3.669458053190411e-05
0.6398231803993638,0.8884559846939081,0.6949207790845267,1,0.8188333063410596
1.9235791599887408,2.01323913014773,0.18432427236051427,1,-2.3235512355335994
1.0850703879079404,-0.8808065081032024,-0.29336332825548617,0,1.5057150884619106
0.3534060194686834,0.018685177876880222,0.13249237874261652,0,0.4943682895023652
-0.5409907547402812,0.6257436072663528,-1.2323565420079186,1,0.10302117571845298
1.1261489192298755,0.9458417765844052,-1.7291688821801208,1,-1.052260019177663
1.0905857040063334,1.277562019455402,-0.8524002156600453,0,-1.5686235094632088
0.8371157437475147,0.6154023548327799,-0.11536838190691975,1,0.5090367466869519
0.2894197653885178,1.0384026591112476,-1.218090114810699,0,-0.32348733052130696
-0.8702404842852206,-0.93573925999135,-0.334721604401793,1,1.6641290814131389
0.3080299066356435,-0.7807280138933858,-0.2370047684810393,1,0.8268062229367301
1.308265924155607,0.09291730405719335,0.29014582160793223,1,-1.3300830944198958
-0.6576447187281727,-1.0726347872977464,-0.1591225368073437,1,0.11805141514836315
0.6728256432633102,0.5759370674414014,0.5440722157782097,1,-2.2156113570562264
2.053058533608323,-0.5560475673361337,-0.5210726700540207,1,-0.19124259847414204
0.7262754413598643,-0.1113018349751239,0.5506285649095712,1,1.0501454776082197
0.6604263185684998,0.37636834313919726,-0.8426150708827401,1,-0.7751363245405696
0.22201632741449753,2.203802651741405,1.2828047050711828,1,-0.04920536689391425
0.803876580795742,0.03462838680836492,0.8466190563010715,1,1.2903766496230484
3.143601211693461,0.5823489536857606,1.222430379696763,1,-1.8019180353950628
-0.6768108360847217,0.3844070344766154,0.5329251343588985,0,-0.6397864178557409
-0.6280800826127865,0.5107390968339002,-0.46311046063223593,0,-1.553291219497972
0.37881057948887414,-0.3321452419132158,0.9361665277738257,0,0.8593668253719835
-0.9434313162569986,-0.37458295051171797,-0.1613344354185215,1,1.4688713309390211
-0.7660344349531975,-0.8750027518183008,-1.8394823357494559,0,-2.1037463872957978
-0.9312746211889182,-0.9965816088368925,-0.28135435799030956,0,0.6818879227001
0.05502048844001784,0.14023193119381377,1.0637638610851583,1,0.24217863127604233
-1.9990680268536838,0.171662514736227,-0.5538158926084564,0,-1.8859816341836138
-0.6613089727397856,-0.8639963315747026,-1.2548694938985983,1,1.092815071180104
-1.1296374498573918,1.363916878205367,1.1320602467229661,0,-1.3765452431197
-0.39749976409128257,-0.357215134449585,-0.27090230288502176,0,-0.1452353611378681
0.47092164710544815,-0.562097964192261,-0.6270575902982144,0,-0.7083054482163128
0.4666490361808073,-0.8811677036375755,-0.9180918511249552,1,0.5044646646912457
0.10465105597857555,0.4918028120983705,1.3556691447084102,1,-0.004952977891532817
0.5559921374119555,0.12351641955323443,-0.43081810574883167,0,-0.26512814384127686
-0.29589455887723537,0.8466422486088792,2.0110240346936843,0,0.22351845842413678
-0.07669358361823657,-0.6199420491815841,-0.9352414778751719,0,1.35696617985468
-0.7573899243991514,-1.0842226046371242,2.290300240462224,1,1.2680499534945924
0.15197463829410413,0.464819804522546,0.13797209101667282,1,-0.32196665264999597
-0.3365530213902859,0.2575399389344981,-0.04865939044079875,1,-0.8866465123987296
-1.6676329614904302,0.5927041261446997,0.7240861358302192,0,-0.685147702352547
0.02407322846407,-1.6299115465054719,1.55941314392496,0,2.577508594155203
2.247947084571326,2.0201140266279776,-0.8940134241473697,1,-2.247918330213588
-1.5662908183068371,1.5916115290041077,-1.3922579868614786,1,-2.5437965243245637
0.06504174083674949,-0.46128866774605276,0.5216002093249728,1,-0.042671637885834834
-1.7903180171894546,-0.3806912511531871,-0.06493628856703416,0,-1.092502460707025
1.559009582039146,-0.016951631955590404,0.8136110862646982,1,0.37769604280646263
1.8695151797863863,0.2719156796592148,-0.6036783844834266,0,-1.1420324123840486
1.0769223605587515,-0.07770437246228452,0.5080231371011331,0,0.6097398341476407
1.4847362664265116,0.15272951982891675,-1.9696827788218367,1,-1.4486126044581684
-0.17948307343192843,-0.17779362052766215,-0.1468100909883914,1,0.09739542609792223
-0.6948310174490747,0.8207201662727552,-0.5662452420066026,0,-0.3604338486659484
-1.3603916370186022,1.334092010987373,2.143633727317526,1,0.23205435312683442
-0.059826812628119674,0.5336780921392935,0.4354902358241053,0,-1.696798397721544
0.8952799854257307,-0.33694053213473985,0.5280830451993944,0,-1.1209617194852122
0.43946872462528863,0.1980707407978344,0.2643494951575097,1,0.5713621944042573
-0.23599900446566197,1.7854128876094337,0.489492009756523,1,-0.40531402672061334
1.6867742510062207,-0.22282716481524453,0.6124239826707517,1,-0.8393183102309583
-1.286850143941733,0.9911347962926499,0.6159877432685522,0,0.9447250241224738
-0.8348576555303332,-0.16364111946851487,-1.3055854986141988,1,0.5116792768480067
0.9359789483954448,-1.0828175451347963,-0.5887175646347819,1,0.5982894466663479
-1.9089469030795445,0.6155694292544229,-0.7602765028087554,1,-2.6441447977924986
-1.288960302707305,0.9878480382986685,0.5982529883126193,0,-0.6565826844551476
-0.13802941398213803,1.8578234037800236,2.182041856373228,1,-0.37336543001023814
0.601486824442564,1.6332966807303775,0.4035643721866072,1,-0.5396858074420258
0.6076739641439486,2.794607826451084,-1.3640419548724345,1,-2.9839876995744126
1.1867431566497997,1.9357801795113476,-0.9377874567423554,1,-2.2506044586438594
0.5269624459753551,0.45863867051641355,1.0223941147863227,1,-0.644409749419754
-0.9505405081459556,0.010292492045157128,0.5748649896453963,1,0.24049391254567432
-0.40727670123034215,-0.2739508690915633,-1.2329064129329554,0,0.03566568607159959
-0.46601947261251575,-0.6151056066971462,1.3090677743552592,0,0.8078483227643464
0.8081745378477735,1.6046213881981106,-0.5643961135135546,1,-1.5072514895743259
0.6970392284858852,-0.8931154786574463,-0.3178240867772466,0,-1.824133620414383
-0.45002180435599776,-0.736333335490614,-0.3654806214716042,0,1.5799577822152293
-1.682005470049077,0.5374142994163655,-2.075671154793012,1,-1.4210443411845657
0.17772946784586183,0.8405728945474702,1.372139343113364,1,1.790386364071642
-1.512081014810771,-2.020638462534025,-0.40557480355381037,0,1.3438402923312558
-1.0815514868778011,0.0456436009904042,0.41386440427761806,1,1.2101066090377983
0.1456549621224979,-1.0404778487775277,-1.3596409296248062,1,0.8747648622992232
0.23952630197167224,0.4233288669289729,1.0257166514491074,0,-0.31156998952174036
-0.7710174865674185,-0.5622595509009716,2.545715157651067,0,0.2020726706316004
0.0004152687717538776,0.8609504267063267,-2.3037832968065017,1,-0.017933761405589665
0.32423086545121704,-0.7100648709802679,-1.8105792180204479,1,0.27022854786241474
1.7343996635693304,1.1041459017470434,-0.01751558669251858,1,-0.4288145304792989
0.7254537938855685,1.0229500076765108,-0.9914426678348188,1,-0.4937632190289656
-0.753034932758659,0.2734235038575817,1.4244897977082005,0,0.22981807521485814
-0.47365881196828236,-1.5597743430840045,-1.666011761936451,0,-0.3230015695138334
0.29167360324647423,-1.6147872182708067,1.2744162892993476,1,3.282199242565157
0.803680022361143,-0.9406267711177392,0.7114629526679314,0,0.7732943734063844
-0.03423430445473413,-0.5435051365618668,-1.2624589083298865,1,0.5832967187075249
-0.12565299502624294,-1.2663543227232705,-0.47948881357834366,0,0.7878466419416731
1.4152891323832528,2.0437425063200103,0.002326667521515679,1,-0.44432721341642867
0.01728626930253894,-0.08305910705719799,1.5542792943925685,1,2.5947313819497713
-2.0023460279701566,-1.1615396183167763,1.0773337382370485,0,-1.485628944630585
2.734375008496215,-0.2041438863667274,-0.0856801573149001,1,-0.46543657652803894
-0.3510294017606666,0.22414155694945181,0.09890584236541125,1,-0.357735141250258
-0.48603319271891937,-0.15442064115218723,-0.3537802304664486,0,0.5517560646100584
0.34470229968322547,-1.3763835412402337,0.7978201086457202,0,1.3723700060283535
0.09951484829476655,-0.6402629520670617,2.0348120395721043,1,2.455837645565808
0.8184104045500066,-1.1001373752181085,-0.17407598001246402,1,0.8192884336027837
0.0800505450039757,-0.44176332773378435,-1.0041344041920104,1,-0.3212126738635193
0.6535492690021198,-1.0137094909644506,-0.5671373612018175,1,1.1265455395782698
-0.7844509949208494,0.3333251531892971,0.32995312527408055,0,-0.20900616794366328
-2.3427200976715357,-1.0331642999860589,-0.9850727254274461,0,0.8366493334440928
0.36547957233707534,1.3386817252079444,-0.6288931603120569,1,-0.10590742823362839
-1.057917683497093,0.04123715339464443,2.509283092192617,0,0.3797798267369693
-1.5841272711120253,2.331322942208353,-1.1260584619054588,1,-3.3212800440127657
0.1409728023225828,1.6469915529206982,1.4212132722249717,1,0.4395827242675458
0.11506578721267925,0.5216310940733083,-0.056013961395598104,1,0.7216284679616665
0.47266236334161554,1.3241542069749956,0.22350419886422992,0,-0.23312791516391945
1.0480252814442397,1.6937535437821962,0.516208972573219,1,0.055389577552769326
-0.1982756930945741,-1.4098234428572671,0.5791442059775056,1,6.171572975308864
-1.6257824825588338,-0.22799705966548003,-0.1163244142314422,0,0.28896961349035255
0.7642096576068909,-0.5584660088625303,-0.3351206011689857,1,1.0080071223277263
0.5986250378145048,-0.2775466403956827,0.25106842372289795,1,-0.5658686026982435
-1.0807859955006431,0.2524083949220666,0.13390265182221325,1,0.4316678277115557
1.8725799662432685,-1.2432398744507733,-0.8977186999390149,0,-3.3422937106643342
-0.8254682159741884,0.039320482989537706,0.6162213271385176,0,-0.14015520597072054
0.9981333051236971,0.47729181759150924,-0.41144794079857,1,-0.6742840763466691
0.6906165182119209,-0.6701040244052262,-0.5909806741190775,1,0.7489294740139962
-1.0161014866241258,-1.560163692095886,-1.1058343509227788,0,0.543793693132935
-0.49197472398991543,0.36820218617461414,-1.9990602394725694,0,0.2231668901084779
0.6007152568954238,-0.3324316945738645,-2.7939130167834896,0,-1.6132567697933298
1.0384545668429177,-0.6728310146641011,-1.755800655553774,1,-1.0350479547858145
-0.7079177097681001,-1.8278037423298443,0.32314805504969174,0,1.4295650125064805
-0.65464077582314,-0.6129709310270866,0.2707583187133428,0,1.5295323382298225
-1.2848137605466141,-0.20287672085439995,0.7613979615626275,1,-0.029078703227819913
1.2795542965238087,0.2827091144096883,-1.500071033635753,0,-1.6168394294324617
0.8853292118467245,0.5720961092201837,0.2766184547758771,0,-0.6617492469675418
-0.12275205890364388,-0.9763504986413367,0.6483784310985933,0,-0.4486161015227095
-1.2942718001580875,-0.3935870871126969,-1.3860232396921621,0,-1.349685117696895
-0.17929748394703351,-0.7465530552107822,-0.4927586985354695,0,0.935186247141501
-0.012974015102935551,0.10260356727460787,0.8530286637098579,0,0.5617009825305608
0.4697212562660085,-0.6270830712030574,-1.3235375547243118,1,0.29291866479637657
-1.8189817436249704,-0.11611463919628723,-0.4317818928001734,1,-1.6862730714754692
0.7000770395380732,-0.9347811040529522,-1.3635577841802722,0,0.18049030706403865
-0.28710894907752427,0.46969014488752264,-1.5001560511626868,0,1.1040844617678167
0.9712028635713423,2.1221133905295613,-0.6308984572452248,1,-1.7802391600336804
0.5474992806513871,-0.6561186570382008,-2.575294814477582,0,-0.33808571076944866
-1.0313485237271054,-2.219225415698946,-0.8540584007073139,1,1.143536487977653
-0.009285307890011295,-0.5082473528954145,-1.1432617349774628,0,-0.9009054047906848
-0.4970257458355788,0.019627768779832227,0.7834799929199852,1,0.791471415020389
0.1772327653184838,-0.9168676119792926,0.206291751052184,0,0.4184706724902903
-0.8323125035225357,-0.35798692014235717,-2.861656258629506,1,-0.4881267749539476
-0.47079860943787327,0.5659375723214538,0.6524994016257936,1,-0.20866390599799411
-0.4970121866497917,-0.5502931010659301,0.8771111635701857,0,-0.19281555395835442
-1.811453198141425,-0.6757728496222294,-1.6637266674052729,0,-0.5727361311518391
0.4477362749341688,1.5674941112338736,0.26759522782946615,1,0.06358580659961166
1.8671958847506194,0.10067517832348062,-1.514666181841054,1,-2.5625932668293494
-0.4288300171263385,-1.7916084149700553,1.2316147108918616,0,2.743806141244388
0.41875316850976524,-0.23748490671502065,0.3354970581185025,0,-0.22429720917180734
-0.41257773357677935,-0.6201767215148051,-0.14228221154905757,0,1.290219346476628
-2.4837824075347164,1.2924757177923212,-0.26081537718404313,1,-1.9765760430861596
-0.9822013218819924,-1.041276293820937,-1.2520980712110903,0,0.29982011557453736
1.6044433409018768,0.6259455183347489,-0.993762709358376,1,-0.31417288663204507
2.190038677715125,2.19617642895397,-0.03147820047287705,1,-2.469868517959563
-0.011112086454634736,-0.2139790988882752,-1.9244435235346646,1,-0.4947419089192633
-0.841035281487907,0.3919484232783103,-0.8408313432111398,0,-1.6061669656656135
0.7919454417431442,0.5400525086861735,0.4220626619727197,1,0.8642334483968956
-0.9389298664169798,0.9301244399422055,-0.6121742892205406,1,-0.5569314772628511
0.28208312831939775,-0.22159130889131248,-0.9404640843510291,1,0.0008390161375054217
0.008200566871647757,-0.10082294057904256,-0.8055843131916414,0,-0.5899896061464173
-0.77906722515134,-1.8501198677363653,0.2635775125651251,0,0.8802516473556871
0.5918485955211779,0.5000888380532293,-0.2782275685034609,0,-1.8230048410584474
-0.0650075883185115,0.3655338228025495,0.959071151429027,0,-0.5044566033602575
1.7416169919459585,-2.2099873957338088,1.1435592501391716,0,1.6862495573548713
1.1260188473022912,-0.05683103011027547,-1.2402208003960125,1,-0.4372685551784806
0.0769541976564905,0.44214195788950195,-0.6066772398319998,1,2.499868911043756
-1.2938629644466824,-1.5610491445452184,-0.7358958613685275,0,0.03057691409742508
-0.9852269400354854,0.3221435579662907,-0.7241560388952136,1,-0.890504457692665
1.0564039562398222,1.1150539801632344,0.45651556346333727,0,-1.2158934410532884
0.7993819531510318,1.714201850573111,-0.8783923602893856,0,-1.3802536189008578
-1.1300226665192825,0.2738605451140417,-2.119051850644691,0,-0.6511931004233928
0.05069808200642415,0.42780415861740023,-1.0150216343777283,0,-0.8079939154534511
-0.7718801234652518,0.5082412263514998,2.275648447721135,0,-0.17125366241935897
-1.142060455566693,1.7598829368216322,1.063302334309089,1,-1.3287169787047044
-1.7130284931128978,2.9004763793119768,-1.8499270936271095,1,-3.5307321566191217
-0.1409499480128222,-0.7718384531379817,1.9317514845920165,0,0.034600704454341935
-0.05556024939405331,-1.6975559610691673,1.1215808438564043,0,1.3410328811541268
-0.4013045576315929,-1.9317036290083174,-0.758082213875374,0,-0.27410736887643083
-1.2555162565143725,-0.38412094399300345,-0.3216902967033959,1,0.3754892306637015
0.2783273624295673,1.311658151575713,1.9668113649829468,0,0.45801387704307495
-0.5765014227214728,-0.6490358984785412,-0.175599161504991,0,0.05095086709910299
0.6811889436380779,0.20463990235497248,0.18512353116608984,0,-1.5939314861985598
0.21242542614008122,-0.6900838305722903,0.0042670412404202576,0,1.9001057797435101
-0.45767700438578035,-0.3446591348087704,0.23234968125502037,0,0.5101133056350224
0.9001459946954998,-0.21531988196578855,-2.0110966989767864,1,-2.1796072554132735
-0.751794465497042,0.2500964028397965,0.7782054563852904,0,0.12587062851095018
-0.7011725885817429,-0.7418955089162912,0.4882737253507784,0,-0.3108165331577417
0.05200484292591941,0.8841222772860992,-1.2815442140999744,0,-0.5890092648584084
0.7333079436426793,0.006882956465627371,0.3536722380118184,1,1.4632558116680503
-0.1894423264718992,1.4533586841091177,1.8415348595140404,0,-0.26143026155652127
0.11169779479339262,-0.9861264746042837,-0.9905838033927576,0,-1.1590793718496186
0.26562535439416385,-1.2495162773858643,-0.1561371209377578,1,2.8054918962114344
-0.3254048522761045,0.13993797527969967,0.48348127094951693,1,0.7346827681140857
0.2542407163404557,0.63654703849436,0.28609163187740605,0,-1.3597082675996726
0.2179363653085042,0.8095239497499809,-2.486480682652041,0,0.061961106521591036
-1.6762840669132817,1.152329733059272,0.908255938107543,0,-0.007048375085539904
1.299742678473408,1.4340750499927888,1.8988360585955988,1,-0.878553833003833
1.447719303996215,-0.6508913349335288,-1.2192062663032581,1,0.32711901846136987
0.15167829274032385,-1.1864508256313384,0.58679132484884,0,0.8507780949375491
1.036028249159148,-0.36549372165826294,1.0905854967328605,1,1.6235128516221857
0.14433619818014168,-0.15079462038703295,0.8607800185816575,0,0.34564940605952577
0.7980797253268768,0.8608245134565043,-0.5574841649389194,1,-0.8945287475233942
1.007669489281693,-1.2450840260758729,-0.8022616717963691,1,0.19483835363583857
-0.4008141750973185,-0.8927059642489273,-1.0204909867575467,0,-0.1447563747863132
0.48040764456200263,-0.3820261359241845,0.4088373055774887,1,0.07726116920834125
1.3948119400574261,-0.7082806422627113,0.9864931337034609,1,0.5406781543201328
1.1051307821300353,-0.7192956204594061,0.12100635193903753,1,0.8829788042847411
1.5506151333644795,-1.4155706474474254,1.5365190059298293,0,0.09134385565072362
1.4766461616933961,1.0434593343315017,-0.8234146152157845,1,-1.6686817093970288
0.6259038318663265,0.5471269283038467,1.306144937094525,1,1.2633592601589703
-0.9039197626825596,0.9923493002319203,0.09733048733894968,0,0.34428526774567747
0.6454834303173056,-0.2086395040311162,0.17920151779431065,1,1.778533629442792
0.9528501844354409,0.9319089278291751,0.4196308729738445,1,0.7768049968439852
0.8927079658860846,-1.3660972224359402,-0.5367982257901638,0,2.3690580584267615
-0.5464520722899925,0.7068082386237666,-0.8710606717038175,0,-1.5124024243254859
0.7883429650580916,-0.3365704286460049,-0.38063243666042446,1,-0.21581745155611376
-0.5127334673341813,-0.059918414963286704,2.2491005853093013,1,1.8111213966694608
0.7657971968386806,0.40209870112739304,0.9703138170068969,1,0.6464312172104051
1.9650752648283327,1.830002420887733,0.03141495082916154,1,-1.722293916790189
-0.9122742631011128,-2.1460351868762424,-0.7363954737841516,1,1.2024238471682998
-0.36438565800285966,0.15483115550310206,0.8414919808592923,0,-0.37298080196483374
0.10562719490314373,1.7315526832531345,1.3381530861691504,0,0.07222663153226394
1.3270678843658883,0.5385605336407563,-2.033227253536348,1,-2.550533722300978
3.311456860303611,1.2062459337646911,0.10651186620886996,1,-2.9338715455901747
0.5177169271905874,-0.7680298622805919,-0.9106408376556151,1,0.03297665305388808
0.13980633197595219,-0.2709821217323992,-0.5070840901438121,1,0.3012711232349845
-0.12409958415947443,1.6298541334959553,1.2131372478554572,0,0.4121987864664757
-1.8295069920031657,-0.6369824797829553,0.8654528057062039,0,0.15804507178354288
0.02150997144270378,1.6463168357351057,0.9759734567039745,0,-1.2777422444463844
0.1750607355823059,0.002996281943496365,-0.47758625919686093,1,-0.5139896113358942
1.3979058116627563,1.0984317564566957,-0.6651683005541279,1,0.22531193202356556
-2.0522681740515596,0.22899776346369208,-0.05959172815269628,0,-1.45622170175309
-0.06322519940526575,-0.2905567090708826,-0.3133235428148618,1,-0.08030911286069742
0.236195148434114,0.08587787966976347,1.50743067336374,0,0.711418223450518
-1.2310580449483528,0.30194369628402246,1.057026890125597,1,1.0208595575711124
1.2511909071805203,0.8976543628501796,1.8233093488279655,0,-2.6580199663139843
0.17881814944294064,-0.020654496892750843,0.5004192960450958,1,0.6246508439431351
0.611466484784743,-0.004938960836661835,-0.33577256007292955,1,-0.4441449070636184
-0.1458772082705872,1.4216785232561289,-0.5702285593281906,0,-1.5505796963229963
-0.32857885239164714,-0.7720365752486932,-0.6303291667837839,0,2.127942153405719
-1.6153221153236477,0.2882802795099516,0.2204814084939237,1,-0.364747929579371
0.7051966400156002,1.3622326287450108,-0.5471484292522677,1,-0.46352999401190853
1.0416021910658928,-0.01746059816977287,-0.38430821810302457,1,-0.520193208876951
0.6067382936427057,-0.606822861222741,0.16044728246616496,0,1.8275759147759683
-0.8091072556407017,1.173537748021544,2.110488722427254,0,-1.8776402994109098
-0.6462461858397228,0.8761832926304787,0.7268950959386088,1,0.5224546944529129
-1.2618541431085872,0.6181223977147386,-0.06042014457804902,1,0.22311836943082866
-0.2253823970152319,0.02208112653618289,0.2064228058202454,1,0.46176750016649115
1.4076850034825124,-0.6348730709271437,-1.0156349331290573,1,2.055718435872577
0.6566220550053532,0.5685470716957972,-1.288854566416986,1,-1.326395855143669
-0.6982907007696674,-0.7768811377111453,-1.2391045050890144,1,1.2580556058264605
-1.4735632181735916,-0.4285546012817616,0.9541375252258254,0,0.4045093922939309
0.25528147913804045,0.007046763555253877,-0.9491848563920591,1,0.33864767954404146
0.46125392671568644,-0.17011556984456402,0.3472440065834156,1,0.8098132195659207
-0.23163881435307443,-0.48156517644422836,-0.7107870203241156,1,1.0724041554976995
-0.35861125898795465,-1.1503501587772145,0.9144579480987415,0,2.038618152906998
-0.5389755085619476,-0.12562026449877228,0.5527699365178468,0,1.1672880481027508
-0.23281057427703272,0.15474635070279527,-0.9858359101067204,1,-3.126822306651412
-0.9777384241545174,-1.289943062502911,-0.6962385290164511,0,0.005526652328217058
0.2336121937668877,0.06988651783497772,0.24767936081052286,1,0.15207086489531424
0.4127511442875016,-0.23290748881210102,-0.6770383349068084,0,0.2680327548097714
0.2550363057751589,-0.036469340524164985,-0.691916580581389,1,-0.5347366691588885
0.1218422269333752,-0.9009217075971857,-1.0815962315050667,0,0.6498518244077323
1.2971380572575302,-0.675002712776304,1.5146590758322938,0,-1.269663358673378
-0.2764211399374042,1.3511477982839983,-2.0509045603249714,1,-0.7101497782201001
0.01693001259214879,-0.9193712364015564,-0.08248791475604418,0,1.3237649323468603
1.7628130876462922,-0.4825855311819597,-1.3143757871561637,1,-0.7673358509090256
-1.4209674598012159,1.123183433314236,-0.617875733102993,1,-0.25015488655947904
-2.025644658629581,-0.9338412887442806,-1.4873140405599439,0,-1.5486985010137264
0.5033683752471484,-0.6515620069049878,0.7223041800497454,1,1.4549602785236126
-0.2232632658932068,0.6499268157633934,1.100764350104347,1,-1.8677456048638095
1.9080990829011644,0.7733112118456167,-0.082334351046496,1,-0.9456661334884684
0.9625605477211319,-0.5195836044929958,0.46193050622542603,0,-0.8298904280409848
0.7559243178104529,0.11719478996217277,-0.0951398597244159,1,-0.7472390278856611
0.8119369839975095,0.9193043407024409,-0.9900382078064593,1,-0.8705344176644021
-1.0235252993448696,0.04344428352287216,-0.014347723171260578,0,-0.39831245929133946
0.09828009150551074,-1.823987127115145,0.5271696206822452,0,1.3975122821537496
2.0503224086044876,0.33980263030341834,-1.4521227462634831,1,-2.148926691256394
-1.2520360135156314,0.9426325107617275,-2.343636910890486,0,-1.988959075826576
-0.042158526831286916,0.38570107082825095,0.3006839110258105,1,-0.46603924630829696
-1.0427297616909255,-0.35901862327604933,0.9108262574727429,1,1.2037002545348172
0.6009312711311966,0.022776885839463218,-0.6898109986805859,0,2.1763531163360232
0.9133834556989022,-0.34949612398005325,-2.3867685955869185,0,0.5909100770030148
-0.9339809213088641,-0.3390171773793094,-0.2773947781777555,0,2.0239225735473996
-0.013897934468781875,0.1066194770392623,-2.494488985149756,0,-1.2491647170319617
1.3488556610632343,0.26386902450530286,0.03206435518419935,0,-0.2885500227358954
0.08120652179406991,-0.9969668372406977,-0.8538042180425197,1,3.0970970945818888
-1.0428162215139105,0.09758434523369545,-0.3669381306824133,1,-1.3555098338632166
0.4502711773045019,-0.0025416914008949258,2.5012953585473174,1,1.5501550234496737
1.9537723303217083,-1.0022721867899558,-1.664013830385961,1,-0.1751004971791103
-1.3823059635066235,1.4944912729158448,-0.41612717246235514,1,-2.0885789526728353
-0.4478706970758608,0.08305115821751125,-2.2896894371431964,1,-1.5837258020392408
-0.2950704875447406,0.8664291030596094,-0.7915056797175063,0,-0.010833157830351325
0.5026881479738922,0.002471491701333279,-1.6842671454908493,1,0.04199001309317807
0.2905030928713995,1.4409674039407765,0.4506461018625598,1,-0.19484187437557038
0.5801788326137004,0.6508946460629279,-2.3751215268685906,1,-0.8511586155230342
1.8543509982027995,1.185098444923607,-0.36123412278438133,1,-2.7998536374778085
-0.05094159036175283,-0.024566255740404896,-0.2971534008559441,0,-0.3957469160558137
-0.8422914698122084,0.9144356705157898,2.1795449030293588,1,1.9331044136332574
0.08469049198834643,-0.9701168255094489,-0.553459266037242,0,-1.9986821844457647
1.502022992364492,0.3282704397054776,-1.0441665232420083,1,-1.26009325646009
-0.17866236136777758,-1.08357703330178,-0.29561419783292264,0,1.6105477648877802
0.6710541547509336,0.5978246586170614,1.4040122808107984,1,1.5451215784955956
0.13959398061914965,0.9470737011837748,-1.5305520711567635,1,-0.9255660268059462
-0.18618997021917136,2.0313494177165765,0.048061976588708186,0,-0.7651762429902521
-0.411406955668337,0.2542903354862116,0.42900233972832547,0,1.310172202531956
0.904562141686948,1.0455155526775668,0.31019455189723677,1,0.6794955073869671
-0.5107026496848822,-1.4515301966822722,-0.3894115161229688,0,0.4245063307510335
-0.20526300633199038,0.029409377484961072,-0.8331838716836358,0,-0.7088019324180292
-1.6933530988882073,0.18911850496741506,-1.5898866496411794,0,-3.37740440469248
-0.2295812780318622,-0.962591427418309,-0.9661175078939063,0,0.8855333922254868
-0.1964013868290065,-0.7229345404566111,0.8754521414470257,1,2.5886869979635883
0.1227097728136245,0.6516705394016239,1.6482151193574417,1,0.891674998813559
-0.555969187497923,0.5159866126545103,0.5272332358842146,0,0.08786756051682429
-1.3171268649853178,1.0715623869284905,-0.5770922955990807,0,0.23255879479877417
0.3259204364637441,0.568528270512677,-0.35852414893558476,0,-0.2616871514829451
0.5325255540253179,0.7326558685687711,0.9501441742968543,1,-0.5838091706727186
-0.7197888265019368,0.7607352703198209,0.256845880827454,0,-1.8980943858437789
0.19748152950962022,1.5465944072222177,0.12884773926204143,1,-0.6262132854243079
-0.504023747528913,1.3595449179116021,0.0665398543951411,1,-0.8545407372095001
-0.22570510748050845,0.5595533846105474,-0.8375177984291963,0,-1.384589126709236
0.0893523653676166,-0.9072167888162156,-2.425479604463222,0,-0.8133386349663838
-0.597078801549632,-0.5148715639804726,0.05979647072140735,0,0.26570045544823284
-1.0573238309124473,1.0521582931859692,-0.5869592266631117,0,-1.52694696953008
1.8590951251416357,-0.6620727407407898,1.6675716235863463,1,1.7465551480631973
-0.21353873755246996,0.010808333331268929,0.17967156342431279,1,1.9280849224376073
0.17362194055935132,-0.069736192117601,-0.05559492420418916,0,0.778252822915931
1.2603613369273374,-0.720518585738295,-0.3306322141115595,1,-1.3415081673980018
1.0671712103341655,1.0028699126290097,-0.006298485134490881,0,-0.48734553398513797
-1.0088822548825485,0.05526924752398,-1.0856319433717523,1,0.9423052846051225
-0.5333748366376951,0.26157656336070934,-0.3318449175283425,0,-0.26634954201212185
2.8996559939627224,-0.4866672109916312,0.14971868840621078,0,-2.2164241390637387
0.05567761868584299,0.24980637445749132,0.38053876427731753,0,-0.10850538042075555
0.7961845982546223,-0.5826014653615756,1.4152180977443463,1,2.339309950074285
0.2705245558644105,-1.285907164775397,0.5816946544837929,0,1.3980005354823533
-0.2501517893801339,-0.4195399281088376,-0.21296940643310788,0,1.7466455012300486
0.028733626080494817,0.5926623752325348,1.098573842626184,0,-0.6510052195851288
0.24776951404623454,1.4062719795457501,-0.34633747481553145,1,-0.7411598615534725
0.3176740385646559,-1.512310766841541,-0.30797375831380297,0,0.5102451402987109
-2.621032023863515,-1.657473517283126,0.326129208530987,0,-2.059133548337938
-0.5402088875516775,-0.721192518847813,-0.7861438385969483,1,1.002220816658935
-0.8138109446047661,-0.00613286573022434,1.0634774092881376,0,0.9493528264429636
-1.8788854521584968,0.13395287562651131,-0.6545049967049993,0,-1.3878420273425283
-0.9384562190040918,-1.091680099076445,-0.001358527650607822,1,0.9853740613623875
-2.2384854015046916,0.14121659939947753,-0.4128868884778311,0,-1.6412309868214867
1.751550292304594,-2.1955274694232267,1.1888879235625123,0,0.8183065853869579
-0.5329470817497847,0.27346950707537376,0.18167045130730716,1,-0.646936416652091
-0.5390416199947845,1.172676225022793,-0.06922696820428,1,-1.0117069872744746
0.7090004249455948,-1.7305228332148577,1.9356802622233409,1,2.7300823512927743
-0.27648702907142514,-0.5513784210909423,1.0484850370756826,1,0.39821118357108554
0.6183055872974859,-0.6103554942158549,-0.6053622655091628,1,0.030059793772718058
-0.3803424742693757,1.3363891952662912,0.39497154353985864,1,0.5371452395025716
-0.1284788348113786,0.1609406571689697,-1.0857721931618163,1,-1.3919925361049605
-0.3896363807840533,-0.8935160859690058,-0.41412809594349476,0,0.47212082034546077
0.8341671739080755,0.20170806531552452,-1.2021441149478176,1,0.643202497260799
-0.5920499215821085,1.0508261883471826,-0.6716819252967746,0,0.23824614256586862
-2.5512854775902754,0.2650108997561429,-1.1016328999847345,0,-2.0203436344351204
0.02223348124345395,-0.9486764325887743,-0.08653293640579357,0,0.019537419722899962
0.9358930064840678,0.6176600143546248,0.9098379337180036,0,-1.7152169125529713
-0.7647896496736019,0.675728985050064,-0.47847080402170383,1,-0.7239785738622404
-1.107252153161674,-0.16526775781464878,0.3501473241263477,0,-1.159465410043154
-0.6546479617609451,-0.3334136613155277,-0.2857599479632401,1,1.817332071984075
-2.370575035283202,1.0600067528040509,0.8111833120623299,0,-1.6871857394185992
-1.0811352103245737,-0.7066901760833175,-0.04836630489641194,0,-0.7152472821868219
-0.8057559862269209,0.41956284840726893,1.3484264793945067,0,-0.47862386363382636
0.6574650525925652,-0.010582448338009358,-1.2284969204584728,1,-0.21289324397728698
-0.5151503098027045,-0.10704962868905629,0.7486831074351901,0,-0.9175749527472001
0.6738334095506807,1.4770931042933308,-0.32085398412503546,1,-2.150251187614699
-1.402921583053,0.4634727519479062,-0.026659000031138736,1,-0.6934918893565677
2.436474221539761,0.6352806693605437,-0.6572658449994976,1,-1.5289698521541644
-0.9175529156030089,0.45451580332028824,-0.9544477014891797,1,-1.0107541063593626
-1.0873767065564792,-0.5590768825082675,0.16309090562002576,1,2.16510328931382
1.2707936036661527,0.10506598260402294,1.159460382357163,0,-0.8250684325287924
-1.1640581611438086,1.214386127898299,0.6842795121385294,0,-1.1646670314743448
0.23150621556401146,-0.1043344872781043,-0.47369209717575195,1,-0.560691191903288
2.7829199542435608,-0.15397132169734437,-0.10465447407137717,0,-2.1990848368560534
-0.5738005789054437,-0.8116874635563471,-0.9353628425152144,0,-0.17423258788621102
-1.979904021672826,-2.043202358159572,-0.594700358935278,0,0.5580096067630909
0.0006796267167252441,-1.2680732249831363,-0.1271522157374083,0,0.5498864563171161
-0.7222022532452794,-0.2586569477474612,0.5181236495331628,0,-0.8033422685384642
-0.9820485950387943,0.8587332886569339,-0.2520737424991535,1,0.12992158092169004
0.4665230717638949,0.960848828354839,-0.776071573724551,1,-1.2339373612553934
0.9698838376409475,0.5468617608188071,0.38524588676912785,1,0.12971197076858448
0.3654701602705354,-0.4905630357140836,0.42531360234953697,1,1.851232892569144
0.30183204390463675,-1.855984857313409,-0.6856482883724669,1,1.0243311659035388
-1.5649594517793928,-0.05346497539498431,-0.8141794355345242,0,-0.5604181305200231
-0.5811252948314337,-0.5203754121090511,0.9804893370745601,0,0.6539364912453325
0.7574899401708091,-1.5086459991939203,-0.2729153221395381,0,0.2504656150109287
-1.1699634828681051,-0.23100975125199297,0.0451058049745349,0,0.14513956608804787
0.39740342481499996,1.4237200486750956,-0.34405166217117844,1,-0.6968128812064578
-0.9758617763917996,-0.002160247175410773,-0.6276362642240999,1,1.6912461235736396
0.8444153079814326,-0.18762020036593344,0.41675820665597973,0,-0.252243907599698
-0.9685763554176708,1.1328870814155203,-0.075620990234568,1,-1.2527202265284083
0.716330110780437,0.5359842697680066,0.48378415491304205,0,0.40876937877150366
0.7142573791638592,-1.3530790970970914,-1.282166189741411,0,0.7749033464218098
-0.0216456192529335,-1.0657985121860591,-1.6520739529956778,0,0.6688065899620685
-0.23142055706903797,1.00516265751365,-0.12156689614328978,1,0.038979112593758906
-1.3127335240425417,-1.512756096756526,1.2010877214342495,0,0.666671089285218
-1.417335445861995,0.44096879806323386,-0.14718397265064015,0,-1.0623197304306427
2.0691877697387766,-0.20729503832191715,-0.2589525933977296,1,0.7629394660409747
-0.8976691830356405,-0.0031810072493107552,-0.5715749072766165,1,0.6569931006571055
-1.9902709339681721,1.0959011894671757,-0.35260965865621496,1,-1.094773709868197
0.2329413152751119,-0.29585561794880455,0.9068032728513991,0,-0.4536115794358969
-0.58560211037851,0.6096173114132006,-0.4573615442383761,1,-1.4596538982016252
0.033018805433939945,-1.1384471647703474,0.45470715142060353,0,0.8611668573043803
-0.08590234222254896,-0.7264780907707511,-0.7444782022234591,1,0.24358556203374332
-1.2851404369018116,1.3008664042526896,-0.6221788623834722,0,-0.6871788277906383
-2.1129454389064253,-0.4940562450014762,0.35152372243692875,0,0.40855929594923035
-0.1264415895731859,2.0088490383823245,-0.514289020548106,0,-2.590403863287265
1.1130853859211922,-0.6450119504401494,-0.0031795945544736367,1,1.4354324766597824
-0.4545076833684601,-2.291509302000101,-0.5896296107443145,1,0.3283128264910741
0.1540745527478219,-1.3845619727475356,-0.7168009258675695,1,1.5654339432769648
0.6848778984866641,-0.5785183644751163,-0.5404428402774756,0,-0.9892151445914867
-0.6700174317905332,-0.056175534556084906,-1.1251381726773624,1,-0.4563196833534544
-0.8595895062451869,-2.1216636232012522,-0.8045541637394235,0,0.2323034463540723
-0.648845571006141,0.4244371593693237,-0.8795820215450405,0,-1.0304283802986087
0.7954324773487698,-0.09772885530344622,-0.5041012575800021,0,-1.6988663578279108
0.41957353398723346,-0.5653775156775647,-0.5336707755999035,0,1.0509717461933061
0.18558295848046527,1.8348185840163027,-0.9934307418960376,1,-1.6789316437086985
-1.3371803160551599,0.1317690348215258,-0.8867097894759919,0,-0.3104691787663865
1.8190729603668394,-0.042570032456129,1.1737351614622464,0,-0.7184339536036511
-0.008578949102427645,-2.128210613889681,-0.17186786282907116,0,1.7107823471722607
-0.32393002738734655,1.9351528209219886,0.0471941217986586,0,-1.0916992551136946
0.6021824630594383,-0.45452782912617684,0.30039687384077196,0,-0.20704592549312328
0.602233037085565,0.4194806187834008,-1.3372427148886739,1,0.203364184560492
-0.18132975011984181,-0.15130412677964622,-0.2340584644425582,1,-0.404891877559785
0.5940319289602417,-0.2156085629405563,2.7002520240938592,1,1.6958903624646033
1.885651727323425,0.4889740889519597,-1.3576882925960194,0,-0.8903142586758054
0.5189850738601047,-1.3697170423682332,-1.2661559909387534,0,1.0686563977286914
-0.2849604656098076,1.4586623867291983,-0.5282111966999635,1,-0.11370926416878188
-1.1213089638781124,0.6876011891434939,0.9246650727006879,1,-2.063576636929363
-1.134884558500952,0.20515912214588103,-0.15805201975436808,1,-1.037262572356958
-0.855522128682403,1.5866156104570253,0.47265418330231673,1,-1.2309049368940974
-0.6803024737087078,-1.1472267217035659,1.0269182692124161,0,-1.4771985688737297
-1.308058177778972,-0.08344815093582071,-1.541510006318023,1,1.8043158210070234
-0.3563208850171654,1.0292890358103133,1.8329370334882085,1,0.7726504650712734
-0.21376931701781585,0.6628395894753493,0.09462874158406381,0,0.9173289024076599
-1.1093392116740146,0.7297864181391309,-2.8999956800150195,0,-1.9503844271568789
-1.7859862600881915,-1.3303413280630125,0.3708976479353892,0,1.3422123337885536
0.8511269005741636,-1.861640943904334,-0.022052324374264683,1,1.9454142746113021
0.6736550231319373,0.3886983328440311,1.0547645918608974,1,0.8158403254239881
-0.3883598613834678,0.011129070334940084,-0.08469450262965134,0,-1.5482309844842228
-0.027605553846186123,-0.6896387099584321,-1.4199041422348033,0,2.9488960327633347
0.08335631097862771,0.8254024724055322,-0.18097054955630387,1,0.32387467956327176
0.6510563673993394,-0.5294515548106234,-0.4706054936853897,1,2.432319992086887
0.5001433396920477,0.07662565587818206,0.28428556018471174,1,1.458879240583726
-0.19782445778954202,0.5105022008692874,0.14259194834890823,0,-0.1064569621889168
-0.5073934437708411,1.4999916169905132,-1.475647029475867,0,0.317172555030939
-0.8223716296644283,0.8575704754046134,1.08502405793904,0,-0.9152086816978015
0.47605615225749776,0.618143773899297,0.24810535731902544,0,-1.1042993770419467
1.7376171046046782,-0.3413150410342514,0.6603123726259443,1,0.947005250780355
0.040731970196373084,1.0661192258321461,-0.7266576778547378,1,-1.344210779418526
0.7399045984543358,-2.4110375976743104,-1.1072302946242993,1,1.3774253324013928
1.0854475473825163,-1.1132072415716319,0.43612179690830194,0,-0.4694100325522022
-0.09853181112429382,-0.047107719185360004,-0.8815745985823732,1,-0.40549032363839677
-1.8981886763831404,0.2709249962840559,-0.7408697068601517,1,0.12559981066704454
-0.7057999354633055,-0.5679924915837999,-1.557567807576859,0,-0.30368597875759235
0.9681375962294987,1.3452464430264095,1.7087727132152624,1,-2.0059846864622237
-0.22964716295393833,0.334139125631791,1.7936452194826698,0,-1.3433419867088914
1.0818997676532265,0.5376935072547189,-0.867591033148997,1,-0.43889601852317145
-0.8947927674440004,-0.05355778963530868,0.27440110232325016,1,0.281487705133554
0.5130959605089718,1.916526255526574,-0.36212763919524177,0,-1.2072034418375233
-0.7854371228192988,0.9013684891949068,0.1965218706241591,1,3.9980390840722926
-0.7328507855517911,0.28723863896909185,-1.2362664377211354,1,-1.8554409304615167
0.6438305046394802,2.9741227276938473,0.9177681543492426,0,-2.5045182533304127
0.5994018626110141,-0.4212148103409961,0.20347600751493272,1,0.45050137288113407
-1.4107053789277486,0.4047113542448985,0.06411992660434582,0,0.9173677547712487
0.7093774005658139,-0.7996025003196303,0.4188658863700803,1,1.1480381154657664
0.06326512104372092,-1.5012080476810172,-0.9850490756788578,1,1.2060757556870814
0.6584917340177169,-0.2816006437820022,0.3355268907134195,0,0.5590546950407062
0.7386604312874535,0.7946718739181787,-0.8004998267702867,1,-1.2399175602994985
0.20736855584699487,-1.693994875806844,-0.12779969219147075,1,2.3903951752468893
0.9887383589904862,0.48328601077952527,-0.10955502079398505,1,-1.3930282601195116
-0.44590348192179535,-1.052991972256305,0.7275434491618052,1,3.5469272915247103
0.9193337895224786,0.38371142956340426,1.624626970441199,1,2.113849443045728
-2.1842517503035435,-1.2784455703040536,-0.47076234455858396,0,-0.5203415177117886
-0.1621151643807124,0.4901684765563165,-0.08261413745038947,1,-0.31698193239138
-0.6361608993220238,-2.002666184490457,0.8926642887494656,1,1.881589488753765
0.03965306230202214,0.7441406862718,1.4733052986621953,1,0.2648396729014361
1.4057631944915907,-0.07320817013483462,0.2538585749859412,1,0.23826797254737025
1.3715736439959867,-1.1205107285061593,0.7261401350031356,0,-1.4676299806085662
1.0127539980393383,-0.5991027247955611,1.2700997363240878,0,1.7284565109788728
0.11530225826529525,0.5972432716757932,-0.15460414048015345,0,-0.8594176940344521
-1.8676206222259202,0.01880140812319197,-1.2529607209719384,1,-0.7325754271731086
0.31324264081645775,-1.4984958335939282,-0.10550899003750122,1,0.9415389776688383
0.23034264208536676,0.08221110516191237,-0.96326995746188,0,-0.4304309357799692
-0.501934675385816,-0.6990966743686406,0.3980462494577725,1,1.5792564581950703
-0.5036650837235601,-1.1836594944948602,0.46901096158055094,1,1.859261743485506
1.7020223824172347,0.5460424022475094,-0.6026938019301382,1,-1.6274937942772596
1.148932474189925,0.33063656787765866,-0.38061242249117305,1,-1.1986315380135262
-0.4531512583190235,-2.324965936732509,1.2993991477666738,0,1.109469648064584
0.8480469752187334,1.7356762645758017,-0.4278814322586294,1,-0.508994531110101
0.48394587678091905,0.5797150434937383,-2.2728667663066986,0,-1.4116448440339238
-0.08288016990854051,0.1293650147823222,1.1723451352041925,1,1.3683936020086276
-0.7200600173355178,-1.1003549545725615,-0.5293683941846408,0,0.1213945606425843
0.10396820128847173,-0.09491850143658846,-1.1678980529626717,0,-0.38856400226799565
-0.2179717782794465,-0.305163605962294,-1.0722073026960353,1,-0.7957012396102627
-1.8807092924345463,0.953688960143791,-0.45641391201639325,0,-3.5993533199816623
-0.05545950217310833,1.2716619777036884,0.5449516682767186,1,-1.1386538781861408
1.662727898179866,1.4596821198980725,0.9381262773519096,0,-1.1092527438364166
-1.2112542194451328,1.5584979228969666,0.7432382930740564,1,-2.3520227914445395
0.5466414864972547,0.36367576815632885,0.3240075642723515,1,-0.39819927750841083
0.8051274462169558,0.017028830071450087,-0.28827162981576115,1,0.5251510599786866
-0.5513562518088393,-0.7777265036838572,1.655052376148196,1,2.0840338309435333
0.6532658417365157,-0.825496606029087,-0.8986006120986896,0,-0.4444451087804581
2.0610128798006513,-1.9606043511987383,-0.3539098763796779,1,0.9775925930648839
0.43223486400619143,-0.47103107679095296,-0.8967990222250495,0,1.3801483074410947
0.16035574586828485,-0.5676445704521329,-0.7316504032175789,1,0.7340519824487863
0.02901693943040639,-0.8768438414587825,-1.4786619455669985,1,1.7497020846334932
1.0354027343273773,-1.1669383569767215,-0.15394015951579865,0,1.6678825191249458
0.449271654907735,0.13805670007506826,0.038672715226336224,1,-1.6962731572464305
0.5798695261684967,0.569438790110881,-0.9785521716610015,1,-0.7098551998845959
-0.612372024871418,0.519108815789467,0.3579961491959742,0,-0.339963100253206
-0.42450513716098276,1.3585695348427291,-0.2455501784204791,1,-1.5679566101603526
0.8962380643979281,-1.7716623221636458,0.4883633897139773,0,0.4532013218177901
2.2438757780000653,1.1965158138260634,0.8819585398828824,1,-2.0415439707816385
1.2580459483559685,1.102192292461482,0.9339409929128087,1,-0.8533801990679699
0.8025161171630047,0.12332939614260184,0.28791091368021954,1,1.6261930645574076
-0.7788418595386596,-0.45627272205414,0.11648303824731965,0,-1.5823850255833003
0.5712229684912395,-2.0442518531841363,1.0060142615330436,0,0.8364013171799727
-0.5723756910683854,0.14537215763740555,-0.11352023328938025,0,0.18650430843462254
1.2931101858738994,0.3923675037366594,-1.1790795362367548,0,-3.0643810550546595
-0.4646558816083048,-0.6940842677773698,-0.38390152757322116,1,0.5763071632826041
-2.1083857834285338,0.04444204918448492,-1.5973318178198948,0,-2.9751132839381915
2.60837396880658,-0.05294872056885107,-0.6976699281919707,1,-1.1512232512454654
0.42080978158487325,-0.7453556397501647,-0.2044564402472005,0,1.155976715098566
-0.1780181209179191,2.0728416436821804,-0.24160440362795785,1,-1.6725055766995265
0.5035929668459754,-2.719579519133795,-1.9431635472068236,0,1.0321286915958354
-1.6637114347555988,-1.392667038989342,-0.276840083222154,1,0.6751196659772463
-0.35142536932862833,0.9354330533013523,-0.20370085425776935,1,-0.14356808535897564
-0.9500145433808626,0.5106262759984823,-0.07149653835382251,0,-0.9876374639434122
-0.9414987914535906,-0.849396611773704,0.8915105489581561,0,0.5218728873704215
-0.7746259629045592,2.3651780529379196,0.7870270101119275,1,-2.4327503012192326
0.755528152144604,-1.1093994287036517,-0.5618556714068742,1,1.8426769073582152
0.1811188643813018,0.23140144693524403,-0.061504768719099184,1,0.4050104826606672
-0.04334257314719213,-0.9129252588813401,0.2565552998443158,1,2.9272844700736185
-0.6345708355897239,-0.2767149798686165,2.3972397683307527,0,1.1191487392143946
-0.4585858497366045,0.2618137673083125,0.22018537773917515,0,0.5085502233481348
-0.48602039668189917,-0.7307666829758737,1.263190492252142,0,0.6094516130054013
0.3269744253508643,-0.1832886423375761,0.5634796160916072,0,-0.3939330273644125
0.636689550438774,0.26378907796741363,0.555795875959194,1,-0.26174309017192654
0.08036958361824385,0.6947709394810454,1.067769593519504,1,1.074233511153257
-0.08800766210188173,-0.6500307925057477,-0.8551065430364335,0,0.5326788136950322
0.8227361646744807,-0.04956272665604838,1.2828187971627476,1,1.403785974405848
0.935917945479029,1.7225288177183387,0.7282806281292199,1,-0.9212243869735265
-0.3659855181866242,2.2988021571663846,0.5315945354738042,1,-2.618814898502932
-0.22542783837760175,-2.380297766977316,-0.7526755039287142,1,2.7756363685252676
0.7403736986383002,-0.6820511310070226,1.5902522372009897,1,1.2785602832902612
1.4327598908836803,0.25638170627965573,1.2589195824126544,1,1.0098303073831336
0.9502383746329868,0.24909582502186722,1.8227659338005564,1,1.8475590323597595
0.6405982360360298,-1.9228243353874355,0.23267050353498878,1,2.3943677062625737
0.4018610584550654,-0.8239013964569559,0.14752318841415857,0,0.6835447756973982
-1.0755446271438989,0.7167131421528041,3.1019922288340873,1,-0.7894724663584518
-0.8708519714308374,3.265745893109265,-2.2786046471580206,1,-3.4228237346961983
0.21006898788504266,1.0743175205483018,0.7216992662819259,1,-0.905345342601248
-0.3051529140873097,0.9922291515082174,-2.3043693034585244,1,-2.10350619994123
0.47636730375825204,-0.579861301706025,1.3166225403644856,0,-0.322437274017096
0.4172361796943948,-0.9309375402519305,0.5336882871956216,1,0.13745731698543084
0.9106704479514055,0.1647941027155603,0.42941906327770824,1,0.1153049684386705
-0.9193323671898979,1.5195233288028862,0.7254627225563303,0,-1.0184635059422946
0.22111470930600666,-1.0727168975444925,0.45508360963059125,0,0.27017081835920426
-1.6228982899286994,-0.3691738280916819,-1.9801244347910578,0,-2.1050134220038057
-0.3409558895356901,-0.4844555063675203,-1.159271608997708,1,0.5289034547535012
1.0135600928586233,-0.22530912333297176,0.8015534668004498,0,-0.6819617250550851
-0.9339138853269201,0.4621288970520004,0.04788843574251813,1,-1.1228815407882806
-0.17083036523331874,0.04162735908108853,-0.3554428582052875,0,-0.00031812164367342466
-1.142414435957872,-1.0024565709512643,0.9655774053549628,0,-0.7631992478881653
0.250027548368005,-0.7732209334449306,-0.5265415299756038,1,1.700312325691492
2.0592042318553694,-0.16319505401806705,-0.6655593147649398,1,-2.0254509937952814
-1.2785808967554435,-0.5375954549238431,1.0124519679034385,0,1.1582651222407956
-0.3731199588650312,0.5017535049714602,-0.07037208606532715,1,0.0559323129138552
0.6428597554873198,1.0131353872017328,-2.776528205353344,1,-1.734671838746018
1.0970331835051514,2.4104695930794136,2.360786850473075,0,-1.3710977063788459
0.43336680610150263,0.5000672317672592,-0.523296713535458,1,-1.7736561709239769
0.8609465328382567,-1.5897143377818415,-1.5713349862289294,1,1.008431847428929
-0.8435613266642663,1.0952800793662294,1.4183231871781337,1,-0.44319693813177846
0.18891083892495056,-1.1863113400875687,0.9532019966182436,0,1.2948888602739839
-0.24722366994298067,-0.6373858589135041,-0.42637866767761584,1,-0.21569631940440948
-0.9309055140467313,0.8091775323012427,0.5507919998392131,1,-0.9952719882036788
-0.12174363331427168,-0.22077386368823468,0.007422259020175434,1,-0.4336109182110838
-0.7757580524637646,-0.41130518307381003,-1.229569164061657,1,0.3113673903519411
-1.0415000499761917,-2.2149253852257074,1.261783361005072,0,2.18028237706721
0.1795307694109421,-0.48947502064574683,-0.5398383407618962,1,-0.1423308243856719
1.9098679269027152,-0.4478989504055812,0.37090963791831616,0,-0.971902792170495
-1.2969396601488805,-0.7294208926154307,-0.13858521062954945,0,-0.5427365315016895
-1.1880869403873828,-0.38996397596152377,2.315130519904713,0,0.6841407463653408
0.256060840399875,-1.1872572675291717,-0.3737844549673544,0,0.08654556282065273
-1.5740690767767986,-1.417138846210443,0.7775942242368767,0,0.3424427176371925
-0.7769844325060499,-0.7581200322494155,-1.3482520858655864,1,-0.953526401896269
0.5060439056438859,0.46454966926623215,1.705385843533126,0,0.7741928540506227
-0.6327071429766378,-2.1011110107937445,0.12955766175599018,0,2.0798266881847396
-0.03178804306266054,0.6158577931445297,-0.9221960588000645,1,0.7945742327676536
1.6280767437144827,0.5824797795097616,1.4893300236414404,1,1.4549211685170806
0.5996643575907271,1.180526454396248,-0.21041422619555458,1,-1.578363255482415
-1.4068962217393544,-0.5835021733051644,-1.4375158937161778,0,-2.592579236390662
-0.6045018741464369,-0.05076941220126137,-0.309286573497504,1,-0.059503298544747674
1.7364249113996013,1.2061908967336574,0.06801446602228192,1,-3.750105315752393
-0.09888906806574099,-0.8506803167070078,-0.7626726839362029,0,-0.11837818634049416
-1.3343875827813727,-1.696495125493442,-0.3780650155243378,0,0.919383161018977
0.49876892868751366,-0.014775999730435379,1.6821761326536717,1,2.042593495165697
0.5199673410996943,-0.49802242792679224,1.7087953987033515,1,0.6927004080734962
1.8422080381957808,0.1365858594217115,-0.7754226142441569,1,0.13907834118011114
0.4452363175216908,-0.9755467677760601,0.2570436243997655,0,0.9109382227348757
0.8361654092854431,-0.5152084621982753,0.09146354735772386,1,-0.5989209623122416
1.3157829289194831,0.3631933946895572,-0.2720949443262305,1,-0.4027623345134835
-1.583657694599334,0.08284844041951808,-0.41944572082669385,1,0.018095122160107835
-0.12083756329563476,-0.14639290177033992,-0.04721740054073721,1,0.8862583902411871
-0.24094875366317045,-2.2320986816289343,0.9664001642585074,1,2.1559758069035118
-0.09776323973417243,-1.0142045472408778,0.6575457624742495,1,3.0455623721961436
-0.18558931765804804,-1.1980969206489671,0.16991897679353524,0,0.731070642982788
-0.44434160958269003,2.6921353576622904,-0.5395210912274774,1,-2.976632440924713
0.914649662109123,-0.2736437470714384,-0.053726993737211785,1,0.5341266669665423
-0.4864472138598899,-0.7255210274177571,1.166847794145764,1,-0.42783230198025435
1.3333925665094402,0.4382431752695522,-0.23548569579721765,0,-0.5857203322617955
-0.9755884007867488,-1.6835759834551778,-1.0575876432831697,0,1.3131002744101918
-0.6207608795848187,0.28334297248215046,-0.1067058088462945,1,0.21600081303809898
-2.228136065383277,1.3457292658881317,-0.16882103686092265,0,-2.075183428423625
-1.5187296989376056,0.9718425418776349,0.14600065304951174,1,-2.317201177425274
1.913747481483804,-0.7029590578362344,-1.793847281322045,1,-0.6999869412757335
-1.2233901018159852,1.8138572861081326,0.7049537055636327,1,-2.1952554724476987
0.09434940102203743,1.7134243321142841,-2.483478541745295,1,-2.380750378037496
0.6786699768057454,-1.972018914500643,0.8573561497855403,1,2.485180860037569
0.4159614606986407,0.0016799227644728769,1.5417546638620605,0,0.02200206533474186
1.4041936609743981,-0.5788780727696661,-0.7971747825360535,1,0.5790642755220149
2.3749779431036044,-0.8600907972500677,0.08730725834225618,1,-0.024736923036227543
-0.2257137641180404,-0.6420004997169854,-1.4566308003866315,1,-0.058428922333995215
-0.3092792332078697,-0.9122701367660849,1.1176826770690451,1,2.115981064561205
1.051231685723574,1.2344339293978663,2.44075186363437,1,0.05330408039768697
-0.6697330909965117,0.07742773900814452,0.6196703208420016,0,-0.10752023821287175
-1.6725390456094449,0.13421469169192263,0.7404330193763444,0,-0.5277586538487328
0.3120315834624694,1.4129496637499066,-0.6793614670921765,0,-1.2909746195425336
-0.6803784918471147,-0.3445596373355636,1.8314862688523394,0,-1.2109073089942721
-0.48073851158547465,0.2296384403937777,-1.0523894128634246,1,-0.8522731750683659
-0.6530231214295674,-0.9766693147335411,0.8206520035611273,0,-2.3617597599603846
-0.2627277211398538,0.24904973464528735,-1.241659141139859,0,0.3143360319001407
0.26283398367867566,2.1973270945868344,-1.8814828908138717,1,-2.783821246965723
-0.9474620810080957,0.5724201404551842,-0.36267192172171725,1,-0.14175303372596648
3.0128842807759733,-0.5398250414291922,0.9674810212901149,1,-0.7781564344003917
-2.306054455708853,-0.4663202032475881,2.250921981754256,1,1.128476825907023
1.32637285738414,-0.2354485044260579,-2.667224138871016,1,-0.25202616723434457
-0.3130758869376397,0.711717211927703,-0.14152912011226285,1,-0.1937493761157649
-0.731969709347371,-0.7217600295450388,0.44198094492274637,1,0.8047817590035149
-0.2401426231381013,0.18170619709673652,-0.7577776704373886,1,-0.033389248455508
0.9835206767646028,0.010472232432716536,-0.004377377434783362,0,-0.2820825809671043
-0.3958301003524862,0.9797576448468837,0.09973554067434548,1,0.7805933900658067
-0.135074250262522,-0.4534317916535904,0.10830798554440982,0,1.1923608925647051
-0.25174924971606105,1.6405176506924415,0.07371960404442851,1,-0.7774709434820114
-0.8794248745453488,0.5110697971670072,-1.4625448984807379,0,-1.3970948294823176
1.0997487594603996,-1.034044690774435,0.11215343224731743,0,-0.43858405854082644
0.6514205194064686,-1.1188003428939037,-1.5352726303241175,1,-0.08311436434145447
0.19726419689967675,-0.7408480086425752,0.8875509651949843,0,1.678528350904604
1.0151142390364665,-0.6474724138606709,-1.5965943171553882,1,0.5937509783770629
0.9309386126323519,-0.9057097965721176,-1.16484851440995,1,2.4176401363527438
0.3003885192708884,0.9176475897843094,-0.5486238580768193,0,-0.9601701263274789
-0.23630814414853418,0.808546737418524,-1.0810039324803618,1,-2.397257673252629
-0.014394635809115205,-0.14376942040556173,-0.5894953066043934,1,-0.525850616444449
0.5462622861174998,0.38126382053397445,2.4070711981003403,0,0.5880279295190625
1.1987432800990128,-0.00020983740428517943,-0.012963112473200394,0,-0.416442926829688
0.01411642586316417,0.9300366086071288,-0.12989121628306013,0,-0.24732269935410373
0.7208502342824036,-0.019700893969529634,0.047114945122971756,0,0.6335421303330496
0.6192249185986125,-0.9368461390908371,0.2116069629956477,0,1.0738718561630682
-1.4954839538819462,1.1052152414999177,-1.2201110707399818,1,-1.9681856784336524
-1.3131000594861766,0.2426502469115434,-1.9877108215614436,0,-1.1795804648141268
1.3769301392480413,1.0265369737492176,-0.31076434381600687,0,-1.1777228764038172
-0.3535457168186838,-1.4515424328256357,-0.5002818681573069,1,3.456759475880564
-0.9026524235613068,0.6455629798737865,1.3723939138585703,0,-1.4409593515535646
1.4736583443715017,1.424387491398933,-0.9256719743987591,0,-0.6922785853029721
-1.374699632896569,-0.9896152485070195,-0.0026602515190222763,1,0.5338571968764257
1.2379906162117582,0.15496210525663057,-0.9862206976716044,0,-0.5516873199241743
0.6817824749528606,-0.5457297039093311,1.029063311325912,1,1.8326884142169209
0.2763750263523817,1.4721858071644283,-0.5996097950320892,0,-1.1921200491198491
-0.9239507899882786,-1.1934534874142544,-0.7513487220342102,1,1.2322392500786856
0.7604207945443198,-0.9925718810721262,0.6367974110238952,1,2.1776434451140387
-0.7637712135847883,0.26640875350114546,-1.5066599153555662,1,-0.9722082755048727
0.541414916246286,-0.9793201725028442,-0.6392036655324609,1,0.5685199854891654
0.19363848139395815,-0.70251611773665,0.7739095206066009,0,1.1993260692506613
0.21567309460173548,1.1915932554884194,1.8009779152661411,1,0.8996067516695945
-0.946743762476087,-1.6019263715886924,-1.4685308609863914,0,1.2187323100458871
-1.3197602199898812,-0.41090541166428723,-0.7339358755818334,0,0.023039456800369007
-0.2485911504553864,1.8861626999192758,0.06438642593619444,0,-0.6578874806323669
0.5859825996641558,1.0628398199422133,1.258225884968447,0,-1.2447372060011435
-0.38235314572028756,-1.3697346601820721,-0.13913669802434145,1,-0.5957002884901446
-1.4807213772003651,0.3699960666819061,0.05431092345640856,1,-1.107165805752448
0.40444716670169084,0.45246216079592544,1.293855485039967,0,0.8353708538479656
0.10507018536306287,0.9661010328874017,0.4625027725296113,1,1.7882088243904568
0.06334815403950306,0.24005699841861633,-0.07406007309346357,0,-0.763648648205251
-0.09098639725757024,-0.19406137035432874,-0.667364215581504,1,1.7319688240139262
-1.2945778366754876,-0.30335829470585,0.06856046719005283,1,0.5263954288415725
-0.715346980298244,0.8953250630269154,0.717928503719176,0,1.1115373975411755
-0.14285933219967284,-1.3294044207752038,-0.4668520384169107,1,1.0073576508691302
0.7672686287206427,0.41772802869397,0.638287280406413,1,-0.2585839209211914
0.23737043169597674,-2.208542535666347,-0.43504636609481023,0,0.6045648066375817
0.17421232707916048,-0.8160519040310721,0.04915938935982928,1,1.7163715404025055
2.1085060661447184,0.12739774912985016,-0.7507537079530744,1,-0.688653831779691
0.2945019004230274,1.4252260388983375,1.943891914095693,0,-0.8501122820465263
-0.7812998098792936,-1.5997439044539308,-1.190010238358243,0,-0.27175240199233985
0.20369710831421164,0.0261751291628194,0.8847375066838459,0,0.37700901987752
-2.629372900334953,0.13346956727191664,-1.103108341119505,1,-2.572554867018028
-0.06626589356011209,0.15008803678381255,3.1567833676264856,1,1.825986211993111
-0.20468856181945674,-0.31939286236510095,0.40388060729342523,1,0.4290548363962095
-1.5715144640630865,1.0803266284433835,-0.643041107305876,1,-1.7699320477128193
-1.548919412481358,-0.598624676766295,0.1462877884762955,0,0.48541488449601977
0.7305696968608102,0.6817698869090553,0.9232845976115267,1,0.4137383816957866
-0.29334274074015937,-0.3735791816652827,0.023657733551553997,0,0.3819073943683535
-0.5545394332338829,-0.39860087387807563,-0.5513547622208493,0,0.27636686178788317
0.572087764846225,0.8701329715929718,-1.381836581660707,0,0.19512061473408282
0.2742075877608498,0.34696624587993175,0.6091631040523482,0,0.002953066192933805
0.7531883075120901,-0.145630071775795,0.9801838735460826,0,0.37756315420869313
-0.5877880122800827,1.037266546465076,-0.248476817716847,0,2.5915886357536544
0.12175715365152376,0.11792950851910183,-0.4689336374802562,0,-0.5001515066039097
2.063701622581363,-0.9985672936164426,0.5831835901818411,0,-1.172414686638615
0.41057216432967497,-1.009114375586276,-0.7495503549206267,0,0.4377084444262991
-0.3201073852361196,-0.22369149907189714,-0.446964336120374,0,1.7173612702911112
0.7919560599567189,0.5250216124344086,-1.0685755326423019,0,0.13973583727082306
0.6576456284528881,-1.544830879866729,-0.44677731388186964,0,1.6246703349365874
1.9326217437516975,-0.12265219610993913,0.774767604354045,0,-3.2546652219858556
-0.1882717757030708,0.03097036887655391,0.6434617964976185,0,-2.386953771352645
0.2715107027748479,-0.10526944577325745,-0.48365310857569394,1,0.45787797301452604
0.9059984918873251,1.1930902950516806,-0.3700823736709496,0,-0.1477099617825982
0.4475719802449841,-1.12512078470879,0.6929054703972649,1,3.818301366996514
-0.3210910309031505,1.5685577340501542,0.37053437116616,0,-0.3779354705905432
1.288493309316702,0.6181604368385668,-0.13935799851615374,1,-0.40927892992632653
-2.061694346573236,0.24790611011781333,3.412793631904629,0,0.5593862554216328
0.09892162670634913,1.1727416261109762,-1.1601476535314705,1,0.6298439156181663
0.3196912594947132,-0.6843197656608331,0.6378829726831315,0,0.21635492927726452
-1.2511710689993718,-0.5492177440351881,-0.8125985550802085,0,0.4257398249166907
0.42985571777691,-0.34073197417631446,0.6925489038664803,0,0.7809725689627942
-0.3189542424938515,-1.565310562524126,-1.1612211945732984,0,2.064674359763864
-0.7415277213707485,-0.3246839201500596,-0.9496686254740588,1,0.5423511781671871
-0.4048323558024775,-0.5025843130688062,0.8083319529191126,1,1.2868562832614863
1.764859436912154,-0.7173975045582687,-0.5664513266223893,1,0.11593541018143161
0.5349887136274067,-1.7715776260714715,-0.1941672005092979,0,-0.4364830440290154
-2.113644465974774,-0.5717772370465811,-1.5706301399759002,0,-0.5357776419767843
0.4237426292434406,-0.5592949365311292,0.6309529060561746,0,-0.4632030514156388
0.08495731775611144,-0.4581872226592173,-0.5067675895385408,1,0.5745156147211986
-0.5270269802086646,-0.12429323406479548,0.37032582070619635,0,-0.2914753747829624
-0.1625890279830693,-0.7270760583472655,0.6936783836334336,0,-0.44827479197714437
-0.9413419994252873,-0.3796613280216344,2.2559672236040904,0,0.7581619115827569
0.394615799532085,-0.019446542624160762,0.48461828652995437,0,0.849569064874016
-0.56842194037226,0.3704140829230909,0.2570015496902742,0,-0.9093735119141754
-0.2913525186067918,1.48989576800846,0.892293223054601,1,-0.43982995200085184
-1.0342423856891094,0.717602400190205,-1.5545307547573688,0,0.05917561985453812
1.4804501924141769,1.0401627662510264,0.4768456016656501,1,-0.8480006630996767
-2.4244724758590834,1.335231490951291,-0.7457257545856321,1,-2.2559436676506834
-0.3300154808407398,-0.4293742221953245,-2.2437207549187606,1,0.28902385158614335
-3.070754597686894,-1.1167930108263042,-0.05665643748060441,0,-0.7704620312672108
0.22786334076060907,-1.0996211690910915,-0.873240797047478,1,3.138669971257486
-1.106232163985182,0.5709445036114448,-0.35838869018738806,0,-0.952640669159134
0.3831998614488109,0.540641523796976,-0.4776251528394026,1,0.17597392681130766
-0.752495269073528,1.363118027694045,0.012106614931318238,1,-1.4542169681253645
1.8849728673155106,0.03079922797529807,0.9587364424418837,1,0.29544744307918447
1.5770144121668754,-1.5634934417356328,-2.339434087606798,0,-1.9881652607773175
-0.7819765264301243,0.3970395671015624,0.2116830909689705,1,-0.10614159320445049
1.25049006485375,0.057591969632767935,-1.7719202715139617,1,-0.7625381117536523
0.5954405701755552,0.32175659889245317,-0.1136864987015244,1,0.17306622899614352
0.25975607476092966,0.25235158674720587,-0.04959932334272309,0,-1.1176409939724423
-0.9100755232914595,-0.20989754506963973,-0.23029989587466315,0,0.7010904127561497
-0.2805307380632089,0.6788781434437073,0.4548091677316132,0,-0.8293245972882535
0.35988761313133527,-0.020526722401345083,-0.224659281806901,1,2.956578416251429
1.2136739742698484,0.5220812243379992,-0.8308831641101745,0,-0.842691424810567
-0.904145336454818,-0.684779409285022,1.0685848322104918,0,0.20279500966626263
0.21202833381880262,-1.5565273981783079,-1.2367619100233744,0,0.8678826345016859
-1.4094182170548344,0.8954436058625419,0.22714433152529215,0,-1.6946082508153477
0.8166524294020004,-1.5000403116496994,0.9937095998705164,0,0.6223880595218995
0.4951941299797582,0.8241359895152753,-1.6651766994354373,1,0.011035288471239246
0.34395411193564823,-0.846175751235533,1.7151385105865478,0,-0.942956218673136
0.3430167465250028,-0.04987715374001977,-2.166519248015641,0,0.18104735888726542
-0.5495489414166147,-1.4649023525778646,0.17979495797378123,0,1.6074350244325
0.5354313631222868,-1.5673691768403661,2.048639782480872,1,3.2495994746733157
0.33488574131098253,-0.2077278895707804,-0.014222382795581436,1,0.23011626679259067
-0.46301751294554455,0.055697492214291426,-0.38413853547356697,1,-1.4523467226727849
-0.6146739835868854,-1.802307256962445,-1.0977738490822857,0,-0.7418159646649307
1.0672497344407768,-0.43691156143711996,0.5870062080663697,0,-0.4051619828743943
-0.5316687821001157,-1.1263308118298885,-0.0023564491763020633,0,1.04859273393216
0.6037839023660031,-2.763419869689158,0.24493071087477097,0,1.136157646374075
-0.6768771296544601,-0.86406549137783,-1.8138434404090602,1,-0.9460680238978282
-0.6223391871180628,-0.3108064941943224,2.048638913998404,1,2.2504862781809445
0.6659144756126543,0.2699937110480435,1.4071427491427901,1,0.7372275976971555
1.9339753686812124,-1.0000892719219625,1.6989165475946237,0,0.19783522289320837
0.22555808227490015,-0.8330262773553596,-0.5175550894510036,1,1.4197051471100637
-0.0003736283247353833,0.8903170037751946,0.8835088251810689,0,0.478709497582686
0.6971838226459157,1.776673889998332,-1.5325928771245008,1,-0.33365124282456393
-0.8243113997394477,-1.7937374649385947,0.776973897216705,0,-0.6099533255893737
0.19231004674551078,0.6120229823667157,-0.7059539872381364,0,0.040595479866970374
-0.4866767678838989,0.15903091498714508,0.15565622849167185,1,0.23252636372388158
-1.4583368934268042,0.9086666125130639,-1.2475567176727114,1,-2.849418916112006
1.6900255574708927,-0.5850419395597509,-0.04259060611524499,0,-0.4370425554589036
-0.33178727742726066,0.46866999650015234,0.4742558869960503,0,-0.09484536525195505
-0.6776584035460068,-0.46648399008989133,-1.2822794111010398,0,0.10770898746272867
-0.38429684784309676,-0.11336976958755159,-0.1465777963448416,0,-1.157045867280705
-0.9727302580092136,0.000316202239191805,0.54908969876136,1,-1.901884674972679
-0.30465166375014974,0.0034061811352080968,-0.01091206513968755,1,0.3548159657949534
-2.7548103785417815,-0.47245940282234405,0.9430986759964424,0,-1.2476397973566586
0.2777440266901753,-1.2995137509700194,2.605720139154039,0,2.1721092829051925
-1.6691739768316634,0.8458105818763123,0.11499588226725091,0,-0.541241266339142
-1.9573252456140775,1.2858029182298902,0.8621492539167285,1,-1.297581985805647
1.2630406415008737,-1.230915866394193,-1.0857885832122893,1,1.5357712046499383
0.6399963733600184,-1.3024634940346342,0.8180932897974305,1,2.113689298388958
-1.315782249774232,1.8737994526541148,-0.32713973858493794,0,-1.7933542482342433
1.1386723660323335,-1.3025184400893066,-2.324464423615246,0,-0.4600357971131675
0.4534473509709183,0.2145757953976116,-1.0376893671881657,0,-0.44678557599496543
-0.11816810720973514,-1.3464193274375398,0.2662539075182249,0,0.23375687097080067
-0.13808309866032245,1.4612719962996876,-1.4197683001158916,1,-2.35801761859937
-0.984612526814679,0.30637174216057517,-0.11315761708499952,1,1.536346600561593
-0.44223468694280144,-1.3314974282181193,1.9456385766239044,0,0.8701018835109829
2.241773511352305,1.3459439164664433,-0.8848373503174396,0,-2.5518265966444056
-0.1174071750102244,1.6184614316419252,0.6985006756986663,0,-1.5879219290360065
-0.7260189862351287,0.19682897483096526,0.7333857305072968,0,-0.38836580818212413
0.5124846349669941,1.1543640453404442,1.4545842484852838,1,0.49442877694748216
0.2425568335228819,-0.024048452465615128,1.479698702016543,1,1.2556024145999096
-1.0288972615542606,-0.5184795073945478,0.3291224866591297,0,0.14399623039790385
-0.38366942622440725,-0.8044363553860411,-0.12009636630588572,0,-0.17221495020797029
-1.1577022641138497,-0.33596921023776016,-2.0666090966907236,0,-2.719751804560917
1.811615099025757,2.120347648100359,-0.7460307521708194,1,-2.464868206813164
0.5266350384549086,-0.07857209872579095,0.624770217572542,1,0.32872150662225075
-1.0100841001358618,2.1474054873152357,-0.3286177679842694,0,-1.710874926153797
-0.0008798708169758741,-2.7641943977079104,-0.5539244253468433,0,0.3044918604281419
1.4947775036316548,-0.4139313889538668,0.5884624536925591,0,-0.8697791147492637
0.2932656521275818,-2.8574013274552206,0.03256180964016369,1,1.0872489612629612
0.019138849122699156,-1.1413911255891571,-0.4621805596973876,0,-0.9879180377558205
0.3117894876224566,1.3464949973430635,0.447382129079475,1,-1.2754666718463599
-1.0427522575480372,0.3380280992958817,-1.8161429385917642,1,-1.3086547278395977
0.5177802305152355,0.08348707307314876,0.8760985752077278,0,-0.28911431395379195
-1.2464912755511592,0.14180073253092257,-0.3907123526022901,1,0.6899559855922089
0.3759281297358976,-0.5707988358327298,0.7032285978963928,0,0.18035029314731704
1.4297685669096054,-1.12985826457393,-0.45777490038643304,1,2.9835896941796527
-0.14137770874276023,1.3951526385967463,0.7370108052412102,1,-0.6128581601589205
0.5914096291644718,0.14465989402261395,-0.6016498207579002,1,-0.32324766201711896
-0.6484798777907482,-1.6877709478433705,-0.2768310755186956,0,-0.8537958048120672
0.38835608890997436,-0.9476631210392286,-0.46554807213421695,0,0.10667768588728085
-1.000287565281958,-0.9979718739346913,1.6815062546655168,0,0.23046055442400626
-2.5176625207260988,0.7243666457112089,-0.24643621996787507,1,-2.0353971013877326
0.14329290706795011,0.5538193855025842,1.8057999367150892,1,0.6710880106874153
0.6270603844999787,0.2351645341475925,0.3692253728920776,0,-0.1776621688737529
-0.34171731215069673,-0.188956454738983,0.7778800633533789,0,0.443890647697248
-0.7090991451742227,-0.81553500154224,0.2485073083215181,1,2.1436719521655925
-0.11973840571855533,-0.8408425612007657,0.3183228090193892,0,1.2117184395342164
0.4629136589344677,-0.2107175247404398,-0.8491170515391838,0,-0.4623360164682659
1.4925375025212353,0.39810408309244005,-0.7863610314419593,0,-1.9750141465836826
0.9140401856936559,-0.11423431925566294,-1.424392997474168,1,0.7497409128009188
0.6353827423312675,0.06720273490284243,1.5674209918867414,1,1.0866421951594223
-0.8157319135356186,-0.6857346938680854,1.082152989128889,0,0.11278629663167727
-0.619549104822474,0.4686170387243506,-1.3597980120787774,1,-0.9003351457550379
-2.5107154787878314,0.7671589476647634,1.211110919942613,1,-1.3611833627891783
-0.16914093832280605,-1.4827578212303787,-0.9783150887950506,0,1.6083728858471584
0.20415702870676886,0.5463289661623987,-0.2265115411836686,1,-1.5929204330882525
1.735542413963172,0.7148519572274128,-1.0213448938825194,1,-1.614876107185923
-2.956119923222842,-1.9592877750243474,0.7829433969391272,0,-1.2964726345890156
-0.3561236898732589,-1.6986923358469288,1.18664107805077,1,3.4739071366156766
-1.4309616159829421,0.702144255883891,0.9374705299744079,0,-2.562289868736646
-0.14149630178949285,0.28057755814094115,1.8663630351797704,1,1.561572471830345
-0.7460205403945602,0.7411225932846508,-1.3248972611619334,1,-1.1293676894799574
2.2726870126037895,0.3698162879717063,1.8240004546657234,0,-1.0136545981586182
1.3434231554554625,-0.6869110073032004,-0.7056620273674643,1,-0.32820005430852506
0.19062214127898433,-0.6397427443684621,-0.5534517426165818,1,1.7375825748630163
0.10856206923435519,-1.3644439478268384,1.6029331698588205,0,0.4767206953675196
-2.335340672579776,0.1187211144598832,-0.6086131754860985,0,0.3303170595164875
0.014155663157012227,-0.1762465990576893,-0.7880197713848505,1,-0.7128075184457285
-0.4291015710692182,1.3568472931944529,1.3977355328257326,1,0.08325850317012529
0.6987317997829071,-1.3893176986276514,-0.9718251794419913,1,1.6431101831373636
-0.7399561936239517,0.5321850226578203,-0.16080162437217685,0,-1.2873848353707227
-1.1106297724343515,1.0960459402996725,-0.11690596602151365,0,-0.50076398389136
1.125568773009538,-0.5042386503269713,-1.3087046302406278,1,-1.1503590596894993
-0.6847163709271715,-0.38338703226921067,-1.2794443861907625,1,-0.04490879191112879
0.21462164758191035,-0.8772920787965721,-0.49726414181660356,0,-0.9509173137818114
0.590792966477068,-0.9037691810031866,-0.04742434422763474,1,0.9305470887630449
1.9473180507964167,0.19756274332702725,0.10122410347881887,0,-0.39313070981525333
0.04034636489029054,-2.726613296012886,0.46727469467604815,0,1.2690117002460277
0.27924354257318085,-1.8475197248037805,0.8276731118788903,0,1.3055989712070744
0.9329706984295583,2.1264204272929943,0.24716121925461676,1,-0.6819757785971621
1.213138953901366,-0.9197064343383935,1.1235535955845497,1,1.995124744713757
-0.9172232084332075,-0.8574691736055989,0.3367794714817717,0,1.2506596036151234
0.15347168647579756,-1.0521760190303868,-0.8720404315735831,1,1.7701710461220008
1.4190391950903003,1.134427520725841,-0.1945576589485684,1,-3.647294001376164
-1.4793748014792574,-0.30608553985090814,-1.0246496671089493,0,-0.48210620535517645
0.6050972480015175,1.0209773762224337,-0.4099032433158677,1,-1.692902939522555
-3.3722016748355963,1.1525066451706125,1.6788708964925614,0,-3.5904316420167124
-0.06050660531980387,-2.2424648343271794,1.2414048338805683,0,-0.18447956284389577
-0.5318929574746682,0.07393143715523565,0.2810446714690322,0,-0.8531260787704511
0.5245169404757648,-0.40304710965073576,-1.2522866538189628,1,0.16875396087498054
0.2558560227442413,-0.8702646468504849,1.336141887487432,0,0.0030598341931120654
-0.08195459549586516,0.16952532158766562,-0.8319437626765693,1,0.1946170525527271
0.9311040726589958,-0.07543871444101201,0.5789255540287593,0,0.4056982382010723
-0.6008832143595007,0.5173395456883967,1.059909697689145,0,0.3736205536089352
-1.0650942077745198,-2.0889879094808737,0.9832196329961769,0,0.30469295718812417
-1.6791474769462102,0.2915677832717222,-1.301632008175367,0,-1.3962992903612284
0.10089742233807723,0.8032830185372543,-0.1432127247599536,0,-0.9203685214242334
2.1747306778913673,-0.019201282200473336,-1.9749236348546702,1,-1.3326288622681686
0.6654133405905366,-1.0242266598750962,0.6883288902542843,0,-0.23248015889387685
0.16405498328680507,0.060165653476482374,-0.9080273835156832,0,0.38761336232675364
-2.0524896169631375,0.6200699699534268,-1.060820024196051,0,-1.1888991615201474
1.065956412676058,1.3544332629617026,-0.916747336352506,1,-1.6211219533521228
1.439664351980279,-0.9899015709970349,0.489060411186062,0,0.9635345907008022
-0.5694697073619509,-0.15836266482423042,0.5797242928870447,0,-0.5101056915498197
-1.1395005138696641,-0.24456243268534755,-0.35116268837188575,0,-0.14316961554799504
-1.5418992740907003,-0.5152182287570352,-0.9686539671965593,1,0.6911597850751073
-1.5904354018717295,-0.49254919275061537,0.29308265198449934,0,0.04386079581653102
0.2780697566762885,0.5741259859367945,0.8584117027907053,0,0.37585734843574115
0.9338190302323227,1.852135436014577,0.3642833052332485,1,-2.5041734747679674
0.33715476603732775,-0.6694885643885383,2.6570702997589493,1,0.5889318628062985
1.5711470314394,0.06834075253262932,0.28362966468471684,1,0.8087789246187963
-0.032639361202433326,-0.04694563482697818,-0.164091557797497,0,0.7499872069539681
-0.34503445820383094,-0.2549063736784539,0.6137628635940531,0,0.047276962582716076
-0.3492694291834523,-1.9172268402103325,-0.1416606057818895,0,2.1863282778445505
-0.10403183419577909,-1.1563322025484113,-0.10449143176652782,0,0.31169392800973406
2.2029545982700767,-0.1851524922490569,0.6962378731547869,1,-1.2357982031565378
0.6001700747059278,0.6907395494355527,-0.8543261510084131,1,1.032030388533173
0.7934267627851797,0.761593082138654,0.8564617697393043,1,-1.39989828172427
1.5599089638386519,-0.5019304392748688,-0.9752600614404427,1,-0.9444043842861665
-0.7766573040242576,2.176117449180718,0.598437644611743,1,-1.3171901848970409
2.3159432117998175,-0.6158871984357186,0.6087429146466474,0,-0.5219041735246795
-0.9565202939963624,0.8158695115138902,-0.32954789819963126,0,-0.18938357026677488
0.778326961815906,-0.8884001225284234,0.5844404288001848,0,1.42616862495521
1.4886703411883646,-0.01783698034635374,0.27584089567381703,1,1.500330676178418
0.20930736119082008,-0.6114625909858807,-2.2008739676932274,0,-0.6893282527179212
0.577149407771274,0.7729614611617174,-1.747687927304797,0,0.222375613330841
-0.3895280335743198,0.4326427081457555,-0.6946382872236393,0,-0.5141940120119001
-0.46826079319145764,-0.37492179849827195,1.6629256229084581,1,1.936268553714908
0.22356414710588085,1.3679821909539485,2.066506913294471,1,0.07499464480084395
-0.29651211190531,0.5047932079611887,0.949190013387875,1,1.586089450014224
-0.09094254756087151,0.032169193680151156,-0.25446920794943967,1,-0.9296493783887121
0.29402290052126817,1.5553580552481965,-1.5877242282508128,1,-2.002988890317241
0.6558543055342966,-0.3417059396507627,-0.651652167315398,0,0.4185677208843076
0.16763527283827329,1.8370946714403427,-0.3988108487382547,1,-1.1960904892184996
-1.1275738030449192,-1.1947327376819288,0.8497114317520829,0,0.42556959428998037
-0.1202154439442332,0.1534438567854314,-0.5044963451421189,1,-0.07976259473857061
-0.6962503920071372,1.1343119825480934,0.6340702718344267,1,-1.0648460128276709
0.2968413502106948,-1.18624079331621,-0.8146295666966096,1,2.4957713484604986
0.6948554175529527,1.1846859808978991,0.2320891259465732,0,0.15275922085320925
0.4897501499777154,-1.80404972609469,-0.5142080626985402,1,-0.192466051357975
0.1644695698882179,0.5157070183482836,1.0440024069828797,0,0.27576952439408914
0.4298605152636194,0.6013340182191542,0.742692320388786,1,0.019051786024428696
-0.6421554796624347,0.518248963257241,-0.4632530067039364,1,0.11403076505019774
1.5994128488786157,-0.15572192263234313,0.3233566564639819,0,-0.30173330054444214
1.1546861530337877,0.0443618877622408,-0.664218636870108,0,-1.1475062643730558
-0.7333735393769406,-0.22074631873158934,-0.9801421397459299,0,-0.4687799660316175
-0.14421667264551716,-1.6925120794624964,1.2909562059005957,0,0.7150130240093059
0.4516441101768607,0.5061233851461195,-0.39807100618084407,1,0.1199058001712015
0.4324746968038623,0.5379152619930888,1.4963385056883292,0,-0.2766807292966
0.014545112628055714,-0.0073323734401659945,-1.138390175384143,1,0.25576825673748504
-1.1184249378030373,-0.49657791167035575,0.9265434396392166,0,0.4484635949245168
1.0375307875464925,1.016493100761083,-0.3753153935244087,1,-0.5337880606493687
0.49238756097353936,0.8596020925410343,0.41692813822241737,1,-0.6382059824911686
-0.2886254225955998,1.8921762110223583,-0.5386031410151325,1,-1.2582807730128152
-0.37619718224146503,-0.5117798877899739,1.6898943885385798,1,1.2020075258655187
-0.9987441533609506,-1.558659629995631,-0.5872680662241162,1,-0.15611048872269528
-1.6147008191303112,-0.6504849685270916,-0.0970423816913391,0,-0.4934549068292774
0.08137713138607611,-0.05647269352015045,-0.13500110530463091,0,0.17707379786799
1.5650451277140638,0.44591996720586335,0.4489366341178702,0,-0.09175978702629617
0.9675898933573416,-0.5348396607336796,-0.6121889314159578,1,0.8370094941626146
0.23018742587905025,-0.10347826406406124,0.13767117927681902,0,-0.6830549156432589
0.9681344375716339,1.2044821069062523,0.39652651487326,1,0.7128567717284648
0.010865440572630947,-0.7705656499775881,-1.2773836880799605,0,-0.4164989893755122
-1.4622025569812913,-0.0565091929496527,-2.0101756214066704,0,-2.1851282926256017
-1.9968517494300504,0.746889148448696,-1.1601266869305074,0,-3.7097809287778682
1.0740485616979494,0.760338566831313,0.26867351363426406,1,-0.27378024335745393
-1.071441906518123,0.28129210519159453,-0.4179745459556148,0,-0.43247749669064445
0.7966464006545185,-0.6176493791829202,-1.1126113588818363,0,-0.5162719966755857
-0.09624770554602309,0.953315755900586,-0.017682502387904975,1,-0.43198782007543846
0.44972660626370675,-0.31793399956414486,-0.19924268999181555,0,0.1036137027126452
-0.061453289501877464,-1.270459694453376,-0.07630370441419497,0,0.3908635705555067
1.5988530796165537,-0.035388984192100494,-1.0490121982338785,1,1.6487303833044376
0.16374055957312422,-1.7753044704129353,-1.0607186392399763,0,0.9923940310304867
-0.2768950022186916,1.693306787446379,0.0304371338565702,1,-1.6223591212433683
0.8930727340923175,0.06882685461990982,2.1698851169366864,1,1.3172425382014579
1.1413746292476274,2.58604671420195,1.4981253118734426,0,-0.8737992471578377
0.31989834701187925,-0.7681459039811045,-0.4548534005353195,0,0.2471417417515608
-0.5495326114538419,-1.6559949163047174,0.6303656357547582,0,0.4640794899231415
-1.9724299924072684,-0.29782489310421434,0.4800014179729341,1,1.3662857688216279
0.4306643964171362,0.5018019798465314,0.37628139876518785,1,-0.2641366267516297
-0.5313632470055337,1.159455987718291,0.6592554343793856,1,-0.7537787972168839
-0.3942167616822579,-0.3706639379987019,0.6432217799685336,1,1.1996177217922557
0.4477643605405192,-0.4989513324690072,-1.1294671856228597,0,0.864610148987246
0.4370711164055019,0.8831310040495894,0.46815816503158025,0,0.8976300207362102
1.906783776713832,-0.7710070979742697,0.5478822562556502,0,-1.5133147248948535
-0.04782847180243091,0.15826933194123066,-1.1683197323324168,0,0.5457637832429787
-1.1533068350356068,-0.4610121084653138,-1.147557502312437,0,-0.563129878685562
0.8923170183212584,0.6351568856808296,0.9374096997006951,1,-0.24795903072953007
1.6098051564634088,0.5883492179950431,-0.32498846984730684,1,-0.5798820706202823
0.20448038686977554,0.48845831386790894,-1.847317344711239,0,-1.1794905276850713
-1.7738330635268413,-0.18950459130479835,1.9098545627519576,0,0.7878404245973148
-0.991780671617226,-2.13200232167986,-0.20073406931087207,0,-0.37223258310191676
0.3629468927401853,0.2605024956313743,0.6396579591256982,1,1.0586687329567654
2.069300872083304,0.1169007676887916,-1.5270782409295096,0,-2.489812103984841
0.8814547119945321,1.0326918664901892,-0.6363464241070299,0,-1.559219578205517
0.9808760999997753,0.8297448762423733,0.12188467004588227,0,0.46771711275572825
0.3040062812684927,0.11186218382005346,0.04797960101511796,1,0.4614096613352466
-2.0948551539379485,0.1258510644246635,0.09212027107865019,0,-1.9080596854123866
0.21537981045941465,1.4426262621754258,-0.3335564294514454,1,-2.181923226503689
-0.3271009603528574,0.7007337661562931,1.0818433772208615,0,0.1918774014945298
-1.848780908538726,0.04052663684526507,0.824662844216345,0,-1.2502497082932884
0.46598601779858007,0.771317720785365,-1.7903568453032517,1,-1.9930432392014688
0.34777078875023654,0.01365606083846456,1.4851917304224882,0,-0.15068745484759527
-0.2509656920176402,-0.14819007046740953,-1.5340731047265208,1,1.0687499836395724
0.061824583457778574,0.6049182895107007,-0.4708099600829559,0,-0.8459190304172397
0.9639939692633289,0.28126724414908777,0.4639685212486335,0,-0.022311361537747793
-1.6849439039344578,1.8529871201204247,0.08122396225915067,1,-0.7455214005669181
-0.11794660292676123,-0.9656842129481661,0.04578134465455216,1,1.0126171020514492
-1.2377122937197256,-1.5007795591316384,0.11507359935930059,0,-0.6234414037489688
0.5689893263269504,1.0048527890015424,2.378305737019914,1,-0.01942287682353272
-1.919798953897694,-0.41932728092560567,-1.5554393747322968,0,-0.11301952740093979
0.4056539057141355,-0.03471959024205714,0.6524691459744549,1,1.433239803321132
-0.3145858968803042,-0.19232011789323425,-0.034275027252810064,1,0.3004185853396051
-0.6154211875125468,0.018111590596630603,-1.0487068564188557,0,-1.0505440083779491
0.8289555229037618,-1.4395918950042332,1.1057575700367213,1,2.1033262130671826
1.2121623572860072,-0.35855185289349667,1.122354740032965,1,0.1783645380946416
0.9903049384375566,0.08475966981226399,1.2473401687068222,0,-0.8979553096753368
-0.008260749516120781,0.35596108056946635,1.5067590746736914,1,-0.5455348832210207
1.99534096353024,0.22176951663859942,1.696102749795303,1,-0.6067656465085572
-0.29041774794327224,0.466054423866794,-0.6645743190412687,1,2.338269955447303
0.8470393508390075,0.5448307949625344,0.10978945832051329,0,-2.7562512672121966
-0.18383314022563896,-1.3864447815584386,0.39115014287505223,0,1.1290630815693241
-1.3628575770195899,1.2799447937838953,0.6234167030942525,0,-1.934281474376537
0.37001337066147844,-2.042901399463743,-0.07825608184214469,1,-0.16706935314093196
-0.4687908828332559,0.4220474192898764,-0.16955502700715003,0,-0.1258711599643481
0.47633066494340914,-1.0933343728870661,-1.323693688713163,0,0.9609324082448829
1.361827015481054,-0.24848899107199376,0.20306080187880418,1,0.017862256816027933
1.0836504492859662,-1.155354989395645,2.2617273122455046,1,2.7720085690934346
1.0731663959710322,0.5152639100317684,-0.6045044290672644,1,-1.052137796879364
1.780326364195274,-1.1161511697750595,1.854030754535948,0,2.6585655212851216
-0.5941675418132694,-0.5707465263210857,-0.6436981519994264,0,-1.044828658567752
-0.5130202367049538,0.6866588822434113,-0.3907810477947077,1,-0.2686326263825643
1.1262100044750383,-1.5166617195523207,-0.8720136855817725,1,0.4559951411156482
0.8437495313878549,0.5325042363269017,-0.2314434256372476,1,-1.008494897015537
-0.7126931531313209,-0.3489362038787732,-0.5386784878300972,1,-0.1506474762160398
-0.8167803466028907,-0.49492684611560434,4.283139674028696,0,-0.2384370363887307
0.11483882861015933,-1.1482942088913934,1.1867933238876078,1,4.184119081824685
1.5636658812053286,0.9484717836443356,-1.1394246944028945,1,-0.7121139535828415
-0.9421521733110236,1.0330529780635482,1.4265571923474263,0,-0.36526191469346786
-0.6880605450141679,0.47299550085625325,-0.10480289052086737,1,-0.589234144920193
-0.6534768054198323,-1.7349161190875009,0.6522165260684241,0,0.4242922949940789
-1.9231277208704463,0.21152453917312317,-0.1875530719585031,1,0.4226226548772333
1.424040978440335,-0.41680862006270347,-0.6962733924993235,1,-0.19519400165268364
0.8328628373357106,-0.6380833734351432,0.47048391149735114,0,-0.19655765535263658
-0.8708368343650866,0.9712266406641493,1.0877981450385692,1,-0.8118753908245935
0.3641338753960218,-0.6325545132123873,1.0698736456759035,0,0.03511791481795301
0.5804203329738514,-0.009756743317676777,0.4396281498980333,1,0.0334486619581259
0.01660618590342691,0.05258964278413994,-0.9619006934359337,1,2.7248069100911505
-1.2924420507741223,-0.20359280693804427,-0.7721461266143164,0,0.12787985084887055
1.4723723625849996,1.5047141834541269,0.2588656184053129,0,-1.8478910482159603
-0.09535676488552752,0.07934094330423012,0.11045068791434837,1,0.6542870414549741
1.0870440087682267,1.2468200024432747,1.047929830200147,0,-0.6327860974233253
-1.2566499614527016,-2.28291780820923,1.3932393189058225,0,1.0434797918033765
-1.9735845317013265,-1.2147011959348444,-1.3820988575559092,0,-1.1028346630319135
0.9761897090062078,-0.5597510947931225,0.2677027878476127,0,0.1971211939418388
-1.5938885806076337,0.9411425300774742,-1.4971179571331938,0,-1.7896688707094528
0.17227965704179352,0.34944672932802817,0.456089569044506,1,0.9585059042499697
-0.9143671362247046,0.4723894172319318,-0.13780572871384633,1,-0.7626932127398951
0.4317673856291982,1.091250089888186,0.03277151284085345,0,0.09203260761606213
-1.3054110329988566,-0.6259028291708167,-1.1895442525782305,1,-0.500518091521583
0.5540335297581074,1.5566398208955774,0.15477040605908363,1,-1.9310484505702343
2.318609157081245,-0.7216721770241288,-0.00765105358608364,1,-0.8564003815564429
-0.004675767474617695,1.4389533389022637,-0.8932692745076998,1,-1.2811901101759082
1.4096293263381612,1.699727232270921,-0.31959233711517554,0,-2.8841959300411935
1.5259778536337245,0.126996306900835,0.12497142454755916,0,-2.1142124303229717
-0.43229107789192445,-0.9935365493046742,-0.023782546466371447,0,0.9576365352813447
0.7316336009366499,0.48595505509543363,-0.9226585060797589,0,-0.42440473969043807
-0.2127764886747545,-1.904790811904878,1.786756731804371,1,1.7734163902096216
-0.4099053750656481,-1.027141041547009,-0.0497721737359016,0,-0.04339875141914429
0.7052337189673099,1.3283399863488787,0.456180344809389,1,0.7409839835207522
0.257114081720619,0.39709011420019824,-0.4838008389919038,1,1.827861349641182
0.6130722517872379,-0.46242233773563624,1.8123773373806353,0,0.7344439428516838
-0.35723766484751424,-0.32673698011076785,0.1335160601988068,1,1.0629671061690644
0.49951103716448514,0.24625351600704054,-1.3856428599018358,1,0.09198601749341434
0.979358586288801,-1.0772588317445586,-0.12271428179793345,0,-0.4206823273981652
0.15271161263643257,0.28427426346016854,0.5781266867615112,0,-0.9964382636865112
0.6539870666701644,0.46875439650253,-0.5604412318345344,1,-0.8674621661979085
-1.9941499416715993,-0.1608093914841879,-0.8717561618509203,0,-2.006794306195581
0.420261476304033,-1.13613979915038,2.0299309045235536,0,1.1292940889381429
-2.450966725239376,-1.972177665991651,1.267817463009887,0,-0.12823183517395867
-0.6712584044217257,0.511825541466932,-1.3338618577961991,0,-1.015809706383315
0.19517432458203443,0.2815760435891529,0.38919148000003095,0,1.2289564913951796
-0.36356711856644736,0.5273334218465033,-0.33579091291998725,0,0.011543519705530136
-1.3549239139057603,0.43567980453318433,0.3488133971856336,0,-1.3110454240816374
0.44298840177297444,-0.009268698897377982,0.23616128915806378,1,-1.6489452741218336
1.0325687810415498,-0.6582273467795337,-1.1794584835382593,1,0.960684576202049
-0.47116010240077255,-1.1307936858028458,0.19557280397212107,0,0.2558679035123333
0.7000912058359603,-0.8221992744489293,-1.0802223719754338,0,-0.30362163442580425
1.5908889076130306,-0.4134184648092313,0.8716282325068352,1,0.431316415552466
-0.634057600908402,-1.2190115708528155,1.1243027030690755,1,2.213130646648562
-0.7886511063122764,0.7201541602157769,2.777583619345927,1,1.8912939276817933
1.785181838149048,0.6252344713715936,0.1451641048865893,1,-1.6975968344986783
1.5086447897250856,1.0834980655168558,0.0009271949916284616,1,-1.6581643713186862
0.6653882656213002,0.2920639986557172,0.6922136307914222,0,1.7021675229290667
-1.658648024289246,-0.20837686744248718,-0.5865630924836037,0,0.45787873387835454
2.3394824579611098,0.4422558939037425,0.1420265505131801,1,-1.9367524420427267
0.07037436932672503,0.14707554218738536,0.32701655952603004,1,0.4408450040381281
0.705615879661268,0.5565720250598694,-0.21645013051479936,1,-0.06948067375245526
-0.05245472982889882,-0.39089603373779386,-1.4324624432814246,1,0.163592381902066
-0.35238836200285234,-0.788944592154055,-1.066828593593984,1,0.025257956485635835
-1.4113218890586743,-0.03122340692498943,0.46391468378524686,0,0.44796204834088493
-1.1667541516049589,-1.1237037521014004,-0.2097958154598524,0,-1.570427494460014
-0.8407763473023913,0.4625446478689711,1.285833794374031,0,1.5066605483991968
-0.8146672316386679,1.0345171280106764,0.1273368536240629,0,0.13457005471017125
-1.3549805875308198,0.40839985137076984,0.846873526479311,1,-0.9901098476518893
-0.28243145535036884,-0.3691678068601679,-0.2265751211129905,1,1.6500771237334888
0.8362248761746917,0.3278341404695871,-0.04998958462679343,1,-0.8563407035520357
-0.30350525421141594,-1.131676010910206,0.6073748325219275,1,1.7223240049306026
0.019012213695757004,0.44903394005790287,-1.4812708979345572,1,-0.8888094896980531
1.7199175781979337,0.7708394604537662,0.4165889811319009,1,-0.8053371098193283
-2.480751725799215,0.16706210819293096,0.42328694596755495,0,-1.447249916796543
0.2400110355464427,1.2153519362080298,-0.5525925778505527,0,0.5941807941055555
0.8510888583362222,-0.02960353436035869,1.0057537903098377,1,0.9660792594650423
0.12607169365964255,-1.6154486099532586,-0.10580722660109858,0,0.9760179408995538
-2.0592457819523275,-1.0364684716915422,-0.32404942478923787,1,1.3577965179197984
-0.787722156723341,0.2468248948896074,1.837026469637298,0,0.22397925942795888
0.10737801682787851,0.24951063152348993,-2.1242531089326704,1,-1.328448543771337
-0.5280165155252771,0.2226654106362691,0.6792255090642706,1,1.3110592345333183
0.42891379191033197,1.0333689454645734,-0.3864742894087546,1,-0.10604155725729965
-0.42836789730991714,0.3015370832403586,0.08283857440292745,1,-0.5899356599392245
-1.1087181869319942,-0.30261534570554693,-0.7271594757230272,0,-0.6800112796346317
-0.8033351200645097,0.3860694910169238,-1.1717085233761502,0,0.08872601027662919
-1.2568266557221737,0.47152956278921127,0.2836402481372233,1,0.05408212691842518
-0.15545616897212633,0.45035014025778186,-0.8585915652855484,1,0.7185707380399853
0.6902275035652133,-0.14246386679011436,0.5918582791788171,1,-0.5324455510495972
-0.3654692810516476,0.489563717172094,-2.0604480757089507,0,-0.7171281173008375
0.3535454468372069,0.42638930697970195,0.7096009477018376,1,-0.1542123568227245
-0.5411552649620791,0.9338672938031743,-0.2645750166460925,0,-1.8426261223037008
0.03230403887446245,1.008388049681862,1.3454796587375737,1,-0.23584374158209198
0.06443886575198197,-0.32771991768779524,0.07985578483127534,0,-0.35614120116306336
-1.7139360900752592,-0.8364623966715582,0.5941817471071719,0,0.4355984476067398
0.9754146403943815,0.438546482766276,-1.072056131883167,1,0.06736898336622871
1.280750792200805,-0.06584983403463393,-0.18623314973635818,0,-0.20092973454764296
-0.8269845330753828,-1.182722878052599,-0.665601647284246,0,1.3911116002692956
-0.6927925654015583,0.9528862217154952,1.6279021115772006,0,1.0636891266729107
-0.46671956166484635,-0.07478807691816602,-0.030989482403279114,1,1.2344166083689205
-1.4565274662652041,0.6428063774707942,-0.2991284094041122,1,0.04645420017126878
-1.1107934381050464,2.0060836741685923,1.4506206737552243,0,-0.9616979387127735
-0.5484503004660103,0.42900378023447966,0.5895502012398091,0,-1.1614289822403867
-1.6385847487855119,0.023261788218622743,-0.6754104607292745,0,2.5426199580970543
-0.928461985099361,0.28311637296370407,-0.6332891853632666,0,-1.7134098337342967
0.8495269664675162,-1.1736999941678568,-0.46165374531086906,1,1.1512821237516802
-0.2967208150976365,0.020874449656755632,0.42206613277031824,0,-0.7680768868927075
-0.6702131323216604,-0.2887563287923504,0.8518793235591499,1,0.33149399034979043
-0.24983843005688186,0.12985402025876128,0.06451755401284014,0,0.11107925229464041
1.5919668117919912,-1.2420690829390921,0.628251777095972,0,0.4095563342541061
0.702750780266613,0.00743771869019156,-1.194151796876474,1,0.17987252880723015
-1.7407790089455708,0.41439501855119276,1.216089277510238,0,-0.16655744655797688
0.3177116006683091,-1.438948705673317,1.1865039160627127,1,2.7256943054197116
0.29560832864588976,-0.5601195931891094,0.7580777016452335,0,0.10983155797550348
-1.5683419888663144,0.12007175885266594,-0.57825383494975,0,-0.5605136688172759
1.017703993793627,-0.8326181332468345,0.6696408857545998,1,1.136537817686623
-0.11340484490837621,0.5338985606891163,0.7775058694869402,0,0.15033783136227002
-1.1344027868021707,0.8230530600304935,0.6445018775578958,0,-0.2926109055155205
-0.12493927183768308,-0.5921337467199821,-0.035176487665608526,1,2.991168882640256
-1.2832821328021788,-1.1215758742538542,-0.23206861196127604,0,0.4021097331450661
0.5392303061954162,0.095308819858884,-1.2784964725815016,1,-0.5066923447802388
-0.562033095226453,-0.649393729568502,-1.423063326281249,0,0.2810020052361275
-0.7919986597759838,-0.6979822943500431,-0.23373601614053816,1,-0.10789151412273412
-0.8623457657341883,0.3403180383040656,-0.46226594979161173,0,0.1812350622640062
0.11696288912591962,0.6667660072621459,-0.06827143786516472,1,-0.7997936456679621
0.2249658509394726,2.808937663881798,0.8014046510863652,1,-2.3166045260933754
-0.9501521579054746,1.0696128726191705,0.6633652546081868,0,-0.16837405145094075
-2.2478242319018427,-0.7595387883322448,-1.1892767090827265,0,-0.91311167297964
-0.7563572697695156,-0.07849861461572294,-1.2490556465189613,0,-0.7781293345558228
-0.4623177033368394,0.18678140040339286,-0.06216626626028588,0,-0.9532096067996177
0.11420906725439187,0.5167560798772665,-0.2198574196145405,0,-0.23605423106514234
-0.358027125111702,0.8287913843554281,0.39586049099004117,0,-0.5522673826920004
0.18064590551727283,-0.5047172982068545,0.8296765419108397,0,0.4213325896791302
0.9140375237186827,0.5621826346907882,-0.029668872459581042,0,-1.0221566632300605
-0.7228456569455771,-0.9921565511605871,0.7309855430020067,0,-0.8654710505800445
-0.4465638694039322,1.5302797659920944,0.1711796750965523,1,-0.14595029282010916
-0.5187138579320099,1.287129586807627,2.7354198217289705,1,0.22047864190843514
-0.6237432599508561,-0.023652783849458865,0.9920737405900809,0,-0.46244953870605227
0.29467487951903565,0.452836532153708,0.7938752064208087,1,-0.5996172716928496
0.2797540985618497,0.7291001085837805,-0.15158204838855338,0,-0.06606171873348254
1.5002641538337658,1.0295780691190757,-3.1444548158590195,1,-2.7133390544376037
0.46971552851319526,2.0860173707138894,-1.1638621311135933,1,-3.2006945914501523
-0.17215356616767946,-0.46002231692756845,-1.8932627550362446,1,1.0152973402278653
-1.4078451589733043,-0.3761695279026645,0.5554162126706659,1,0.03378854154509403
1.0607448169886247,1.172772865763383,0.9923501192586671,1,-0.31485941699722786
-0.386481962865521,-1.748607690565555,-0.7335296557603016,0,2.311489241865533
0.005573103984428,0.3268463698449882,0.25763168851758345,1,0.07378598745305226
2.5054421378029863,-0.9927004949481576,-1.1689656054152482,1,-0.9998910083271297
-0.3810384217649854,1.6584243611465288,0.5944332433976006,1,-1.574794066825299
0.5746882474140877,-0.00602877740987843,0.0834762827683375,1,0.24301068570618523
-0.2864328966785316,-1.1513065637730402,0.6088220506130455,0,0.3831012692953553
0.9924854641332507,-1.4120294272693492,-0.3723168581761072,0,-0.9915256886777778
0.6244928075056371,-1.387529412913475,-1.4727839286457498,1,0.686824275671611
1.045751485430097,-0.9945413602877822,0.3728445354983349,1,1.1492540367018629
-1.1487371162813667,0.006782864808713892,-0.634782554666794,0,-1.5347453300165197
0.48580976710885637,0.19810632813518408,1.3948134997611048,0,-0.2600454233855225
0.2446489053793189,-0.11952829178131749,0.44903577563027175,1,0.542618597463884
0.46529544326603445,0.6621193207247611,1.0734929984926078,1,0.17163806212507116
-1.6184802813157018,-0.8362443284486886,-0.45124594944405577,0,-0.7038056446096876
0.17256277148255575,-0.3897642168610516,0.7313823737056584,1,-0.1723382158900676
0.2810826352545166,-0.3555520331460647,-0.15675876535103145,0,0.46097757864754146
0.7908728213587445,-0.4738425695255106,0.5931271491220438,0,-0.8105210417610029
1.0062453569383338,-0.11774252199231174,1.6828337907806972,0,-0.42569450203882864
-1.057093227163839,0.19027294373055076,0.19522509393799514,1,0.7939157235592286
-1.5620878660862463,-2.0884105022353716,0.07011842411240156,0,-1.5045626711123243
1.8201487338475062,0.25022705042439586,-1.7825105683125682,1,-2.837036362097977
-0.6931436444903666,-0.2021178905657981,0.6939130043527447,0,-0.08864334630270607
1.3194045865126054,-1.269582681372072,0.11497442615664834,0,-0.15381947511116745
1.4841906477795395,1.0212236975874314,1.3719658630163514,1,0.4966049093131324
0.870130160060125,-0.33554372319056475,-0.5305641289113171,0,-0.4775229569115129
1.2130922440308833,-0.32979143353240503,-0.8949492286340687,0,-2.0300815866036475
-0.2635163725045457,-0.5731181384659775,1.1530950461988425,1,1.3285376332207752
0.11550579220984991,0.07543494757415933,-1.2148769922356573,1,-1.348927717696357
0.8024688706889469,0.03885118032112551,-0.7954733831919686,0,-0.11432328875517572
-0.5478391076185921,-0.08829001056056011,-0.6597902005021238,0,0.49585782141584533
-0.728914222815866,0.9547404299425405,0.16885999421035525,1,0.713928440042666
-0.4019140175758093,-0.10212859123525451,0.19939341688057383,1,1.6845554889368535
-1.8426551642727282,-1.949033873011183,-0.6946283486516662,0,-0.41634991299717655
0.6284084614794506,-0.44232174988185385,-0.7614257860806785,1,1.065789839873403
-0.07363769524149899,-1.214097111590801,1.445203154898407,0,1.8071497758371584
1.5165587416261317,-0.20176100236535066,-0.5517101867439789,0,0.8114410070106455
0.43196369040778965,1.866120130086346,-0.3971233151300126,1,-2.1249852576449455
1.711767132109015,-1.0754005079693727,1.314969141608502,1,2.8032694131317655
0.9945627418625597,-0.04222386951068475,1.501299300392337,0,-0.005219346528641644
0.5235228750339337,-0.7871186553217779,-1.2844818108750429,0,0.4541205913483324
1.2572031866369735,-0.3470574521262927,0.017010525161516694,0,-0.30479051637848353
-1.3338117501311206,0.2563707076484619,0.12763371943028895,1,-0.5106076856459276
1.0519498535732754,0.6870332906349728,-0.8558009705129707,1,-0.5953916358031848
-0.053877948964185664,-0.2367003994439345,0.9579392109102048,0,0.7531592269302612
-1.140103173989658,0.12651977238738404,-0.0024566265764383297,0,-0.21256636432724868
-1.1796841067429482,0.7597976765528129,1.1870346249675305,0,0.47924958048273364
0.8252250455534206,-0.12298724626845974,0.4463578079150482,1,0.9504258063259403
0.24627303530686484,1.9336130869581387,-1.9954878709766022,1,-3.1219817015088864
-0.45830034162142275,1.5458134845847817,-0.40870706754637953,1,-1.2617645438960776
-2.1821032507185945,1.4408531987814897,-0.6507318812212521,1,-2.462937844611666
-0.07862733394795385,0.23725905465174593,-0.09109780475785616,1,0.9157574833649571
0.5299658018331905,1.0789115988797846,1.3417858994021126,1,-0.01966407011636845
-1.0886418878770543,0.255132867419046,2.085926514724489,0,0.4918714987247576
-0.5934166696062,0.8649300488281095,-1.724904751064289,0,-1.615565795025301
-0.9805434824818363,2.023314810733862,0.6108285340075605,0,-0.795223484750108
1.0711143799207696,-0.5338375468539619,-1.3200793007905682,0,0.5249653831168893
0.013923315511119196,-0.5875112391915496,-0.365746909045008,0,0.7423727187828852
-0.42069670717544677,0.9239002453613835,0.9040792461467602,1,-0.3247396734357739
-1.156258087339677,1.4154505723128552,0.9884911264398553,0,-1.185280550664614
1.8437564807167535,-1.9957893401444384,0.9465804771902188,0,1.5067427407091754
-0.6674843755681806,0.0439133811739167,-1.2227290428443376,0,-0.07595855068705387
0.8548171579259356,-0.8902871342677494,-1.2399650102879851,0,0.36109143370843333
0.9693690006254153,-0.27658493160929176,-1.4588089808529177,0,-0.740709186971453
-0.32284079813383804,-1.7723805697417347,1.2030501618477787,1,2.334873623789779
0.5985014762709558,0.4259832700590665,0.6620927555684343,0,-0.34767087886523496
-0.042205071804463805,1.1854834995354762,0.3054035868825372,1,-0.773158282616055
-0.9270237874037662,1.4735860731080639,-0.12670340989022633,0,-0.9568911523021564
-0.8023006081095931,0.24472661379804175,0.8248343468720315,1,-1.3920704008352494
-0.12301229579188855,0.4407570031246624,0.15062539579243878,0,-0.5879147599529542
1.2086089849619464,-1.2747660385124295,-0.21292503666865167,0,0.3489373120683191
-0.3411623127245967,1.4065620677668789,1.0066810103160628,0,0.4494748806912419
0.11648402836019005,1.225955342742969,0.7160508095697037,0,0.7031975711238294
0.9293791791880561,-0.5451957780331788,0.005757515306006997,1,-0.38264446944187835
1.0750403609184678,-1.4632255650009363,1.1686171541456312,1,2.165620793288766
-1.2132229674109738,0.9340304125064928,1.44547381333342,1,0.7791667532243833
2.6900477228331567,0.08796077154254359,-1.474528962145523,1,-1.2506137078302524
0.9885207025530106,-0.25742709777243655,0.7668517844702495,1,0.6676964216833414
-0.31084662097774285,1.0839733500134334,-0.15192092818777167,0,0.13233949150047786
0.4161643842024051,-0.6304427612300987,-1.1318302795743278,0,1.046793419393648
1.364584148302662,0.060900703519191926,1.4321593332303457,0,-1.1403913942868376
-0.7373444480198862,1.1283589991563456,-1.5660324511042358,1,-1.0460362461906842
-0.24722658753705448,0.1996122910852512,1.6664799414897216,1,-0.3826048077458216
-0.5487863595931296,0.8915780491115987,0.532648022865954,0,-0.24711802184892723
-1.391600500285167,0.84849313793074,-1.0225261071674758,1,-1.4206195842607319
-0.37223706924285743,1.0845314174271004,-0.8367803291585688,0,-1.0242921142808394
-0.21340710471088611,0.43278885107890736,-1.1464545465210723,1,1.5410196635267832
-1.1884592368028533,0.4378786193574484,0.9000305896371461,0,-1.0790825274863807
-0.08254599261774795,0.20153151351324686,-1.4796207793979883,1,0.3977303138660139
0.07921494368929244,-1.2375409555866963,0.5192549643052548,0,1.3853344108789676
-0.33978471651709935,2.305125991005871,-0.7091504044099265,1,0.884062391668281
0.6385985964442901,1.9568592988962512,0.4739466293200695,1,-1.6261376242183625
-1.1482894844157023,-1.322885025526534,0.3901169159556742,0,0.4861743355604898
0.5302699263817742,0.21598479809837962,-1.3216646667691645,0,0.6812838798622578
-3.414601155206739,-0.2672962415597109,0.9346502068722252,0,-3.003718463992114
2.213549905690897,-1.7399007190793419,-1.2012794179935495,0,-0.6121211261071257
-0.006282752661685485,-0.42271450992959003,0.13712803145724473,1,1.0700007037794284
-0.5223023838771186,-2.288527109406538,-1.1289771307119778,0,2.0067989416602234
0.6131586145333666,2.6751895317626526,-1.6418587423779127,1,-2.564126848501587
-0.1713005768448937,0.6887146815809226,-0.7585641916799288,1,-1.5859082443998238
-0.23610319116195855,0.14555429661803732,1.3172275471704797,0,0.333648327990277
-0.029702708211114474,0.2421669556896103,-0.3456208414532879,1,-0.824782633011512
0.5951933400235759,1.1019430476602896,-0.6187769023249104,0,0.04969038288783989
-1.1547974725617824,0.8886591589751469,-0.451180937885085,0,0.04372096282458948
0.7221261318337604,0.23697077992534463,0.6781857918355321,1,2.0025958505579196
-0.45845110584514326,1.0950687180320755,-1.9784272195890569,1,-0.5919808968104749
0.5792325363538029,-1.846166623331484,1.0658333506250166,1,2.7568962089178934
-0.8639489369414628,-2.44381573958044,-0.22004537341909866,0,0.40671533761226475
-1.1414571077222837,-0.20318163376499934,1.5142250703416895,0,0.379985289602439
-0.12732846822590088,-0.567569261595,0.902149006580777,0,1.3412231161764085
-1.0861876169306646,-0.5575779232593479,0.4422333271201891,0,0.028510318374785
-0.6228938315124066,0.7783396734769178,-2.5539145265356322,1,-1.5906168594079744
0.774242617528589,-0.6397757809205175,-1.8610870765093386,0,0.4814086238273997
0.7061089773311249,0.2992329052481469,-0.6459376205730005,0,-0.1796799774643883
-0.5870435611940474,0.8955854434291327,2.4115642949278024,0,-0.6252267967601265
-0.26008802490030997,0.32563089192164707,0.6881508178893039,0,1.3775060203571785
0.39481346071412804,0.3644054676944275,-1.2341963148185733,1,-1.2125978666594777
-0.8043360578672519,0.9106916335365358,-1.093805940612042,1,0.18556772105556962
-1.7217709605257452,-0.028256873895462237,-0.2778061360425205,1,2.7056429864118745
-1.0255920919718071,-1.2476704684042275,-0.21092310730881567,0,0.7524016513155445
1.0545435169256827,-0.6539366168728821,0.4361212347775478,1,0.11316541731349028
1.6852064185973137,1.450084621577515,-0.6354042618235822,1,-2.0736842270799016
0.378237209628138,0.8162475517771376,-1.395088347519766,1,-0.31885950646403494
-1.2988963888572143,1.2601394017901542,1.275304365789859,0,-0.8241649175045661
0.3436332450916608,1.1065778384944776,-0.6246567728631859,1,0.10334048552096689
0.3971883319411989,1.2060628554170627,-0.8969926060256606,1,-0.5351256584284129
0.44024556677674603,1.280982025303849,-0.7369175838836743,0,-0.4228110647094966
1.7408138042942365,0.9322573023777447,-0.22689556896199625,1,-0.9506470718095101
1.0684543516057234,0.3015281205564913,0.05032141701067009,0,-0.21872629783322967
1.2773597426723744,-1.0744254013814367,-0.42362689289426897,1,0.11645988575763844
-0.6811556475919162,1.333750200850416,-1.4106936703836754,1,-2.3779719393770273
-0.2884873006721457,0.12051530567837564,-0.22170270498876252,1,-0.3378986275689333
0.04508997653749044,0.0887535348108143,0.7112061249205387,1,0.4952621929164431
0.838380845790878,-1.0242570433464862,-0.4441446578839203,0,1.607972218048619
-0.005409017568669442,2.006627807902198,0.48848110594263217,1,-1.3353576600337456
0.756705921960194,-0.4804028350762527,-1.3801471991378682,1,-0.29427643890173594
1.0592386791708948,-1.2583970907478785,-0.24217303520130984,1,0.5163485865353666
0.4206834571647296,0.8659880314833139,1.2051787075574005,1,-0.04324176108433464
1.8892689022234783,0.6491441742679249,1.038614371208386,1,0.17695978244043442
-0.19089059449679566,-0.5517554167576636,-0.1040138109552273,0,0.33424349453724084
0.7208955589825261,1.1338187342203017,0.8845705072921356,1,-1.1270341428370871
-0.7891550519721297,-1.2532843111153633,-0.3252240881625189,0,-1.5430401458189236
0.04826989135413445,-0.36527867284734156,-1.1788446723080142,0,-0.5914643466240117
0.8830083934233732,-0.9231684870429422,-0.8322289598995601,1,-0.16600333834046888
1.6548201642252656,0.8037656110639402,0.965314575552367,1,0.2467308783858876
0.28901747220937557,-1.416550006629544,1.8250956999670482,1,3.9704971570563243
1.3547840169072707,1.2510185065250041,-0.9923655466977983,0,-1.0799273555151956
1.8239775391471298,0.8251039858222161,0.8955398387359623,0,-0.6429143832852147
0.028471185873804806,-1.4176794340544812,-1.6043628856588394,0,-0.37820565306457393
1.3120726787628607,1.8418307902866637,0.377953282838862,1,-1.3789694077664543
1.5307602566454006,-0.10966307107788115,-0.2650150864591363,1,-0.8914208498816647
-0.16523885124004858,-0.7974951951414185,-0.73701904753044,0,0.4222624451410023
0.7940577819621111,0.13745730464925293,-0.48180458230770756,1,-0.8931222596128585
-1.8031699705795026,0.6439968052381301,-1.652785637859241,1,-1.595739373058315
-1.9294830680064765,-0.6462289448948717,-1.497481405181947,0,-0.19158220379154078
-1.1882010903946918,1.432922350129706,-0.8374986450719474,1,0.5712178591955102
0.32546465481318676,-0.951341710375546,0.8594023628245838,0,1.2001189364606755
0.7068928181249187,-1.2949387096003044,-0.28534803038037404,0,0.3174613011654381
-1.7856370505963923,-0.3569820767411142,-0.10611558916810201,1,-0.26037065936263093
-0.22335165165578102,0.014662863521595779,-1.4559781139379966,0,0.4182179795256384
-0.1500102745903956,0.41751633922635883,0.057958519424848955,1,-0.04193283138950121
-1.2551168842436522,-0.4725413445285629,-1.703978488024998,0,-0.8558593766861969
-0.3254949200360987,1.1717206263193083,0.5010120209923308,1,-0.6259596928696296
1.019427734106972,-2.037905399555954,2.886118655397732,1,3.603511171173607
0.007298276216218604,0.272653763108902,-1.6285761626933974,1,-1.9240348561270586
0.9961373140543132,-0.8326484819618251,-0.0292402056101291,0,0.4502629949433401
0.830524125067597,-1.683976426945117,-1.3150965705144655,0,-1.0976507660675041
0.5843574664249034,1.3722188981467611,-1.3805552580722,1,-1.6395837904557873
-0.10900437305111463,-1.0120163109708953,1.675832045759836,1,1.8232020168575538
0.3306380953276273,0.33635962896875016,-2.3374300643018397,0,-1.1656259506666995
-1.028699161979135,-1.3248378526598454,-1.1492369967039582,0,-0.01818485796644398
1.2616808298727384,0.7428870753628692,-0.802902370647919,1,-1.0227811815432823
1.8277423350703998,-1.3586195715006903,-0.2098352805002794,1,1.0860240792336615
-1.229021626214617,1.0474892172781924,-2.047357334056095,0,-1.6575628602065529
-1.131657566878358,-0.36248078363732794,1.226266868983169,1,0.5808755687067844
-0.025952234258122063,0.7210459672277028,0.34317267330727386,0,-0.7967540345837262
-1.2960756933336148,-0.19197720045350586,1.9417690699662038,0,0.5404230730436757
0.5682414322471476,0.41261108268706465,0.5003153247721434,0,-0.3967103238957851
-1.2508441214847117,0.8457457063493596,0.3333803972931362,0,-2.3746222120828353
2.3362680387252044,0.31408318356372905,0.6165953848954806,0,0.5168837043021024
1.9568922841299567,-1.1239941208172428,-0.8157152955527222,0,-1.541009524014795
0.7127272895428766,-2.694974526462275,-1.3339966329419473,1,1.9550673201446473
-0.4879020916157412,-0.971186355768827,-0.17425720379505927,0,-1.1942189234236609
1.215189902368243,0.7310958503120752,-1.4853075936281408,1,-1.3772651759317884
-0.4057399321365583,-0.2147201573512886,-0.9443811501075386,0,-0.29024367054159517
-0.935794083437044,-0.3571987419604463,-1.7101298993951142,0,0.7849168476081969
-1.9763408600954535,-0.8791906754757458,-0.5657123147894454,0,-0.10284393778458911
-0.8780418093667657,2.468784204760481,-0.7178240404920018,0,-2.519058520075167
1.5489649157729497,0.5070970115776899,0.11767502601352361,1,-0.37607032715468414
1.473878305995818,-0.5165260095551363,0.06756081309036006,0,-1.6402713782823246
0.6073119223474275,-1.7053529781133427,-1.4590204049788176,0,-1.00489193381344
-0.02340953447001463,0.8019644419897047,2.323733497526953,1,1.7022558576755975
-1.4817901537218239,-0.6133522160176512,-1.1356708911332605,0,-1.5734879292386668
-0.608167725883351,0.36831826264516065,0.8242945720320369,1,1.449891958200527
-0.5080576757206183,-1.4804008355766958,-1.8451307291870815,0,-0.8820499295439503
-0.183860649380897,-2.9753840395535947,0.3264693841203467,1,4.58659226178643
-0.935617849100182,0.21412394877837088,-0.7877475365963231,0,-0.982966986872107
0.7116814543466532,0.970171532933347,-0.5439939211746937,1,-1.125054751429989
-0.7089414321155151,-0.0719898498122681,0.052022110020857014,0,-0.540092300520105
-0.5953912200840934,-0.19016741784673896,-0.6521685272030708,0,-0.31882352120458834
0.5972751127237278,0.01934152293488556,3.1209318045898815,0,1.1138699810042318
0.45006502357442585,-0.7322785672059217,1.4257295754998514,0,0.220659076120293
1.1047415691766445,-0.1301085753379,-0.6735590657217083,1,1.466434851381877
-0.7846498757729286,0.8901511661406568,-0.7815007245604173,1,-0.8970420424051377
0.8645503694138613,-0.36686405768769875,0.47934376377270477,0,0.7592875672907352
-1.7065936489258784,0.08057028000173486,-1.2843590048695561,0,-1.8798769815915564
-0.27082114967060317,0.3584160888576691,-0.5751673841415413,1,-0.7688812337823439
-1.0793342702399924,-0.23186389755942605,-0.7755565957755417,1,-1.7550016771157735
-0.1764291825382377,-1.603018078670223,-0.6703309192850924,0,-0.8512815517844644
1.319829881243135,0.8382386768912321,1.084436485167079,0,-1.554630918906593
-2.2939546608232173,0.12754635926441799,-0.7500394559315421,1,-0.04254502672382349
1.313845588164528,-0.13550995548406275,0.7620336637907009,1,-0.0648935703451673
1.2299037190408304,-0.08252903367919964,-0.3099297861739448,1,0.08610918813393265
-0.46217938915192686,0.4989565685453693,-1.3808251120528996,1,0.466263043747575
-0.8617010357444373,-0.12602474887270662,-2.89477899427538,1,-0.4150320329191901
0.28052598345166896,-0.41860560221946863,-0.5559414543677532,1,-0.6255417177671436
-1.9141718367490543,-0.654662385059885,0.7539800315841868,1,0.803214076444005
1.338418511962814,1.383462120740505,-0.004347710747427433,0,-0.9623804427938367
1.8456365073446312,0.35556448071815694,0.6845636220953895,1,-0.7495591894979404
-0.8038567160937959,-0.9345679580348232,0.31769827442862386,1,0.8977576654298816
-0.5901079082405571,0.20286819142723844,-1.638371480937899,0,-0.3401574641997199
0.6009415314491965,1.221845779153666,0.10820138860475267,0,-0.7352669635827527
-0.8267751294827664,2.986726510498412,0.8699194466558205,1,-0.8973875618431253
-0.7011428861966634,-1.2328954712381697,0.24813593811101153,0,1.3503954529954205
0.7415373704221725,-1.9923495878497866,1.7710843384792443,0,2.0039450559956284
-0.04340618999300276,0.9935787932370825,-0.15139964045518792,1,0.09588207469341029
0.671104158392407,0.21046604857680148,-1.0996608846404474,1,-1.4570770111474052
1.4745081975973575,-1.3410046495932917,0.9513895862724617,0,1.0959056218911942
-0.892668544989993,1.100537592383823,-0.40592937855748384,0,-1.7430554645099936
0.205933583732507,-0.19110482122305109,-0.26842591423204765,1,0.9004635808343384
-1.1886370884370756,1.1051227861816444,-0.8020601769055689,0,-0.9042336547733243
0.9988672432938376,0.8662438179560041,2.3402080049795297,1,0.7631908253148296
-0.13701351351013286,0.7046096122941714,-0.1197941011322318,1,0.923788890043816
0.1821796301799404,-0.7035282023380501,-0.8001558732728906,1,0.37645344903362504
1.4103082215317242,-0.37949599622077873,0.7740110728851606,1,0.8423871949380868
-1.5053422654878097,2.7205142810492657,-1.5490609118057257,1,-3.0517623659213022
0.34979008340715817,1.2427776174035319,1.22694686427406,1,0.015020756034871852
-1.1276271559799773,-0.9552038398714803,0.284841271297645,0,0.20116496627299013
0.4919338364686763,-0.8145894522308335,-0.06366098270318303,0,1.7229884717764532
-1.8929722125712956,0.012258310425076666,-0.5783756074757793,0,-1.2138828930980672
-0.48122058500652365,-0.7961945707214563,-0.24504553394331124,0,-2.253640884932169
-0.45859097001493127,0.6791668782163687,0.012075172051388507,1,-0.6455176859962237
1.2040241304032515,-0.2535170121170428,1.30766681287075,1,1.6201486250455037
0.393872232600527,0.4757379367402281,0.20521635571950167,0,-0.13605673649135644
-1.2208984737946948,1.1594302249413182,-0.4563406579511788,0,-1.0469013942481253
-0.7114761000833038,0.7747335293974946,1.8673935786646598,0,-0.30092215889148677
1.0712266401142998,-1.454643624275977,-0.1689540120421798,0,-0.4687892982384256
-0.34583756580675085,0.029941789268333716,-0.7157506881922479,1,1.5133545569969473
0.184048499303188,0.6232971339862073,0.37952741032538717,1,-0.09803296123182081
-0.509248190468633,0.36924944311467855,-1.4452774427513357,1,-0.5725306593499422
0.8676202146904375,-0.19440178307605718,0.3262734701173192,0,-1.3023122053175273
1.0643716369819587,0.44872141254969733,0.37647304294227746,1,-0.46879467535079095
2.220183545164186,-0.9927954913246892,-1.1405877054759523,1,-1.6665965587695308
-0.6752159764592511,-0.6264527610817837,-0.5996867722932288,0,1.1915538245989943
-0.6693100176156167,-0.9051035481736263,-1.3948825297815401,0,-0.7056589142584844
0.14293346104404644,-1.020635096854551,-2.165924806804691,0,-0.4869398937234903
-0.40228588591171494,1.0292862628334376,0.3258462100239286,1,1.3593546817328772
-1.598449644345285,-0.3732918475907177,-0.25697840878100636,0,-1.2806815744686295
0.9046782617571476,1.3993052193947415,0.5307861000399953,1,0.4789355793935959
1.0954015540203175,-1.5531095290563615,-0.5245250609965495,1,2.0545111511158165
-1.4716031125409763,-0.4290813456589396,-0.40458407873544733,0,-0.44096475360466036
-0.4925552630355046,0.4590409313689861,0.38364978192056354,0,-1.0418701054850599
1.150585762950804,-1.0182644863669328,-0.9187211723086991,0,0.899489341016435
-2.196231578903843,2.210900382504805,0.6470300199574629,0,-2.1631513773930124
0.1299752563349403,-0.04184996471182049,1.29448621475762,0,1.3515803415880405
0.17865174538938397,0.9177617663029257,-1.4010283169880415,1,-1.3332369097145012
-0.6230910610295947,0.09956077592367572,1.484182832984529,0,0.23890218524310503
0.3231626588912797,1.2440064448736223,0.19304556833051548,1,-0.9779115764715254
0.4455488968213078,0.9701335861336896,-1.1356704468943535,0,-1.5905659589040417
-1.458592600543528,-0.03472613639178225,0.7947949425390706,1,-1.9209607519739913
1.0281048918514128,0.40176923664756575,0.6187572239154704,1,0.9451680766855386
-0.22513548923838353,1.3913457298654996,-1.056467267010706,1,-1.2970958748669377
1.5000309327265229,0.37041160263325007,-0.07944792616131022,1,-0.6403344935395328
-1.4190788441245554,2.038484638680796,1.6952802677727346,0,-1.297397336898311
-0.4991504605684074,0.5431233030904808,0.5245218935405614,1,-1.261981255191691
-0.7944359197664238,-0.4066201110193199,1.0606149643813778,1,2.6985508485389733
-0.6085645705481857,0.9770691198445911,0.9486951418560172,1,0.9302332497025101
2.186989833586204,0.023939695958223806,1.9912353754832854,1,0.4346160070068129
-0.4457294357145658,-1.1805043422847228,1.117380505167769,0,0.4740074183375787
-0.02497215779544482,-0.03419038386808878,-0.3507975353095545,0,0.6134262490312413
-0.1507539000934042,0.4026266569950821,0.7050848456092857,0,-0.9218106158142996
-0.5284356544928542,-0.20333589825791246,-0.15821263065792632,0,0.5513851120348634
-0.6613674229334978,0.3344521992647721,-0.6090257780965372,1,-1.4250577890923075
0.6666103808876106,-0.09790559081298646,0.02195982872522559,1,0.3485922021261558
-0.7713857416336783,0.06320649776987365,0.7287553226276778,1,0.6013747945616255
0.3674376717145848,-0.3308828831827783,-0.6943463071760487,0,-0.6377852727303701
0.631214315153138,-1.4778441067044734,0.5904937939580372,0,1.0711086138749386
-0.2501382510591992,1.7865478730511957,-1.5860323798460647,0,-1.2264922793157131
0.28438985064179945,1.2778100647080795,-0.27966160379229593,1,-1.0114334955308335
-0.8042813899039749,0.2840654263954996,-1.303888187532166,0,0.1388321873074272
-0.1635513153177284,0.7117384168760966,-0.7467705677573752,0,-1.4086194537895327
-1.6749872488399322,-0.30440822597413464,-0.9799546997370867,1,0.35151553215862186
-0.8956055316643786,-0.2452136127620437,-1.964244615793365,0,-1.8985483115980897
0.23842816944178463,0.6215062029038343,0.5376550871858733,1,0.019672539329534888
1.390770665686896,1.5302665749660564,-2.3721589538223156,1,-2.9140499916845015
0.508458160228037,-0.7947506850932233,-0.7915968482098155,1,0.26686199625942825
0.43798489200749946,-0.15566908178104208,-0.7616147349743638,0,-0.6151958209961709
0.7478218520468795,0.5882652795970357,0.42397850106518953,1,0.6132862636329648
-0.8263954972201267,-0.42643243800101244,0.56980712889492,0,0.0747511305568276
-0.2969847410561253,-0.600876096046732,0.8099409526774409,1,1.8728440865569034
-0.431976908575468,1.2957336460345814,-0.813113930735986,1,-1.3353666990701618
-1.763324895598777,0.21298360638925434,-1.0144955439309462,0,-1.6418015256252758
-1.3926578711972113,0.10695232042223644,-1.4159395474611258,0,1.268610420342737
0.36356810215349106,-0.2506451741971228,-0.3979505285946706,0,-0.3141864268436466
1.1647403223397672,2.1002644493183036,-0.4169562540978514,0,-1.4488911271186005
0.33303416377703654,-0.9578305994263463,-1.8222494067747146,1,-0.13427039336351115
-1.1288020267234096,0.04924624920991306,-0.6732149591464324,1,-3.0981809181798017
0.9742048592254663,-1.7944372730955223,-0.3771708018134332,0,1.98085255632677
-0.5254908710531969,1.963966809129949,0.4646210146712157,0,-0.7705224834413502
-1.3604513247985537,-1.0147472061869522,-0.7468640767645325,0,-0.9178821072986474
0.6258444849816903,-1.7150809880119466,-0.6752190541725563,0,1.2465552935563686
0.689318062602075,0.13267038516253143,1.5112422626084134,1,0.3289956817514501
1.8130349300576114,1.4461149711448213,-2.4055353020180203,1,-3.2615318159354665
-0.40619781373374614,0.7380008032902076,0.6638026371125794,1,0.5033952394599736
1.2990658833681736,1.3515243979862188,0.29357143096154387,1,-0.48526485044403195
-0.1817300042395947,0.36240786564561855,-0.3729461515775776,1,1.1131126923938073
0.5500503936914058,-1.31838589022887,-0.631750925924681,1,1.5436526267789867
1.6409528448085695,0.5292319383857473,1.2939512910857383,0,-0.042700968526169114
0.42209323351885025,-0.07192036263429104,-1.8388447439810272,1,-0.2550081983738366
0.8934737202049278,-1.2863581679104645,-0.13224852956688968,1,2.744699658822343
1.2853616440028304,-0.07880625276699878,1.596756792237034,1,2.838084775650277
1.2236013370083363,0.16889499218852852,-2.0998741904292646,1,-0.7907163963776869
-0.5694753615836812,-0.04081498034342066,1.2332156827882248,0,-1.5309521263398316
1.6066115198270658,0.07999122191827038,-0.21056028021968712,0,-1.5184413115432105
-0.1268992333567454,1.307917442808719,0.31768765543832295,1,-0.6571313411411773
-0.6416653868888194,1.986174970580754,-0.7890720960099593,1,-1.6756937716108067
0.05881019213341446,-1.4543173856620095,1.3005144472588244,0,1.6197578018171759
1.876011341091005,-0.7388664853547965,-0.170876567299411,1,-0.060061599038139235
-0.605036222526026,0.49007617797428144,-2.012437859201354,0,-0.37307656599811945
0.8808242639481497,-0.753875021739877,-1.5535271134972923,1,-0.38172144910792954
-0.2736979478517655,0.0034792804498163517,1.3051855012124916,1,2.238244030239633
2.2919265301362843,-0.07561089045046263,-0.3264033471948581,1,-0.6936665594291548
-1.4127746576333677,1.2312918489597915,0.6980986515921019,0,-0.5505325284590186
-1.3474058035546008,0.029579712503849706,1.1359750719048838,1,0.5108272381642098
-1.478650393965715,-0.5882896255519404,0.5242843644870507,0,0.7791989823821165
-0.21274065157556726,-0.7991794515788667,1.4141781508344982,1,2.406853703422118
0.37971045066856357,-1.2908447139941555,1.3197703305851514,0,1.2010668319825388
-1.375887895254855,-0.5878078382212603,0.0876218941256572,0,-1.2767933475682147
-2.074284795042853,1.5422337004005098,0.36644445388291835,1,-1.0561841407921158
-0.5276649833131765,-0.2700795919284349,-0.3748285358548171,1,0.5547614792109787
1.1614001984161555,-0.05663664234785712,0.791140301843395,1,-0.9529369009781677
-1.9453049416774162,1.1089350300687226,0.5977195408750133,1,-2.029366583995314
-0.9252808294815588,-0.9647698968774028,1.2055416855913808,0,1.2112590458349288
0.9773887805359405,0.7102833659432072,1.4800992382417923,1,0.17061166203525885
-0.23029727071107825,-0.09938207588651377,0.6190135874952875,0,1.216438279258502
0.06258609210061411,-0.3220949043564124,-0.7713578670643738,0,-0.5762940284299854
-1.3971476143058132,1.0878870606691544,-0.34321594723542936,1,-0.84746414540797
0.28854858313656745,0.01312366793226279,-0.9261890015854133,1,-0.07457225931770745
0.30560990117750114,-1.8747104688477032,-1.9548594403403006,0,0.8624799524852091
0.8530777918983404,2.7044756662330807,-0.828892560296841,0,-2.5483942940543964
0.8386404810719823,1.2124646092990758,-2.0151885809243257,1,-1.0057751874934393
-0.11010227424970262,0.3279929093505268,0.09934406860672855,1,0.60752959193379
0.6469991669459273,-1.980032637124104,1.5334424466217758,0,1.052821825564773
-1.272317581049671,-0.3271312584338202,0.7135912189118452,0,-1.34071130028368
-0.46612187263093313,0.9610295774124686,1.1821498796906709,1,-0.33249533428124084
0.7065449655947442,-0.47612640420080354,-0.5332407744072333,0,-1.5675102932185478
-1.8558778745395663,-1.0348816429877539,0.28068021944592986,0,-0.6492810808550308
-1.26582811152018,0.9252437200150718,0.3455709485161993,0,-0.18827288153802058
-0.6894575227531277,0.5334322990441785,-1.003958426209636,0,-3.102661346144827
0.5375583628967243,-0.925055727157074,-1.0080161649951693,1,1.189981290590375
0.41223698423944544,1.362819341594753,1.7606822102044022,0,-0.6921146395672584
-1.0960458157407702,1.0290660216815262,0.03247877812945146,1,-0.14505067165818153
0.13681193149621856,1.1113898113380376,0.5934483015871574,1,-0.08397130282176524
1.2420082794873224,-2.3375584512486642,0.3612949642344936,1,2.005454755537463
1.2675380349633245,1.3611639476307578,-0.6748370339153599,1,-2.09065501798132
-1.8074749423928016,-1.2883753176351211,1.1830976890964686,0,1.1930291020456028
-0.4575881160083054,0.270346978508145,1.5828147533695076,0,1.1839019808084579
0.959455556648651,-0.3629129242474906,-0.3186156467268828,0,-0.9104943078010226
1.1544233415688527,0.33525615717052226,-0.7467490543728458,0,-0.3338893323342873
-0.38945017543594085,0.4905310214417705,-0.22114416085574212,1,-0.3845697071393015
-0.3277783667328214,0.3158216998096788,-0.14425784605063394,0,-0.9201402303717215
0.8089464769442887,1.0815761449683434,-0.5440880542494108,0,-2.0704720996084927
1.6098484043881074,-0.1498629435323381,-0.39211438372153157,0,-0.7373867239640192
-0.4777419699369666,0.3369094026395698,0.6141649249989082,0,-0.7398444124368443
-1.4978307999908629,0.1252568949712947,1.0386233854503553,0,-1.3653011748781503
-0.3835460429918013,-1.5959718952568305,-1.0518513577444804,1,2.4091754767446925
0.7638183617500768,-2.1346311744055666,-0.32620750876278015,0,1.7097765213401455
-2.4034131559522325,1.1799878647822408,-2.6958073737619688,1,-3.1838912437720825
-1.0019871567936218,0.788022292261854,-0.1837375102263548,0,-0.5083734107616917
0.3864414264562556,0.048421854773449235,0.811737650092294,0,1.6605362660753111
-0.8312963175090032,-0.41892760945425594,0.005116660748359428,1,-0.4940939671402709
-0.29266383314301925,-0.07239387656940706,1.589854167631654,0,1.9577718347710933
0.22297099017039643,0.354402725614838,-0.5992497503145188,1,-0.5319183579387652
-0.028577719463073963,-1.2989018486439938,-1.239145359404004,0,-0.055555296372892304
-0.3077110124912227,-1.056222969560528,1.7273941717604604,0,-0.5430455795227423
-0.66893045364354,0.8483350751503691,1.421524030069864,1,0.2628543793680697
1.0575565098053927,-0.6941163559586656,-0.19757703551997113,0,0.28053677374297575
1.2470373434325928,0.13222352555093858,-0.7969064792884927,1,0.11384709670920873
1.2086413594480747,-0.11988785679963129,-0.8532021360173645,1,-1.9325521743834126
1.1211223071234413,0.19737545815646373,-0.6262814555566507,1,0.7081920962430436
1.0870465004619287,1.2484070178996096,0.9830537345123529,1,-1.9701965831671782
-0.7613910681675269,-0.6765572465128085,-1.5404094343295296,1,1.1838973245118227
-0.033778085102963734,-0.4717290853706475,0.1951799195450365,0,0.639936181351497
1.9810016416127143,-0.7316868700673121,0.40698907338091145,1,-0.3612433534828987
-1.3360158901152563,-0.5606997959471118,-0.9001387429557075,0,-0.268491139886168
-0.9277607150598945,-1.845118453845348,1.5810447554871354,0,0.8442588034972134
-0.14070517157340923,0.4459096723668678,1.7143769544370686,1,0.5602833489312506
-0.5788097888800511,-1.3192115095886847,2.129309595273148,0,1.130743359780624
1.21242418108717,1.0308510592929863,-0.6112801197843538,1,-2.116800014127155
-0.42509023569902854,-1.8498874774079805,0.18966490929768193,0,1.2214307976155592
-0.6285891577100908,-1.6535087242376103,2.4553329059189366,0,1.978625843940803
-0.9728075218322183,0.179412934238249,-0.6295913589594255,1,1.3077043368246584
-0.23894259508910615,-0.5047076871081726,0.3851521003545357,0,1.5668884657659703
-0.4281105355148482,0.2888744629370475,-0.39873754432329117,1,1.5298530348243908
-0.24107560346194887,-0.2586183255514493,-0.4187193226968463,0,0.24373631391471523
-0.1603014916537615,-1.1415042185381652,0.2475341929068797,0,-0.4343811416914042
-0.08215199236035425,-1.5011288948311543,0.19673125634553135,0,1.273254066186894
0.4470044887397999,-0.7490028491757159,-0.1318912379515847,1,2.2590217443807292
-0.4169739809299672,-1.1618583991189366,0.2812575543349776,1,1.7376583179429133
1.4601886248261773,2.9665504046346465,-0.5796188193871777,1,-2.9695223824906094
-0.787660203641242,0.4691931805883109,-0.26864628260244644,1,0.5670779196895483
0.9855449356098389,-0.21757638809913327,-0.37293620948394895,0,-0.1750111631905551
0.4764266598634897,0.6787169904318118,0.3462038239547749,1,0.6786986032266982
0.024210109061955067,0.33630604711922774,-0.3323813232198064,1,0.0664235592280252
-0.4251523454182326,1.3855230993590746,-1.0702442985586555,1,0.31359174591233135
-0.3257073293816017,-1.05616615290986,-0.646627774861708,0,0.4576249694754375
0.09595089598587075,0.5728035933527,-1.2003016993011664,1,-2.1139219104935076
1.7361579775344342,0.6011051068435568,2.3692176472427766,0,-0.09060759280509073
1.2896563888906656,0.07835597810218829,0.2142529539225042,1,-1.3595737297333883
-1.0980027402390153,-1.3823235879420968,0.3194247095958524,0,0.4304114243319102
0.8471526534313433,1.159148078849828,0.048489569491632155,1,-0.20656666058031112
-0.4338992979581123,-0.415027120487292,-0.048749586718750564,1,-1.5316580065581813
0.03398748067899527,0.9481869380673452,0.37387007312346704,1,0.18267186631304053
1.1700702948460031,-1.037625949157456,-0.9937962168564368,1,1.15461211963478
-0.3161333498882121,-0.6327805966613747,0.7283920244454437,1,1.0107332819203634
0.44105991935889727,-0.11794632074404146,-1.3911642149850085,0,-1.6576987970360226
0.8024533534791909,-0.6666686555753151,-0.47177353726574284,1,0.02006593004624002
-0.3695604316384583,-1.42118134419055,-0.8994579683842953,1,1.1347815033262358
-0.994615811814093,0.8162292456763061,-0.40431503979557404,1,0.1851286347664095
0.24425757384117955,1.0668206405554066,-0.5633283543013899,0,-0.5737842770285336
-0.10311255548390402,0.5991710735237616,0.23001141850489706,0,1.5674021884126783
-1.034581395537078,-0.42315091784676556,0.024951047289957378,0,0.32271098864514647
1.5143386497988096,-1.5460225085722092,0.1782256604368856,0,1.2326105919990697
2.0428618184822134,0.5201340887621869,-0.7142682180568147,0,-1.2424136337862017
0.9355481232276026,2.4894518225017293,-0.8413059972964989,0,-1.5578806680679722
-1.2214384512631198,-0.4430431152705993,0.03193971834737446,0,-1.5779082735196694
1.3501155279029209,-0.149826017276119,-0.5715006451680967,1,0.37995351214666917
-0.11441682432678897,0.6452715629592837,-0.04471980702457043,0,0.09776483163510719
-0.6915002773734338,1.2796386742936323,0.1938032113266575,1,-0.48187371411236246
-1.0282243306584953,-0.8943226303605728,0.2353425879363947,0,1.7278015631032573
0.5577948301915119,-0.7780291233037154,1.130944134143012,0,0.36118100592764124
1.1607368852410547,-1.2030318956952122,0.2635398567874847,1,1.6712302553931417
-0.22475061857646883,0.6105417918400111,0.01076992270079247,0,-1.4955105207860426
1.7155224428266704,-0.49446743049470815,-0.3280487819594146,1,-1.0078549883634444
-1.434725404053002,-1.109129541347604,0.03587825734318633,0,-0.1745258511885341
-1.3554436477662581,1.3278195464937377,-0.05699486578218365,1,-1.3108019551595125
-0.0544626623298084,-0.4884743717155448,0.18663522368366428,1,1.470796302104271
1.37769022237058,-1.7606056147060238,0.43415752275241504,1,1.5599279600727751
-0.1680866490440298,-2.7591565381069083,0.018932356390906215,0,0.7879409689134487
-0.48977677443747497,-0.7930060421069669,1.1635770904209364,0,0.7346637048705429
0.4403970095742112,0.41077724504784335,1.329789308326173,0,-0.6971443387567682
0.5685186576966752,-0.9192050932400355,1.3251748832740113,0,1.136651786697292
-0.8389170564026196,0.65874972047562,0.7736498993614368,0,-0.0053152941574232115
-0.9270663616763244,-0.9508566220490589,-0.2968754536631388,0,0.18135445983605936
-0.3321954554079612,0.6345761674449585,-0.8204681883386766,1,-0.6527105266328712
0.7683335741197437,-0.1594413141666243,-1.0671341728059722,1,-1.5820350743487328
-0.8090445346246211,1.0206636388108905,0.5593025043132871,1,1.552047374975235
0.6378258824209215,0.32227554458701024,0.1507519835152399,1,1.0750870566067716
0.4492019868138223,0.27040765244803183,0.3529488926141146,1,0.4800723359253652
1.16032454143891,0.07477595471871096,0.5469583750908898,0,-1.0205982421346718
-0.1852558651977599,-1.2647324916542935,0.5814309395526713,0,0.8521388188988974
0.6367202351999226,1.053015977485618,-0.6427814223972755,1,-0.17097263780636995
-0.3761939878964967,-1.0547000131933804,2.326281040454101,1,2.734050242638167
-0.8947442689695432,0.08523801871519841,0.6519875906178961,1,0.8619738130334511
-0.16141781477686726,-0.35428256217225323,-0.5823842400796294,0,-2.8260079071733424
2.0122100836133945,1.6005798442739203,0.9318011547232941,1,-4.105519707258689
-1.3755675248129289,1.8089923967033625,0.9728841736600252,1,0.9806839798872253
-0.20052595332699594,1.259758607901357,-0.31201720437149005,1,-0.7542050328020105
0.06026191579631276,0.8344480410844762,-1.1685141844675715,0,0.03120997078533083
0.2700341338353834,1.5682209442402868,1.150145868825048,1,-0.5021082665260637
1.2238578576946333,0.7847478965527366,-1.3080357978143018,1,-2.304918346650924
0.19808128346239942,1.4228394129499222,0.6181831427642371,0,-0.8638093032249403
0.08538033876508426,0.120307114537865,-0.8692688437127947,0,-4.048018526890156
0.4717132983881833,-1.2999960694895043,1.6008264420630522,0,-1.2150798262584281
0.1349863352126522,2.954799844637649,-1.5612550347386684,1,-2.680878357781831
0.8327644600919787,1.0760890713945033,1.7276620942908358,0,1.9151875654959152
0.5988263161990847,0.8148532037586789,-0.7692228891366315,0,-0.49037874147165644
-0.00242578928926935,-0.4314906611061875,-0.13334542720477785,1,1.1650292936609012
1.15333712893302,-0.05662536309233521,1.3065349270066804,1,1.6453036933085934
2.148421373117145,0.36750420853552046,-2.389574146258263,1,-2.564623629656975
-0.405865317224483,0.3202321764294602,0.08275308245854354,1,0.8263947491789094
-0.28135364126454276,-2.2842399740201533,-0.4645337217487091,0,2.131113817619284
-0.3601542025814203,-0.24466044243526752,1.5076891169575348,0,-0.42035755290063226
-1.5457427271225825,-2.139761718843264,0.438047496014208,0,-0.7567825830198186
0.5248485104343363,0.011338992219982483,0.2635571436362891,0,-0.6622741318058397
-0.7946674886460435,-0.01958124405717327,0.23445378616513787,0,1.221998273261009
-0.3321060316247406,-1.5933651920210468,0.8856141079341122,1,3.02005170408737
-1.5009436810283068,-1.4475844763232095,0.6961292865794695,0,-0.06156877391412169
-1.6327609454581329,0.7716486405751075,-1.1581214874130843,0,1.3045041763620386
-1.641952343672847,0.5507149591442828,-1.6601190089551778,1,-0.5363917211810221
-0.06161374540085077,-0.565824321646054,-0.3617681159543368,1,1.521492319037419
2.285007255100276,-1.424045338392304,-2.812382437666435,1,0.3327967982051383
0.25471573461610225,0.8088994310367613,0.7934010959723707,0,-0.0031944484206029855
-0.1423060962035663,0.2822074235394828,0.5892389914681043,1,0.0993989111782741
-0.4997938497695658,-0.7137455436815227,-0.4615278549824591,0,-0.7441432676979343
-0.039255284077827815,-0.248889803523849,-0.49465196332168265,0,-0.24957652799213162
-0.34793698496204173,-0.08560775993044306,-0.046498228197223976,0,-1.7689516392482953
1.1522536664763006,-0.8555506313396607,0.3502652103135997,1,1.4701264171920392
0.7447113667180976,-1.81436911999802,1.6092628347265374,0,2.7060659087452756
0.7286711051974024,1.6936289517045178,-0.8578208284949983,0,-1.6885890790742657
0.9169086004436381,-0.7584318238225685,-0.16802095655865223,1,1.0844463676134373
-1.7370985546688065,0.47851447770669125,1.4906585788793785,0,-0.2650921393757647
-0.44363858313428456,0.3385126105982473,-0.38261267908786334,1,-0.5612378038813033
0.9895817115943016,-0.9751561149848712,0.3661342289707395,1,1.3429887263076836
-0.3549558679322043,0.8812839605786794,0.17825317793339077,0,-0.5074675906138087
-1.0570574647233035,1.0619534440054565,-1.3648942277528195,1,-0.03207657138513509
-0.284489559348765,0.8851302855532809,-0.4438233703008593,0,-1.694330825664038
-0.43791048325664556,1.1034797784502508,-0.09773887523994597,0,-0.9381015325019325
0.90079289283775,-0.7233819078571676,-0.41232962780940935,0,0.1719983210432506
0.5157066795251369,0.3407568750200268,-0.32226968092781644,1,-0.85190871512978
0.07360053791580522,0.17338821044850766,0.25169798053009507,1,1.38124710285377
-0.43670813474343595,-0.7862218571616533,0.6148048042522909,0,2.2733001936450967
0.9389755183068885,0.21431263261857447,-0.6973423228063818,1,0.916363680909653
-0.016742656812796793,-0.5928519192682873,-1.2339897584011108,0,-0.9479024031182056
-0.19729477597097014,-0.1131598562109959,-0.5228679618227207,0,0.4543815818836751
0.006388638733532101,1.5730543833423916,0.4752908324221444,0,-0.34000018313500374
-0.6566819520628231,0.550215274468024,0.23790836504001153,1,1.6112357745714858
0.8075174154205321,-1.1587021883843511,-0.6987262648113051,0,0.5854481106506249
0.8558369001537026,-0.16861541956704104,0.5874361626845501,0,-1.2739239377063791
-1.0106736679818478,-0.24105658213805015,-0.19577316919716783,0,0.2800487406781806
1.002726749527985,1.5259689339591076,0.13356353179247493,1,-0.4541287542625872
0.4819526696774003,0.41071599155587185,-1.030600168271133,1,0.0999775668877384
0.24191380435238008,0.5934235403811198,-0.7367638305546913,1,-1.377052503340354
0.23996864105150026,-0.22378250973181563,0.7280294586479605,0,-1.934741260443255
-0.5046717463098943,0.04024292500202493,-0.4135638505794314,1,0.43656160412111067
0.061290298487677856,-0.9362071586131895,0.44063580787453044,0,0.5332220244943761
-1.2184900779020682,1.368523462448276,-0.671696874720516,1,-1.4126508216489477
0.1689331277246653,-1.415211275301911,-0.7257817608095748,0,0.4182582653827359
0.09628714633178043,0.3882279916410351,-0.27002513420777957,1,1.1874976270577453
-0.8382494178307788,0.02530279979679077,-0.6323420960222873,0,-0.1877615416120882
-0.061206888725379854,0.3117010513696735,-0.06689076573102787,0,-1.1463324246512367
-1.0857665982032276,-0.6779191096386059,-0.08101892475589582,0,-0.3654309022594547
0.20561354308700389,1.131658256093259,-0.5865014687495846,1,0.49051537494707775
0.23539278688324372,-0.7576392592445398,-0.14864349370133462,0,-0.04680733115688135
1.3835607622929573,0.9606608323571723,-0.9940613991593996,0,-1.505000859816424
0.862149639605797,0.12526269454295827,0.5754300779139819,1,1.2399839644237005
-0.024932157706399956,0.5653107547310469,-2.1099203302193574,1,-1.4923693398086726
-1.4313765251378379,2.554364470340125,1.5598732479896402,1,-1.85025768417078
1.9802268637181293,-1.0543750188042482,1.2069045246572765,0,0.07479198764172865
1.2146682442418126,0.010072616127236072,1.3827830481888792,1,1.678905054260595
-0.260309924239399,-0.5011117205659789,0.08940503537411777,1,1.4194878490529088
-0.21098101621271928,-1.390215061337564,0.1479742797794835,0,-1.3403988905088968
-1.0414109940729612,-1.378883177939884,-0.19441357553350017,1,1.628091656283777
-0.8037106952153474,0.5553614479321126,-1.7136565726004624,0,0.11952110009773864
-1.0894494555918894,-0.3831531060573453,0.7418305200456619,1,0.3068843082592666
-0.9898851284195123,-0.5916527007407002,-1.6391751482223607,1,0.2144360990890013
-1.9048893074279338,0.5975899229366818,-1.9674030097633128,1,-1.4461296000030555
0.7401859373482677,-0.538477545767726,0.5636671050737969,1,2.130433407370075
0.823598814696104,-0.765437268720358,-0.11863674249407985,0,1.1608939990189964
1.4899939851250787,-2.827213742219149,-0.5320055129148339,0,1.2365196952682704
-0.10204320952169942,-1.3321325300465752,1.4914067050219464,0,0.9107795765210722
-1.214133215727294,0.45702022446986246,-1.299622479006109,1,-2.174594680140845
1.0107378736030004,-1.3520123967276834,0.7134880018630049,0,0.4129130655572275
1.3285254463447886,-0.28835276507561836,0.27718299619998604,1,0.9682146122786874
-1.369552098627146,0.7802195693113475,-0.22736511690135666,1,-0.1409950452375041
-1.6377289499186185,0.8809154535091326,0.24720492383584644,0,3.672537056172059
-1.4475920558944206,-0.10122181534080739,-0.49263338365231446,0,-1.507074486768174
-0.3058657814169024,2.1131506579775032,1.3948148327764738,0,0.28535357213691803
-1.3461306309488172,0.4756858788070432,-1.865927114660896,1,-0.9197684326924005
1.317616830727486,-0.5100060327297857,-0.08158964052147882,1,-0.21554345272955155
-0.5824900163702021,-0.2643799202190955,0.7533187959016852,0,1.5328121606908487
-0.7175640128186064,-1.0205413558448415,0.5176599886697864,0,0.5585343340668664
1.3176303990889715,-0.16867602261112327,1.2689372360915376,0,1.2028885985805018
-0.891164746758258,-2.101737680991353,0.15639543622320373,0,1.94862668231972
0.6924837665323179,-1.9068562950132617,0.5352746915272094,1,2.1429260501222234
-0.5762952099066406,-0.30986789642863755,-0.19450365671883418,0,0.3742372434976433
-0.3064750553220622,-0.565299258502904,-0.6641378016479352,0,2.5384860171864614
-2.056995766706732,-0.47050771119305357,0.7444691719440677,0,-0.022291496855014414
-0.6744077070549473,-0.8494602171386156,-1.4623813363247438,1,0.5503290659653858
0.7041734927870585,-0.26084550495065384,0.9567151386889123,1,1.000489153492233
0.5926943754630803,1.6353085598369776,-1.4842724927797957,1,-2.2633774695239715
0.030656986562117232,-0.33207304652379843,-0.27655402836790827,0,0.04124574222296966
0.71391745989956,-0.14973877823641266,-0.06707388646956056,1,-0.026352724124773075
1.2677779819691142,-1.453541656004678,-0.5192715207728407,0,2.9930920834929093
-0.5432898984450671,-0.6901825483120786,-0.31632285945130506,0,0.4643684082492521
1.6360227558117433,1.6282401544439618,-0.0020027370396179245,0,-1.2711205729191923
-0.7101138271393166,-2.224601580094999,1.5475598233213417,0,0.6629209238369087
-1.800508540302116,-0.7581581450739535,1.2053438889347938,0,0.05410480629384515
-0.5038612505735526,-1.0423474721885648,0.8734192546282901,0,2.0120588066894243
-0.3852059576107282,0.935056873314795,-0.10797140648783717,0,0.06111305089278152
-0.08888389750900126,0.6476342845369539,0.9206647525658592,0,-1.6158976638899583
0.39472126902319776,0.5584990497717547,2.049488632532293,0,0.3778618936964564
0.24109851710928418,0.9307117374626088,0.4535787547704217,1,0.6297882721356046
-1.8261222668344448,-1.1012730056129512,-0.22877797625940058,0,-0.3867415533129494
-0.047814371845505556,-1.0950877540309611,0.9999321370558231,0,1.2416131802048365
-1.4021467790493178,0.8946756238646358,-0.8559763109793356,1,-1.5883074254605394
0.409494525326261,-1.9083898893643483,0.8356307449598908,0,0.9385041489299324
0.2945013797993331,-0.49800867315514186,1.6534107436415872,0,-0.2473502964491373
1.3030858914608197,-0.2958827252521061,0.6960586632755124,1,0.8937311583044709
-1.3479103548733642,0.533141481299277,-0.731513668266729,1,-0.6201967743940177
1.9076199020114035,1.1990053736339432,-1.5394069178362106,1,-3.179633843155789
0.5908364656546546,0.32314480120456296,-0.3300460749598569,0,-1.1138713222547385
-1.3154606113918716,0.495973323509432,0.9931065134025311,1,1.3919951297747728
0.01902842000391488,-0.2487734331169752,0.7675679957997786,1,1.085025721201566
0.6740916576419917,-1.6695451928120162,-0.384670476365714,0,0.21322651972588308
1.2295530368322904,0.03469580919164414,-0.20523523995477091,1,1.9447218408285083
0.692688522288861,1.069810420827421,-0.17026412767577806,1,-1.7443354184769957
-0.11228221952470849,0.5264513844132739,-0.0783384596083479,0,0.2907684320725911
2.026457304977107,2.3193881943728845,-2.2729895766545636,1,-3.257206412838514
-0.061247395961127986,-0.7607803680198902,1.4400020082278657,0,0.8807232506074488
-1.7088042530152308,0.5989138360808813,-0.7347733659417464,0,-0.8923020836533281
-0.5741324701000811,-0.6134651579642515,-0.004812500887317229,0,-1.816420660583073
1.0553669374246255,1.9565227473749793,0.07556711625456274,1,-0.06489748482395052
0.22877475692978347,0.49095891845783135,0.09738691743950553,1,0.5568695974295826
-0.15232438454837968,0.44714204175486066,-0.5120151642280746,0,-2.1866719289861174
-0.677765835762959,0.8848189732147836,-1.2223616822711658,0,-1.0504270168448073
0.2240504526339062,1.2388369806616408,0.11693793365690917,1,-1.085774011527266
-0.23569021431160087,1.3853176696301555,0.6948752950252716,1,-0.7254514266317205
-1.200419755072636,-0.3089362786866231,0.16601077514673762,0,0.27908364188850354
-0.6825817334605236,-0.5633097290843169,-0.13871554282620482,0,-0.6458735751242368
0.01886122658983656,-0.2414160111972397,1.1104800530874406,1,2.7553758343024115
1.0986966609800095,-0.48637302350287714,-0.7660242837745109,0,0.044988418501886784
0.9243276317149799,1.7607004206440644,0.45174788520506043,1,-0.26614367919008364
0.7693374035571667,-0.6261120358251521,0.495628641230239,1,0.08915407741463655
0.43080611970134225,-0.924018774028912,-0.056769430813177375,0,-0.7910689874999997
-0.21721954144629865,0.4896903843748492,1.0683590625866297,1,0.1036544139306641
0.9284957439094285,0.18849028050635958,-0.1783016606403923,1,0.18687795241360475
-0.6785355752887892,-0.23305320610959349,0.11440071244885039,0,-0.17043216632212177
-1.0628644736037571,1.14350390503222,-2.0628642965373207,1,0.36814266222341696
-0.30515819581105164,-1.1005077909307281,0.18197306024349444,0,0.2702564320401856
1.1326612403360412,-1.0324042991624454,0.6712445764952925,1,1.608585206264816
-0.912749486550078,-1.6355810969723894,0.5912058298209498,0,0.9755185039798051
-0.6107641418835407,0.27226189097138825,0.649771881159994,0,-1.1594752449527488
1.326339638535974,1.0527997839964345,-1.1356904643070658,1,-0.5939831657869019
0.39155230405385366,-0.873529632025264,0.5212795644516224,0,3.1294237963390152
0.6873496304515616,-0.01505174274864591,-1.6104457219135933,1,0.8879293206499146
-0.2301974391034023,-1.1096332334586736,0.16671174858278098,0,0.8680931530006208
1.867303546986877,-0.6752706571325382,0.8959135304779785,1,1.5636577572862045
0.4036393386480533,-1.9384730447882774,-0.21619005608413566,0,1.4694124953508347
1.0758861766427659,0.1180596698350377,0.6577754477461246,1,1.1685401682721372
-0.08759108579726885,-0.138491176551312,0.5241814654081673,0,0.10795539249553639
-0.7754300420656808,-0.9763278789858518,0.9734128960852169,0,-0.6883528040099274
-0.2743207163085831,-0.36916152828292076,-0.4992416837175041,0,0.023183562031407264
-0.16130357432806397,0.28665178710622957,1.6953447121512708,1,1.3692768042148553
0.33901415160561477,-1.2982276385771745,-1.0982063903236812,0,2.511267554105415
-1.4832384662611549,-0.14381502653619094,0.5927171327227535,0,0.5953744040075921
-1.2437317315029055,0.12070790457036229,-0.7054667825195172,0,1.3999054826855837
1.3315126028426423,-2.1847904855281524,-1.8263073517196238,0,0.3401098183529801
-0.402905871444341,0.32858854294901796,1.0975255450948442,1,1.5403304632870256
-0.6717578749877005,-0.23300438511183413,-0.6257142293784599,1,0.1617386329449615
-1.650777243168887,1.005625466417983,-0.36224705048664135,1,-1.3006678726624905
1.3912447150382043,0.6499727947173435,-0.8470122022051008,1,-0.8065431677412374
0.49045758961415575,0.7578533790097145,0.14625098531546332,0,0.07761276204729695
-0.14356212533248297,-0.7727317981959954,-1.3560343237391654,0,0.7015388738159469
0.1581444803777086,1.0906920644249796,-0.9916017110771175,0,-0.41902015101271683
2.357155175369933,-1.484376009228647,-0.8991044750949198,1,1.8408386121665543
0.261358059332082,1.4239190335168828,-0.24528701821073462,1,-0.19706629700276174
-1.4132526691454796,-0.31672472887642045,-1.5773867650747808,1,0.34354694774443406
-0.3364935169828192,-2.410195459516088,0.5581476334729357,0,2.601029920091965
0.666809736439131,0.37062678616939515,-0.28173817351284225,1,0.3202598223637133
0.4391292744813853,0.3615834711177177,-0.14145523579719518,1,-0.5267016954772583
-2.060773657815683,0.4080853151245903,-0.2640419398126142,0,-1.337348480746644
0.3617302175394506,-0.5185342899137183,-0.7687057246453661,0,-0.039679026289117486
-0.238994600783457,0.44397285212098464,-0.47182368927321805,1,-0.34722652405025195
-0.5667098544172731,0.18769948280080578,0.08189683757180372,0,0.380305266618255
-0.21655104893342114,-0.04706693208415208,0.12522542993917005,0,1.260472656676911
-0.10032968817153727,-0.24485488124228225,0.9440218315531608,0,2.0544457487648735
-0.7964543364329795,0.9981132078121254,0.30245703449974876,0,-1.2554269852946072
-0.746571434429151,0.24826934158831734,0.237389474695397,1,0.7094786039723151
0.7810240958770405,-0.6442290969135206,0.5814758379560043,1,3.464923773172847
-0.11671240368812008,-0.6133899101069975,-0.9180085300541984,0,0.3106780041881997
0.43040070073967895,0.6449149037561802,1.1544968847866497,1,0.19914320346621084
-0.16102187797287942,-0.2552606658578825,-0.8960742977075788,0,1.1349179378049918
-2.450606314189076,-0.31303150861203544,0.6677932732507652,0,-1.0217654173996544
0.9790446743281431,0.9975373719449319,0.29795353042197553,1,-0.0008779002754926157
-0.2675422114552264,-0.7569056792221671,0.601286108821994,0,1.028325963672649
-0.3362276386841416,-0.7921451511584914,0.1190290031870101,0,-0.43921925907370807
0.46590146836352087,0.32195839736430176,-0.09921741924840374,1,0.2876760722905777
-0.8171595789645687,0.009763810662549192,-0.1563872832899725,1,-0.38578510300290697
-0.09080005686665428,-0.19342385282585212,1.6528800761169298,1,0.7595108644878414
-0.2461802161398605,0.9222728927256386,0.5470194599889833,0,-0.730162159143307
0.46899864093553634,-0.5598133459002984,-0.3625192917572941,1,0.8560602166314407
-1.4184244891706388,-1.389984813116593,0.7049476724551771,0,3.022217731142577
-0.7408665463798572,-0.09293326995105317,0.10851880907310131,0,-0.5631023612315529
1.0866840506448991,-0.455876735641393,-0.8065037254728247,1,1.0996543530542744
3.3248224571012908,1.1837455829486827,0.7954319028755057,0,-2.8820875774213333
-1.5948365141815848,0.6472419195871866,1.3204371692688497,1,-1.1517600079952506
-2.4576375223477527,-0.08010193579693065,0.3931591085534833,0,-2.6922907892931747
1.9965197080260901,-0.5001158661273627,1.8161165199123634,1,1.2040934292620946
-0.39651777107753156,0.45330656414549036,-2.032404729817201,1,-1.496858200297694
-0.3379327010004791,-0.4251157235015304,0.33251197635881397,1,1.977286501972376
0.4161225017146533,-0.0792265222671544,0.2391044466186659,0,1.6768604051540306
0.9218489699921846,0.41233861735893634,-2.3667858049233956,1,-1.9038545868870531
-0.9391533598439117,0.10027105001697904,-1.0142382910111174,1,0.8674774265297883
-1.5119207930024827,-0.2503334990704339,-0.41270174459602316,0,-1.6477207842415467
-1.482494089017122,-1.1477958387094558,-0.9457040749696864,0,-0.5312374328677296
-0.8093025777111137,1.1265080165180588,0.18488159469505125,1,-0.9024125409958181
-0.9599273654656457,0.6282532601895664,-0.9028394330937859,0,-1.105589738409079
-0.466633121958323,-1.0495791436337756,-0.43421361510664785,1,0.5970377919861443
-0.26598581399741966,-0.04957143190330367,1.8271014479962944,0,1.6980282622392808
0.4026064179471998,-0.9806080212539556,-1.2279418615327975,1,0.19396531291274333
0.11951899729423611,0.676789919377809,-0.12407820434221796,1,-0.9559822150810274
-1.1831317230662508,-0.6558873982012808,0.09784047077657934,1,1.0630022658647627
0.39096856869707797,0.04139396407149318,-0.06072696664396486,0,-0.0020973331719639776
-1.2457601166156513,-0.33729542746574565,1.2200695224244553,0,0.5157209610053773
0.8217555824127856,1.864839625038614,1.0428548661400283,1,0.5372000696194763
1.3519733163544565,0.34243033198655104,-0.486551639932651,0,0.7192590930766635
2.4492599953529326,1.1082828939001246,1.0568596265980026,0,-1.561384187045811
0.9767924657910675,-0.11039934638300575,-0.9968260511090431,0,-0.7022507865667305
1.4820130239263596,0.31064364628587454,0.23636308489123728,1,-1.2900254028579488
0.8777884668289659,0.8469423523808485,-0.6353885558830963,1,-1.8296974919803766
0.908790659053122,-0.43056028377922834,1.6982703385413696,1,2.2314681696701975
0.7898701383881347,-0.4063886030999598,0.9104617280552085,1,1.4481190745001866
-0.6987850015823841,2.3067950360852594,-0.14772567327028385,0,0.9272280373182937
-0.6591277877501913,-0.6372950803926977,-1.022049987171592,0,-0.9407949973484087
-1.4859869256791542,-1.7940588936945403,-0.9874783003858015,0,0.08703828761623764
-0.6305503292510184,-0.41634216244101035,-1.9864306894582588,1,0.7459757014039315
0.6418906096962378,-0.7688634523587556,-1.2343870460197326,1,0.6182067157984594
2.4827233980998704,0.6959202793909293,-0.41202992225261903,1,-1.685961866270273
0.7643387267922558,-0.43107152982423474,-0.09845696809254308,1,2.3143891842965525
0.5302247835791588,-1.641722432695352,0.553477359058403,0,0.6912472202649964
0.19114050078381337,-2.499442821842684,-0.15600701912821288,1,3.5776780028074953
1.3012921596469182,1.4921423330915207,-1.1728550482290916,1,-2.3523604315108146
0.0009915201693119777,0.2692846354331053,-0.08607940719228634,0,-0.18197908955168013
-0.3727361068102216,0.7151943199152115,1.2047495325149518,1,1.1866105747209568
-0.23774476512525336,-0.06243659770550555,-0.1717914553738559,0,0.36277969431903556
-0.9607122776221699,3.5594037018556786,1.1405888578808872,1,-3.5797400882664903
-0.11098037416336094,0.2778086996035286,-0.7991037309979379,1,0.913571564884859
0.4950704562689309,0.09982628156572276,0.9355995683537834,0,0.38284102305354173
0.3882019608756027,0.40033420790170987,-0.07442919750907345,0,-0.22170017890280821
0.14355965918251662,-0.02932945093398919,0.9655428413910695,0,0.6080374389838341
-0.44636300086946806,0.43486609823776695,0.1054634711612572,1,-1.6013538696011618
-0.043287348732742925,0.8896337993751523,1.9069403329410397,1,0.6231618347370602
0.43306626764217215,-1.3128323489763802,0.03534883815331547,0,-1.0488442883432816
-0.43961316390317146,-0.5236961799542768,-0.6843109463573577,0,0.6860884320271956
-0.9088721027136303,-1.6516139952019049,0.7948895715590016,0,0.8139228310082274
0.27146330662910134,-0.6793867910766174,1.3523559779879446,0,1.121349189271111
1.069125586884601,-0.4969527088333023,1.1738161804512504,1,1.4631721526283537
0.2351430160583938,1.0025464480407902,-0.40505935468344123,1,-0.3127837217195703
1.3351979108716572,2.4470247783685846,0.28841955812931686,1,-0.8485430337615301
-0.07409690598259834,-0.4334809133816966,-0.7787357197792394,1,-0.776628417015828
1.124754476787028,0.12407713979796858,-0.22070887184020097,1,0.2016985148078111
1.7361935282447383,1.4759805418005651,-0.25316914612975494,0,-1.376362925406722
-0.34378367921859615,0.18854336675179306,0.261143430769819,1,0.5094315115270374
-0.39676433193074345,0.4483188329718147,-1.1182997065746738,1,-1.3284315693529296
0.16727291111861536,-0.400347611479834,1.8572583907370253,1,3.0040234166244706
-1.46888722022051,-1.3969003842390704,-0.6853229941453297,0,-0.24511482730142778
-1.5791818066686867,-1.105341743056205,-0.5683351074742161,0,-1.5462988023595206
1.1420486717829115,-2.0127783678912357,1.9959887374759249,1,3.168740740412198
-0.030267641531958236,-0.3680291968772358,-0.051447071289921945,1,1.027799978990908
1.2691949437159282,-0.8840600558350868,-0.3410040059751398,0,-0.9104062285205894
-0.9739040323362762,0.7452578060240801,0.15323783976010447,1,-1.042207930915302
-1.4671989741156914,0.5918183599081966,-0.9265206046252255,0,0.006283898049861847
0.9290510995037652,0.09469752349125596,-0.2349127566611502,1,0.5651358999029259
0.855695877636159,-0.3380196152302782,-0.08451720489950805,0,-1.1705341339344968
-0.9721899170204685,1.8753620444033354,0.3609482863666437,1,-1.9827240283095817
0.47587168580739186,3.365507188691525,-0.020840956162033335,1,-2.7538824002288433
0.8641979082436765,0.39412851720709197,1.3561131141438012,0,-1.3491062085598011
0.7674891354497898,-1.514992764720744,-1.17591628830759,1,0.32280584011236996
-0.08393925534648494,-0.8750150137162718,2.1856695130193047,1,1.2585215645662606
-0.22862886361796309,1.038891575273284,0.009514633175760671,0,-1.2783930721356562
-1.1662818834309379,0.1937784864140967,-0.5951753234648492,0,-0.5839265204885448
0.47766168118380103,-0.180743105578303,1.1156828516583444,1,1.3226336275056378
0.48221059985710024,-0.11265710922162077,-0.30898425258534035,0,-1.756193583489907
-0.7732380173101501,0.9165748797068537,0.147118132895351,0,-0.5006254881090978
0.3119541520572149,-0.6513800144126042,-0.23827832543340155,1,2.2925483323425704
-0.8406939862037153,1.2121462893728923,-0.47427578977968093,1,-0.5394318831119699
-0.3703701550220898,0.0889264256474176,0.6099306506638054,0,0.7063549469784546
1.7473975881589316,-0.9618440155019671,0.9501636957809195,0,-0.5620315661232042
-0.7333382888823659,1.7159123803484408,-1.1528578420373043,1,-1.1436652892866832
-0.19993163445049655,-0.5312870396853773,-0.017991165574622967,0,0.1778907246665597
0.4772131084717286,-1.8598454620236027,0.44326613790316494,1,2.8418787716820217
-0.7891556052665012,-0.11002052965610214,1.4588170016756206,0,-0.6731940848675099
0.8228500972487102,1.8996731220807126,-1.4795763909288713,1,-3.5014920229153628
-1.4819082049201717,-0.8825649370214986,0.08385152931115197,0,0.20603855281046674
-0.36338999820278267,-0.7709069454475083,0.21814106912964415,1,2.6456300584950743
0.6621002281987487,0.392000439969983,0.7208345937951891,1,0.38825174273735397
1.1861696145460798,-0.7344492515351349,0.3580102044650258,0,1.7079238756679955
1.5122812345132555,0.7928892449198612,0.3219877821496416,0,-0.8650301889537197
0.4367305847691843,-0.8595315246281269,-0.581754140102939,0,1.3435948400405417
0.3900165792624361,-0.658055904834607,-1.5058027334062591,0,-0.2724110083107716
1.218416683576262,-0.4626668579151281,1.8527480047780585,1,-1.7842788407173296
0.43017892172293476,0.5009202120389561,-0.29396709300381313,1,-1.0941062555659968
1.5042184752562648,3.399748927326668,-0.3106711363406452,1,-3.2891626360489075
-0.5470299200259626,-0.717027320634175,-0.5760008915839324,0,0.09546787393047343
-1.088492086620777,-0.7201502175671636,0.4440785160039835,1,1.3932951456830782
-0.5400812055364351,0.29961304660325316,-0.42915323356117013,1,-1.1233836018383951
0.7584265717458096,-0.24928331717509827,-1.8513027286467276,0,0.07580574022669839
-0.921991655957111,0.8801514484094934,0.6788067876835528,0,-0.09631278384362829
-0.2539668511937929,0.00476236121022365,-1.128512927316356,0,0.03347764801621911
0.1444124729798645,-0.879843178756598,-0.6509092444311092,0,1.4810338876505762
-0.7912785490474128,-1.1238079960441845,0.2431966756600049,1,0.8540297724218128
-1.286862337343465,-0.9264653089134185,-0.053107501734727856,1,1.156361481622309
-1.3245983019790708,1.1707187518999467,-1.2808364598136976,1,-3.794549806903124
0.15931263575855195,1.5911920069543253,-1.721209274704148,1,-2.0960292848492683
-0.5969408511002031,0.1521685241437796,-0.8487206823610876,0,-0.15914075086749518
0.12362524524142009,-1.6009218495002007,0.7034477256905973,0,1.1718224016511407
-0.5965524101476343,-1.359677241000606,-1.7094559836794978,0,0.25155226382953755
0.22923617645904398,-0.05532927646318616,0.09673925051697382,1,-0.9131537216752489
-0.08547006394155954,1.4667073657030372,8.239481614449297e-05,1,-0.34744044108565075
0.6431172986580961,-1.6584069172871914,-0.28380262110133453,0,-0.6292526956363504
1.5639007253033612,0.6022246458550438,-2.9677282359227672,1,0.33020701849026735
-0.9151041268038234,0.12620297867866795,0.5771338976915819,1,0.017073102465856138
-1.2018399729568943,2.588472941635097,0.272464935370799,0,-2.080175908259898
0.8034415318036324,0.4964720273698731,-1.7127036405405178,1,0.5338287647917768
0.3475048941262039,-1.775378235113695,0.3469955393981456,0,0.3961352095711934
2.0585337868681997,-1.054673050402095,-0.19397686799126235,1,0.2223048449901056
-1.3627606166804902,0.8154352833764028,-0.26974764579826,0,-0.5815827350115423
-1.3574478592519128,0.5154814177204441,0.7407943477871636,1,1.788509900446095
1.1020447794121224,-0.8070752675679657,-0.3619194696954119,0,-0.7999541901753532
-0.018453354038398928,0.9365688798865759,-0.8808762101458094,1,-3.0820860390327587
0.21318324417510273,0.14031961330399048,1.018789904762091,1,0.5922846375281874
-0.702642047869432,0.7991434333458008,1.4087715484312302,1,0.9788895934125224
-0.5337320554395819,0.13018613039759164,-0.15569434902230483,1,0.8148334421229504
0.3684441770420114,0.565986257797055,1.5013154839739677,0,0.9298324853047406
0.37838957499027076,0.8249983292889995,0.22678655453421342,1,-0.8253393427670372
0.1296058497852471,1.0176706476202249,-0.9034986370997944,1,0.32685399370594337
1.1244378572377574,-0.15163621427856583,1.9923303087555457,0,1.3390119491874484
-0.5320706013676707,2.75065925694713,1.0837063539589533,1,-1.004821697815094
0.21552507601861198,-1.4861054022086926,-0.9569556114466696,0,-0.4034200535387299
0.5132915582525404,0.8985216799440794,-0.7021858821051401,1,-1.4103557275293412
-0.4131941365662945,0.00016058158476281415,-0.03152587237089347,0,-0.5596346370583817
-1.5183652712306037,0.0251415352174865,-0.8159059407354107,1,-1.938349890831251
1.0581589394342341,-0.7635264904388738,-0.7483146713214042,0,-1.3140523846309176
2.0850976179461327,1.6140051431329483,-0.5257203461293085,0,-1.4785675344722224
2.705401434424669,-0.47375940668214794,-0.6960021627079016,1,-2.2037185110808317
0.39844205722943865,0.9685486200403183,-0.6529103091348537,0,-0.22825179092233
-0.5780334693594739,-1.3837199082317013,-0.057131348573196856,0,0.8555436651636963
0.7682441353596218,-0.0580090624899541,0.5728856736213246,1,1.5121552526056221
1.5370775848156568,0.6896144156309335,-0.5974207267478948,1,-0.4620700713408728
-0.06658654533835258,-1.1216456401130008,0.9683653906239233,0,-0.24678034567088436
0.3697216097421635,0.6096636934725512,0.012958514130531956,0,0.05596439620181687
-0.740707416176824,1.7007786976682346,0.23934305208102094,1,-1.0217830792137124
1.0909530406752939,-1.9618158784743032,-0.013435591308875972,1,2.0100159959814516
-0.018374290215906502,-1.1672425630410748,-1.3354774896943924,1,0.7758337424345009
-1.060088847107076,-0.16384086574025078,0.7893151134500105,0,1.1071956022124223
0.7841867916087598,0.46817155310104164,0.5178018132222278,0,-0.6445321538411646
0.24699535720832674,-1.412597493547995,-0.11234649164257421,0,-0.09416041278654785
1.0773525962076553,-0.791525070259693,-0.8887063081932278,0,-0.7139128323414862
-0.22910047446759435,-2.0095173121927727,-0.11222534413376216,0,0.4895272547550362
0.476290079453036,0.7103850975157525,1.798087211616289,1,0.3418590659177592
0.04644589546009446,-0.9756954084088257,-1.6043000717480944,0,-0.29903608033990303
-0.6316073376090932,0.2980173463132764,0.26105039595826546,0,0.7726493384409607
-0.9235887654058224,-1.4291465654525972,-0.6915856699295528,0,0.21637335561629784
0.12664355914791234,1.487795693140696,0.9081899953682162,1,0.6565234642232365
-0.4735063750484249,-0.4299453628964777,0.9679252476142136,0,-1.2850993770177666
-0.5447471597255515,-0.9247596263689418,-0.2173067925670961,0,0.19535920123457723
0.5391983542506948,0.5093398163091506,0.081365519741244,1,0.47719963723028586
-1.4503279459007306,0.6087518572071907,-0.34369486496563695,0,-0.5109627758938056
0.5763815763294748,1.3246635682472012,-0.10586764942730063,1,-1.659069990645366
-0.5108956591126773,-0.3556764981833743,0.9450258232256611,0,1.4124646131339835
2.4912078322733127,1.4770412108351474,1.3219095153333904,1,-0.6672782592414398
1.1079996039067341,-0.4875409736912851,0.37562669479388505,0,-1.4598243923984169
0.8650483512446067,-0.540470786797077,-0.6883153122778078,1,0.36295525026962905
0.06716913903391054,-1.4329692877242288,0.10507122517282669,0,-0.10215598923666469
-0.8269756933234568,-1.0157693735583135,0.13654033748900363,0,-0.32744388171173844
-0.11289662669074135,-1.66844839842036,0.5933209942598909,0,0.08929154755570701
0.3328772982630403,-1.6459491793652492,0.3518075254095792,0,0.41282724625429895
0.977929064264426,-0.17200906737608565,-0.4444791789188281,0,0.19308177563701784
0.20005535711068853,1.043348050968707,0.41867161705127204,0,-1.2765602901963018
-0.3186617284843101,-0.6457549637837003,0.7881859658042671,1,1.3301544390609108
-0.4141435945815274,1.0186887415751085,-1.477578572085725,1,-0.8782225482821402
0.051657735643596076,0.8329452466310635,-0.2213363419146501,0,-0.41668333402634944
-0.9690824858912772,1.8265672965167825,-0.16236577092828036,0,-2.0121489278470968
-0.25712717132118856,0.6938460137167395,1.8112656827832219,0,2.4727969757416473
1.2494475701867405,0.13093432095843652,0.6997225088435727,1,-1.1181391434238541
-0.36193115060143377,-0.15040616966819612,-0.8667531468356637,0,1.3394612693132446
0.6024962341285993,0.6396891928075853,0.8488288381802943,1,1.7392832650665886
-0.6637063817194528,-0.21274652862469481,-0.735726234574174,0,-0.18676082633056804
1.9188640873737284,-0.45164423188989095,-3.1733625922365074,0,0.4137136179396337
-0.3753957971763937,0.02328975789976348,0.4659605450683916,1,1.2033925574770397
-0.20043859287254437,-1.2238972507720773,-1.338633441894584,1,-0.008478422254690088
-0.5566103832070585,-1.3391656492412223,0.75641616077204,0,-0.38125638103497483
-1.1597481185462208,-0.049575226884875215,1.2847712924502876,1,1.3712066160944179
1.837230521784974,0.257499767973655,-0.6258681506560358,1,-1.6635264108603605
-1.34718013903292,1.6625966526308147,0.5780046240539937,0,-1.0273220197220876
1.627927752650308,0.6950948547311787,0.33652858680782666,1,-0.6669824980193662
-0.3735215449122953,-0.39902247427034776,-0.4349449706970618,0,0.538711098606437
-0.002047949270242885,0.6035330276164725,-0.05468863380660595,0,-0.3908972201162188
1.4457830606890418,-0.38481254150267064,0.2169434148818625,0,-0.5974838728523919
0.22818270040486363,0.9172912079446354,-0.6747611523899242,1,-0.29218763089463085
-1.572138192023672,-1.4272178808171085,0.5021323573461848,0,0.3794331575066531
0.14431507098796492,1.03951768804419,0.032401944551048084,1,0.44682331051186597
0.6178327946133549,-0.23011567188722948,0.3421500350026709,1,0.5852505582028548
-0.8542377603502496,-2.3397734138551214,0.6569948811490024,0,0.7497790207388052
-0.7674024571683933,-0.37482307559848993,-1.0215042786405006,1,-0.5729606431037728
-0.6928079583648163,0.13741944396915345,0.22482411925696724,1,1.4821692095393384
-1.1109364235855137,-1.3763912658942772,0.41663589724949385,0,0.16391845065320637
-0.9412893179036308,-0.4438447039230051,2.4355399261891866,0,1.000133667748265
1.0414227982455997,1.0802295216143099,0.13130047018158633,1,0.0813222297740963
-0.6336174021027609,0.9896339072019728,0.3883567665186032,0,-0.12283392434820978
1.7832197394911224,-0.02582241580216497,-0.3241666023272793,0,-1.2702386268414771
0.11647493588325476,2.266043415322506,-0.256858364702654,1,-1.9458719536710152
0.5824148471890296,0.5521202940345898,0.26485634995492696,1,-0.4010789924300878
-0.8258072084307171,0.07489394785530262,0.31021845732263786,0,-0.07881083439336803
-0.9894587925368236,1.9132605809985397,-1.6846908048109903,1,-2.421177301577705
-1.0930570432168414,0.5068822590505693,-0.6333684683033175,0,1.02314323219939
-0.47513687066176935,1.349884211422882,0.060758346815246854,1,-0.2551271178792846
1.2013462165678106,-0.8054532719206087,-1.0587724415481856,1,-0.7449629195254048
0.5019079685929672,-0.09523578167647388,-1.5253645428852467,1,0.6294654336751281
1.2895922216320588,0.4225580476411003,-0.30564150467623,0,-0.8075289154131111
0.12808702948633677,-0.499293572371149,0.031906012437697015,1,2.344789477862784
-0.7703496243603015,0.20222744796661554,-0.3689819691656516,1,0.22746047629476707
0.49144874112482867,1.182012305854799,-1.0818379365601356,1,-1.3175455509682492
0.4414905080871461,1.2092036080936253,1.2543317054199543,1,-0.5408298564799793
-0.1538679427140903,0.0779747894185028,0.8495586570422468,1,1.1201766913552686
0.04201028929235069,2.7672317598411906,-2.1879619194602276,1,-5.390228161831805
0.9120524562123332,0.17932006650906054,-1.807146343954173,1,-1.3951290659008935
2.310341698418549,-1.762203685197918,0.5832143393753981,0,0.9261404120605277
-1.3892800285938842,-0.5718463423702269,1.2574267151006318,0,1.3837174337058757
0.2216357691090152,0.15682246533895192,-0.18666272028981848,1,-0.478371903470044
-1.8149926920202388,-0.9825018905925278,-1.6141642203927802,1,-0.2532892435052103
0.710935463177189,-0.8260040600793939,-0.3619533955655524,1,2.079170065727003
1.8437296178720146,-0.8408407096696116,1.5980704774579828,1,-0.07296043921821904
-0.4654514650825705,-0.06219824390770167,-1.459479769903598,0,-1.3605702619996172
0.3711051414047551,-1.9354721898980847,1.1594201770541277,0,1.1995934021537842
0.2221823527846297,0.2043257510484797,-1.8058365122810864,0,-1.089648685529633
-0.9704590896129163,0.17364694726539093,0.733182639028448,0,0.9729341946411254
-0.4503892743021334,-0.8245469868830404,-0.019152073616877572,1,2.3715013964705767
-0.6120918336796217,-0.2841023648830911,-0.018369162600004152,0,-2.020342035035725
-0.41101343496542325,-0.6928466896248668,0.09876053645567023,1,0.9611512921953632
-1.4292588663498893,-1.6857507269644847,-0.7856926401117905,0,-0.1781977598155441
0.4955705774508547,0.6959257214422931,-1.0420337196159537,1,-1.1974905305746086
0.045569985353839264,-0.6390137488376051,-0.634175698095398,1,-0.09604266110939952
0.8063605279540965,0.40077565431638135,0.5041379947308031,1,1.624952159449664
1.3324063302446945,-0.24113994547707387,-0.32099721668400233,1,-0.07782009030660464
0.6664594491568536,-0.20408332525936748,-1.2269187339760343,1,0.9845191056612641
-1.3845864976082973,0.27730220796488564,1.0664721183630468,0,1.3663460806110208
0.5097438978205969,-0.5361298369853134,0.07347315946577984,0,0.03541389849098417
1.2778214893484068,-0.5572994646820204,-0.8931877272007174,1,-3.466989671175549
1.7921113231819603,-0.16724213178664468,-1.2451857842054748,0,-0.3603990580344878
0.6883166154611893,0.35439498820699866,0.6711677262352467,1,1.7238174398937318
0.055524847344706425,-0.861787983695864,-0.15563141001176659,0,-0.505044987098513
-1.7629677196965299,0.47708423003076483,1.4421933038680097,0,-1.2540417087161226
1.1072829902048222,0.28798390228056686,-0.43030305210295416,1,0.9406845982053845
0.3191913245846252,0.5510630207714108,0.9549656885595511,1,-0.04879404662572795
-1.6727881546866983,-0.08948147511801542,-1.13095570790617,0,-1.0374991873459685
-1.1969098504236717,0.44579294494958316,-1.259745980302191,0,-2.1378747513795724
-1.0112553525370827,0.3136175782163779,0.5405593097616268,0,-0.32782418155995546
0.495701408738808,0.9987029839223791,-1.2624097856815286,1,-0.15584081738966443
-1.0562556773763754,2.35339690591355,0.28389713616732754,1,-0.7523658047654844
0.11516103734613894,1.338636256165432,0.160104872493286,1,-0.44267793945732575
0.28999643210750936,0.40323016282036367,1.4929503497687513,1,0.2412071150089382
0.34901433210207344,0.4571707346285544,-0.021559833609908353,1,-1.695102284084633
0.1165922592101624,0.6636412631086633,0.3655116820078621,1,0.16943118193731901
-0.5317183778451203,0.8600956717218609,0.6790482164701483,0,-0.710119843500063
0.8012540550406057,0.5370272888835389,0.14924348468034063,0,2.1528184108638095
-0.8981603551431975,-0.4920728691894687,-0.4945661381582971,0,0.6147948879321798
-0.3072303417466416,1.2912547736608384,1.7696840829804381,1,0.3196362887249224
-1.0956753813376439,-0.5652713068695927,-0.7964395271051812,0,-0.32036811599126575
1.1925681636102046,0.13048926741873104,0.9466543220489375,1,1.6124639797394447
-1.2162746405264933,-2.3175478499280113,-0.607692502115891,0,1.563949527304626
1.1729380284676447,0.815215741744802,1.2856311117922403,1,1.1912927686352255
1.009530015197028,-0.6031823878870342,1.5605133578529118,1,3.005661178015239
0.7302752469259715,0.06627125256282823,-0.942083195073597,1,1.2010096341699665
0.10172460096780311,-0.10551101292140931,-1.2359074659653229,1,0.6170479762304049
0.19752354115430235,0.2095516007609095,0.8809361824954784,1,0.45411541211415757
-0.62740890234791,-0.2109905936109491,1.159068532784383,0,-1.5637800867248894
-2.1226044237053707,1.1243119186483377,1.390539891620671,0,-0.5677373414054497
0.7297385058930911,1.635284987507763,0.04081735767267735,1,-2.0379854242695887
0.9358780757934021,-1.5089649646554752,-1.7685508005934936,0,0.600993966663022
0.1761880985934247,-1.4433318081282929,-0.7145822197937404,0,0.5496091392697641
-0.26652099208806057,-0.22262241095705965,-0.16384781544177682,1,0.38635052138513315
-1.9779821508477917,1.0917855258831486,1.1868781874660674,0,-0.09884138444177903
1.0125544600356273,0.9835261742233541,-1.5412530101243065,1,0.698569891428222
-0.9403729898128036,0.38238110666393393,-0.567201973662407,1,-0.6691538136919162
0.11617803804207699,0.8016808004135925,0.988954649689753,0,0.35830237798750225
-0.6535825148973041,0.16362782773578574,0.9882157890159358,1,0.6097996294314685
-0.7686537555354116,0.5892923555318883,1.2873233374628996,1,-0.5166027162749769
1.2369118198476434,-1.5636840795946674,-2.602741568178465,0,-0.10184358586073358
-0.414124561933587,-1.6578598918389826,-0.5466569200760804,1,1.4152671825743313
0.2671231790778555,0.040263457431872915,0.25269392290377235,0,3.137410602244118
0.5576423240901559,-0.019069895985017956,-0.3236737385194535,0,-1.740328177189447
-1.3736749843598952,1.766893969878108,0.1902307134064397,1,-0.9988653154954612
-0.5340500133464015,1.5380521925646098,-0.5626452002472033,1,-1.3574542547381303
0.08596313077235765,-0.42555952205496794,1.0596239472583857,0,0.14911056184550903
-0.39366416352719474,-1.31177451496581,0.08863155811606407,1,2.00031202215416
-0.5850144288438468,0.8198143070480838,-0.12000735862743085,1,0.4328678236631494
-1.1128399075363566,-0.27683425316316207,0.06285151218426144,1,0.6992533549530952
-0.39434923002886485,0.4500665950219664,-1.0088072140384594,0,-1.2125276180316145
-0.4185526287208013,0.12279373551304126,0.5537284586945306,0,-1.3791977333113026
0.35615782156978226,0.27920467588823444,-0.08248215575898728,1,-0.1780327895070818
1.225054149371251,0.35228876482114924,-0.02926123837297395,1,1.586618427993657
1.4667744970987702,0.24540361724672288,-1.423460408802392,1,-1.4850335516574187
3.2520504366946774,-0.793621908768964,-0.3701184039907444,0,-3.3039808810608444
1.5236479457214143,0.09095698396131656,1.042521566799808,0,-0.8159266227902062
-0.034677866372386776,0.5830639641006835,1.6190375369862666,0,0.5285191480919068
1.3837127931077544,0.2560184031460232,0.5621731461457977,1,-0.2832931763394885
1.6454834616360374,0.2881692835576018,0.8099270569095727,1,-0.004723541173840773
0.7173197017058106,1.6731161950787525,-0.5550020535463609,1,-0.3811024201978775
-0.7955714927251866,-0.6348820260582766,-0.8460358718271215,0,0.14641768836482208
0.9179543511426548,0.3801405554705142,-0.22579728601513047,1,0.7197095527213745
0.10065594893137791,-0.8815636319541204,0.2999711444546513,1,1.8258726933401483
-2.6220425098749014,0.1012639626938603,-0.06625524926896582,1,-1.359190866819123
0.4302118268969455,1.7266225495609786,1.8245062301021668,0,-0.7290087825247027
0.5310278932089789,-0.8060517615619865,2.106925853242221,1,3.320108788790855
0.18148577174005928,1.0332760801285445,0.19474235477399968,1,0.9137721323471247
0.20656870925045778,0.43489440536395085,-0.8985216772912981,0,-0.3523583795224383
0.09259973781453548,0.15047802439716096,2.1425244750163106,0,1.1000140982361084
0.001847369499526777,0.7284645282865739,-0.4809634861103578,1,1.0725213444875474
2.0133526732545475,-0.10629586367732842,0.005503420893532699,0,-0.22535797413877257
-1.6179690428343234,0.7191751520536198,0.26243951956136224,0,-1.276970526865274
0.26653484526119375,-0.0721956053210789,0.9594380794068715,0,0.6701371263788449
0.3015773789476692,-2.043000530870188,0.5421860512500031,0,1.5559606686326557
0.14583663679510284,-0.9159255991178403,2.011463341322336,0,0.5312352219687622
0.7065932317730361,0.23064384230225102,0.44827261507466903,1,2.4271963760191326
0.6311918582091426,0.09072251952201722,1.2065400661283185,1,2.44866829720217
-0.7611745487811911,-1.0974425949094908,-0.7854411471213623,0,-0.47814894386165285
-0.8208752282980321,-1.1773884810019153,-0.6792120833088214,1,0.7887407192236161
-0.10983602674236904,0.07377104671073553,1.3712207909770875,0,0.8183663743225785
-0.4431962610104318,-0.5627134723202508,-1.2703209774657775,0,0.48157633866780997
0.819102057000612,-1.5224459184613008,0.31371859850138,0,-0.03577545578057861
-0.7021624914314387,0.19484680174529342,1.8472811102352316,0,-0.5756847818898626
-0.35190268586987333,0.5034575852456772,1.9292556931488896,1,1.061805334361995
-0.055487271386830316,2.607969631443031,-0.1687334360063134,0,-0.1707277189880403
0.002526806904595228,-0.46658325020998115,1.2430513639875207,1,1.5073833526070777
0.6787473038597694,-1.4776735989076686,0.031287650642163496,1,1.5302627791727068
-1.4359319273721765,0.8657993689412739,-0.2182112303822597,1,-0.20673944300039948
-0.2702926241146964,0.4624165833687785,-1.1412882890680849,0,0.005919309235043468
-1.1810475404798908,-1.7187830868646543,-1.0523535560030843,0,0.08547099677984088
0.940976334219942,-0.46057912261147876,0.16769371501401437,0,1.011548610561179
-0.822842295573442,1.2481877903734624,1.0276604977036414,0,-1.2587203926163602
0.8012350595591731,-0.5223812989047679,0.14332084513147914,1,0.2819240316643995
-0.05308750187406856,1.334604730216025,1.9486496435172236,1,0.9694799382755582
0.8826577934378068,0.773108480240767,-0.6108643283994246,1,-1.6528686468095757
-0.03018239528261606,1.8257759260693904,-0.15155705690052798,0,-1.1074368481045458
0.820127968507457,1.0924466728644706,1.4476980650620523,1,-0.14964781152481327
0.6831643282236719,0.3463425375225909,0.7810658604221814,1,0.0247380028434131
-0.35256826696697346,-0.2923644834471834,-1.0458332185484744,0,0.7336162222146392
-0.06726088890084685,-0.2074031184205055,0.3368534451295679,1,4.410700765128233
-0.08006102117578867,1.0956448897528215,1.257254127214345,0,0.6426496316154301
1.3634082998542192,0.45552331636217647,1.6489994665937044,0,0.8291572524356806
1.7713035889897442,-0.8791144516403478,0.25449419604742324,0,0.28869856743102407
0.6080744825800196,-0.6743967430419584,0.5007224694208388,0,-0.26208245497029176
0.23186534551798266,-1.9371063213625104,1.316732157566781,1,3.2379203116632436
-0.7069701929977706,0.30644252520132337,0.5651762059125435,0,-0.3401207687757525
-0.8697310161990046,0.8233665336739979,0.21343067351069722,1,-0.3747468718276373
0.062196110356167914,-0.1208699458397821,-1.4378854607891984,0,-1.1749831767504024
1.2751720224353083,0.06531873134914264,-0.23284123527776818,1,-0.5110118062641498
-1.7849225710659171,0.5832768759668144,-0.41406155814513845,1,-0.5324174486984727
0.9607082447858741,-1.5358608289477833,0.3394784718997202,0,1.6081221418633325
0.8127485475696485,-0.5724644155698012,-0.7018281027825808,1,0.7124302100350615
0.4913087907004739,0.5431138928916566,-0.37202383164507313,1,0.5474675471261243
-0.36139246461092894,0.34243749839248927,-1.731279075069943,0,0.3158453466632536
-0.4073165693467644,-0.4772055193852983,-0.35349211572842426,1,0.8712622189211594
-0.6065886516073614,-0.9634964534098429,-0.1324941109803619,1,0.6047256417283613
-2.889311608363297,-0.03730808891369179,-0.4521149070494283,1,-0.6381799484313516
0.24111451716679483,-0.4162508062786546,0.31291650243008395,0,0.9727815249913998
1.6411136942980993,-0.889533206748321,0.7667603457449478,0,0.10219347926013869
0.32522076798426464,-0.42880473193803875,1.5840090888687106,0,1.3379112859192954
-0.8758596173255033,-0.37399065199181425,0.9166559525627046,0,-0.3115191333371657
0.0076804144424083365,-0.7295261339656377,0.6869894116321973,0,1.978981414318329
1.529791879138789,-0.2745987281213946,0.7552613102872816,1,0.5255088003553186
-1.098741439263556,-0.7010944432854125,-0.5052321746940515,0,0.34003709977960783
-0.8060534999607071,-0.6278381501144082,0.23494393943979336,0,0.25805728515256887
0.38844522599553755,0.8562508287328563,-0.48205839317666505,0,-0.14485012617425225
0.717329426456234,-0.2148199964139793,1.9278397532751355,1,2.40443989895498
0.16411742487539382,-0.6961075507848873,0.40541534001351764,0,0.2172507100512541
-1.377368557560641,-1.3298181819273076,0.5089703129517629,1,2.112035449418553
-0.5574047581258001,0.10092686851191607,-0.0039363590199585075,1,0.7078320811704563
-0.7266663590803486,0.8158163534618915,-0.10199681247728921,1,-0.9620193723427701
-1.2632271905630705,-0.9563029351360255,-0.37908864140480775,1,0.1614281149119825
-1.6597567137385458,-0.32160379130759653,-0.866787603465691,1,-0.628980846038063
-0.4856658385274174,0.5900401191905278,1.5418074155961639,1,1.6369603528535772
-0.8523231194142724,0.5482795751386866,-0.6880902104643966,0,-0.6542384509018309
-0.593465829610031,-0.5209495168063192,-1.848121100021828,0,0.21787715433492527
-1.4851368603436215,-1.5232068463396078,-0.7541072940552238,0,-0.23205188570956148
0.10103131946761394,-1.7790207900840245,0.1255899601271499,0,0.13543142875295633
0.025482346131637433,0.5476048436755565,0.7421361859254083,0,-1.1221437755428
-1.0858758976346277,-0.49285548781187427,-0.7224255485577067,1,-0.05584032771892988
-0.47576987186902797,0.16958393260624183,-0.9173439740352725,1,-0.20684447169051678
-0.5857554421720378,1.5632197369228216,0.821719705262512,0,-0.8248365931468743
1.3484181728349314,1.5662560667277878,-0.3795828804301023,1,-0.8950576082977183
0.3227668329436953,-0.561051438925961,-0.19763749389105456,1,0.5815419457789817
0.7920063435684138,-0.6283817731845678,0.1707462617706056,0,1.0097523963347073
0.9429701952228497,0.7937073437532217,0.05831464094822575,0,-0.010491674243010785
0.9775813865236646,1.1396058142018677,0.09410752282261013,1,-0.17197344736162562
0.4234539315055507,-0.8890631845149144,1.5705991602898046,0,1.382706630210015
-2.5519617193639705,-0.04718857589477395,-0.5319857480895506,0,-2.0135701516386213
0.013238082192174485,1.0946071701430165,0.3468497128548477,0,-0.5087861617037032
0.29462422150704465,1.069739064688927,-0.2982349462156636,0,0.0007590077944242823
-0.8929789234617824,0.6516626056045145,-0.7842873996438056,1,-0.11223433392050633
0.941370821981297,0.8736416572332738,1.134725466752456,1,-0.8494324432800033
-0.21970404322639747,-0.693287465929718,0.35389008228332786,0,0.1319791823110083
-0.3596847123430282,0.8405865356162272,-1.5767071969558408,1,-1.4148708269073444
2.1703014481125504,1.5320520391218957,2.7015264620540007,1,-0.37121321160374343
-0.29952951340043965,0.9493924423919329,-1.466343640264757,0,-0.8439469218068223
0.6301031707703385,0.32520678212547105,-0.24158638693690596,1,-0.05269690271707261
2.259479108814537,-1.5106522859513043,-0.048779164707246254,0,-0.35791440592847074
0.9533759949134301,0.5403228872516664,1.2411898928567835,1,-0.39726031617877655
-0.841575709323078,0.24336117816890795,-1.5296350891711952,0,-0.025322595329775877
-1.628100888888121,-0.10551289337431814,-1.3441811330351272,1,-1.2998079064141044
-1.7335338715479827,-0.16853552846089578,0.39152795719499145,0,-1.5350640256335706
0.4498254967148601,2.1977953986138448,-0.40528973438026084,0,-1.9961067585412058
0.45869345745119267,-2.0499646853513225,0.16289678120053397,0,0.1486772374375087
-0.391426027475665,-0.2116353240567655,-0.43133812203784566,1,-0.9841807276461949
0.2190879459075099,1.4444652265708784,1.7042424786300374,0,-1.0876896958396185
-0.1495624146620718,-0.47396292573153737,1.6230493121668137,0,0.9023461871807219
-0.08799992372013839,-0.42900734560054976,-1.2892683350657832,0,0.6378538493577215
1.4235821586189346,2.0439362485259167,0.4795369934442853,1,-1.2035377058548962
-0.6079670756448612,-0.20474463133162393,-0.7080873577667998,1,1.38147325383325
-1.0544031665826237,1.2385910914748264,0.2737945752970315,0,-0.9800561062237532
0.3030079932983811,-0.5134220155146927,0.7054579885154856,0,-0.7485630030139045
2.043882413048875,0.43846217959043443,0.08708157537963901,1,0.7861807193927373
-0.8254686558958354,0.7640644164086938,1.2593881786976053,1,2.222637735055037
-0.17147691296953124,-1.1031898619175935,0.7364474508321096,0,1.0724553415861076
-0.43764477951390823,0.7902467857673608,1.1308731354408998,1,1.8416595008556997
0.44194049019580534,0.3063835078771968,-1.9261972720826857,0,1.121058152478404
-0.12455913645862954,1.06601427343116,0.872182401587545,1,-0.605284294299776
0.35005736751183997,0.11400223368922387,-0.09508861302707164,0,0.03636070167460026
-0.8371225352970765,0.2010047134900575,0.47488544956508966,0,1.1206509421607236
-0.1467149839684499,1.2084218884855955,-0.3551532580907346,0,-1.9946988550676399
-1.6723749475567515,0.3088187681798354,0.5609540981295162,0,-0.5834469700255798
-2.0838919788201853,-0.9591803208728955,0.945065297405563,0,-1.5763151602820638
-0.37964748355867206,-0.8735171970602891,0.7296094351055357,1,3.0822036220821856
0.23314076380101473,-1.0550954724307648,-0.34436148522953686,1,0.32862661225647666
-0.752066680891784,0.5955957188591943,1.3343749760434773,1,-2.4521215554123716
1.2593110430370271,1.5170093992284364,-0.5557534365250044,0,-1.6371728286102285
-0.23283233039208212,0.12148544391538899,-0.11562771488894624,0,1.0696195343531676
-0.5098824766457274,0.36458472228175454,0.03245638519677018,0,-0.4339164344837936
0.552471422494291,-0.6441292280019482,-1.6274952879175075,0,0.6380375287481058
0.21431960092209412,-1.875752798126213,1.2932875172932452,1,2.662621427654523
-1.0148421112699668,1.5209499557467603,0.8762586331967045,1,-0.723582456880636
-1.1658932398501214,1.6153256860527831,0.7288188792830852,1,-0.40409487244374737
3.1427341401217648,-1.29104042780247,2.2119361299551534,1,1.0158525612780624
1.1069194210820952,0.08366983405033665,1.5976213782964797,1,1.320700652489662
-0.31538856504228496,0.5973527163108273,1.3140025762813827,1,0.5276814320112776
0.7242894543707695,-0.3387190369456956,1.3236891761071465,1,0.5866022601087559
0.2617880757237239,-0.10239152470533192,1.8340404261367975,1,3.016605167998323
1.835159231579186,0.38975938411882366,0.4907555964196611,1,0.8951015619861487
0.22400076726724058,-0.4794500651939944,-0.9809063774435118,0,-0.3670205639471119
0.364843922127314,0.6229235380294514,-0.029918175007592546,1,2.7242228754976754
1.927289884248642,-0.1845755608635836,-0.6514052587161164,1,-3.848819403187166
-1.3613105633472937,0.9009553896359285,1.042057630737,1,-0.525432004611727
1.282662288859364,-1.9755931387916652,-0.8556850327827945,1,0.4373908279730212
-1.559268166683634,-0.5353918507666534,-0.8942161944822821,0,-0.41056316217473315
1.1003706815250607,1.0257322099533066,0.06318690748224963,1,1.4863919606970468
-1.828119615615711,0.04373987021416411,0.526198896738199,0,-0.6882800798989871
-0.3461977286540131,-0.2654912176274554,1.376542097970067,1,2.3791847056974182
-0.122757564064267,-1.3353823766135406,-2.423978059740131,1,0.4514819606884224
0.32940327901105027,1.2033712240375514,-1.3257630081163203,1,-0.7925100076357982
0.11222830408179642,0.811371437437833,2.435511302537955,1,0.5891737393070395
-0.34232845632605347,0.6834104715262384,0.5640465994442547,0,-3.508054875662914
-2.069560910940881,-2.092724669097543,-0.14207433923429455,0,-0.6987189560170249
1.514566154498894,0.2489537579945335,-0.4512008491122221,0,1.9414750832669894
-0.29412825445351753,-1.2696226867877556,-0.20173722030750754,0,-0.741750158174896
0.11492677141426079,-0.20763680736658235,-0.35263497084853007,0,-1.0010295730229206
-1.0384145428464326,0.951131102224537,-0.2439044755801513,0,-1.7078646249978076
0.8641067121377407,-0.5839377951982649,-0.2152532593674374,1,0.3668468610220371
-1.289754049855564,-1.1000314491249377,0.14771483389535126,0,-0.8119383964567479
-0.22008466984831898,0.415468647745843,-0.412276398623086,0,-0.0006241852325700181
-0.9859964680857677,-1.7871935169536222,1.3406442016509832,0,0.8066442847762822
0.42834658861060315,-0.004411927316313477,0.526056195672423,1,0.7645680599704547
-0.1683306814081748,0.3244117849547967,0.8471265376594087,0,0.596132533419926
0.5405852513922363,0.22942223518581067,-0.6116958815046392,1,-0.7876261010283168
-0.17561187736735015,0.44448528119411074,0.1277370762969105,0,0.19407143226274665
-1.1331591353493857,-1.1702469734311423,-0.10088163815442745,0,-0.16956614831481273
1.6094408790808226,-0.8696664626186343,0.8167331923478867,1,3.3058013797429737
-0.13346513190589782,0.9870551798048427,-1.104773887092142,0,-0.032985502714667825
0.34973935087212044,0.7933963332880145,-2.7479401011611735,0,-0.8156316784336457
-0.05583793274810738,-0.25230451015379907,-0.1810120102029185,1,-0.044357358852103124
-1.0401406818499066,-0.45970581668933386,-0.34680364326430996,1,1.1722675700672132
0.9104144377100731,0.6821111420622823,-1.2616712233062763,1,-0.4328654501453707
-0.6551429890880173,-0.5642683483218806,-1.5581467639291902,1,-0.07121441830147657
0.6672707203880567,0.3817977499961864,0.8234389490242523,1,0.21500423833092952
0.14539503007011934,-1.2804305487884775,-1.2171398394430586,1,0.3694224547666446
0.33148499614644605,-0.8369239447681968,1.2472981903872644,1,0.13934134069130533
-0.7302101190723089,1.1520217948500346,-1.9461638857460077,1,-1.6276129554971095
-2.1915255815810197,0.4786114207526113,-0.12879600443026468,1,-2.674624033602337
0.2660426662879373,-0.5742380189208219,-0.6876318356267372,1,2.5580899221169195
-0.25348836624342924,-0.8614830342049499,0.39565793528901216,0,0.23364066717042276
-1.055803778020109,0.46285047335884344,1.3980290982098216,0,-0.15415406871467963
-0.3602979318229725,-0.546925151954586,-0.17747546056681396,1,1.2705807972151153
1.8229461416375838,-0.8592374414199802,-1.599605039110712,1,0.9098469271586974
0.6147601141147253,-0.2840799194570491,-0.47020433921602517,1,1.8782288563616794
0.4785288843926406,-1.4980714044904833,0.15134630494561085,0,-0.30115615154630004
0.2703964197388284,0.30604919610632225,-1.0808006655016176,1,-0.4974399146908723
-0.2015601705700671,0.19926545131455686,0.22307350910541285,0,-0.5540759078988338
-0.3408593505967939,1.144156475443005,-0.5512016966298346,1,0.9811231453950456
0.010323506010954253,-0.07711296552248569,-0.38613729377590056,1,0.6614660285114561
-1.3328142833146999,-1.9147657936752804,1.608558415769776,0,0.4296913641722144
0.34038512189069786,-0.30426789174934,-0.8814037042756536,0,-0.26468138686044207
-0.0014957111425575116,-1.2115440517906382,1.3955594752534812,0,1.0482476350497674
-0.08299796329103346,-0.4829571172173523,0.4342168823375677,0,0.4174855969610617
-0.7703281137389788,0.4913884837607795,-1.422062447810157,0,-0.9710725260266159
1.1607932287574938,-0.768848457797272,-1.0701156588489242,0,-0.1190175741221807
1.032176035433661,-1.5640629286101593,-0.3920192499152905,1,2.259409765544877
0.9414279196302702,-0.1458849773922866,-0.8868411092404637,0,-0.04905991540197685
0.2790106512444105,-0.1631421989543972,0.04849446625318685,1,0.17485816868140708
-0.3862362003783978,0.25860252342262335,2.1420885421412135,1,1.969211219186698
-0.5385637735075232,0.1642833691296354,0.6866119989483455,1,0.8038998788695213
0.66530209234706,-0.35153590810195046,-0.6625041239839817,0,-0.29985005347887017
1.2267176452847535,-0.47296294407651696,-0.31827708922344083,0,-1.403060526041315
-0.20923040080608696,-0.27329248152065755,1.3212537384647727,0,-0.7243592631378218
-1.2915548816605382,-0.12184211158604491,0.3071626975904339,0,-0.07098260632875084
0.45499254167031467,1.524849474776899,-0.9785666006496851,1,0.3442102141096023
0.3038255153373713,0.6182081430666242,0.7152738670899047,0,-0.2510575916810531
0.1051820156935119,-0.7001475993663342,-0.5913213887418022,1,-1.3900945458269365
-1.466439032770791,-0.4638123563095243,-1.2629401446947044,0,-1.415518726005181
-0.09322975990800918,-0.9567686397893309,-0.14289957349572863,1,2.1917381006741863
1.126584827718793,-0.9417982258435654,1.318336932968734,1,1.5286024508695328
-0.42854184346863067,-1.253699228790704,-1.1750526288156424,0,1.6037051908284652
-0.31813428804254745,0.8332827640641282,0.2463108560396292,0,-0.10872250053673266
-0.2676350774133195,-0.01660116440331581,0.43829090685477645,0,-0.15213355444913323
0.07302457619476749,-2.5310362590264694,2.159510536454944,0,0.7535061576443043
-0.9759670640432101,0.6808294566987857,-0.11973317955957267,0,0.8733545714239839
-0.7402196168122865,-1.2654326880150393,0.4649371635572104,1,2.928140999746592
-0.10009443925258774,0.5020086778427761,-1.8754466887629695,0,0.30117819466529705
1.1112606169169184,1.1742860729705373,-0.9131036853464894,0,-1.8696387161880643
1.2327817819957587,-0.40728494543000476,0.41656944910246874,0,0.4179429725689213
-0.24850221321004617,-0.8915257130750931,-0.4475015355582306,0,-0.9337292374556171
-1.3538960508482325,-0.055452641107907,-0.27278438567192936,1,-0.5318361196292991
-1.3365286931677025,0.8988516693917026,-0.8950828615645381,0,0.25978231268086716
-0.31896721996322436,-0.05056561833435795,2.566806361419525,0,0.15020769247241794
-1.7238480418892699,1.7433508393585986,-0.13082308228056388,1,-0.4069220476066159
0.4585257376991352,-1.392147410883561,0.6972514525174928,0,2.0021679383966
0.7408455025500555,-1.0918111105280106,1.5463647456794327,0,1.1672518019539249
0.48871300570441417,0.10454808811596009,-0.680026795082554,1,-0.987805660432914
-0.37978450790466034,-0.7917678107033677,1.864349934738974,1,2.3932512200286897
-0.3346947913758147,-1.1646112909206587,0.4912244225287198,1,0.9435244583881833
1.354921064002318,0.4703058099561908,-0.7128912575906552,1,-0.09370573506441351
1.0116756184734468,-0.11377046828832807,-0.8461739412775098,1,-0.5770805488055767
0.11804523199852834,-0.38361973294832924,1.6525740965455948,0,0.5994670910122307
0.2073068884401011,0.7094312101589392,0.2605300365186764,1,-1.6258918283932178
-0.2702596167567436,0.37312576530931396,1.1376969157608245,1,1.159485500850185
-0.31209054585249124,-0.16101765381272315,-1.0175209589950762,0,-0.3380405140541001
-1.7335876070709064,-0.9591503046296244,2.7709032671787663,1,3.361674097251768
-1.140680781492914,-0.278359086974557,1.1122023355817208,0,0.07841006686996194
0.5488818858752106,-0.3421176850221589,-1.0188399649696918,0,0.19008764908349146
-1.7018670376166523,0.9437093379644198,1.7882834207345661,0,-0.9884259130077668
1.060651566240704,0.4388527627814113,-0.7899294393924633,0,-0.08151163822297192
2.557653431122489,1.1014439809969292,-0.3775483331391822,1,-1.8515602711701742
0.5936883392669743,0.4041916886066071,-1.5566736068352052,1,-1.5542724010479687
0.2317661036131081,0.5447516199921124,-0.05517848705514253,1,0.7789765683837557
0.9613128796086191,1.5341289793996071,-2.6095322789059865,1,-2.842478725347864
-1.2646461493665606,1.8083411451600582,0.366218918419708,1,-1.841164253210671
1.3731149511466443,-2.2326198651414786,1.454917291856616,0,0.07973914407963711
-0.5974401115437242,-1.7434094375879374,0.8273367311252567,0,1.1203953324845886
0.04319300850120995,1.3977526707205474,-0.48082940856398054,0,0.12323012044798676
-0.48249000105585627,0.2635133460232373,2.476543731566113,0,2.3483328752730666
-0.7233387921414105,1.8645252969004276,-0.36848505828158334,0,-1.1441765760487586
-1.6154905609113415,0.30168360581377673,0.5573000313651801,0,-1.4060373331950748
-0.4448525698896106,0.7391488769942114,0.3091843079561711,1,0.10188337379923021
0.09417529534823914,1.0986591597888662,0.05311671534834765,1,-0.2134291845647387
-0.7764905212370865,0.5179809787139522,0.4101274178496264,0,1.4375298403331758
-0.6517079872707692,1.059126416619584,1.0329248528251338,1,0.23982659097149703
0.28686538573610637,0.051234024982168024,-0.14665291127762034,0,-2.398180495936424
-1.3865681922332453,-0.00601512220629947,-0.8291278477689192,1,-1.0318314259435644
-0.31467935858946244,0.7492715094342026,-1.15960066652178,1,-0.5872556886227116
1.3083964305211315,0.18515516040980456,0.17137879832496059,1,-1.0780280577071057
-0.8168781128387864,-0.49320398682405625,-0.338889106326303,0,0.015540191785291813
1.7937247884587482,-0.899323134564901,0.1470025381486158,1,-0.40299039996005415
-1.4119395375801187,0.7630087073149446,1.0813890608733365,0,-0.7463557270466454
-2.067318298155532,2.144853497192751,-1.35210303190601,1,-3.249705765421086
0.4714974491176265,1.1104415605452969,0.9505621884680672,1,-0.06115863509632896
0.28045113608732936,0.8992915518496294,1.0026013138476157,0,2.3014427057223923
1.826268206745391,-0.694735838243363,0.2901080353677258,1,-0.022197060576988226
-1.8303434126652092,-1.138417480795539,-1.3225715458827743,0,-0.5047278459220741
-0.2568034491788546,0.6479111492987343,0.30930363189186555,1,1.0999803027236532
-0.22860523653449288,0.7158501470567545,-0.9981583670287725,1,0.04068024587748731
1.647773775163299,-1.191810725662729,-0.30852785207733807,0,-1.6108224681360883
0.9806665697478514,-0.8351474399550713,0.07030634435289597,0,0.06462591996901157
-0.5658638277728668,-0.37947625500757426,-0.7284106630283709,0,-1.5356090601006018
1.7276745845883454,-0.6551891161182903,-0.632005219270307,1,0.6917132602501713
-0.68955543660365,1.6616395070406085,-0.7806100651466154,0,0.2841982295439629
0.4894106865058542,0.5066813348725617,0.6967220038227957,1,2.6530759091385216
-0.0697325906803021,0.1305163566134142,0.35844268109278965,0,0.6428641462308908
-0.5303157008370978,-1.4486774068678467,-0.1451201078260003,0,0.43117995591962965
-0.2815957685391333,1.5755703900243707,0.45427353806105153,1,-1.3291269582436527
-0.19735269113219714,-0.2817584633469461,-0.3306400688784201,0,0.2690631906592632
-0.9382470058758725,-0.7200686471533257,0.31121589704695635,0,-1.0813981472536174
-0.46537808135994296,-1.161837095492035,0.2916325518265498,1,2.453665796856374
1.4331464441384412,0.9750630828482029,-0.5763698561768095,1,-1.2440757101788265
-0.664565108892332,-0.28316898155403375,-0.07618465043510612,1,-0.7142888951157255
0.1424781261503702,0.1232795466732331,1.5770916774168495,0,-0.4984250666004848
0.99197648874946,-0.8137116432482474,1.6228911042552505,1,1.1758821231536531
-0.33521608592084107,-0.21480425366126688,0.24026585422496405,0,-0.43119486204198365
0.8405066689749559,0.393593575606728,0.6527953504341358,0,-1.6268684957175026
0.9105698339304048,0.30600154031708066,-1.2455078608772845,0,-0.48541752067316124
-0.24149088803016147,-1.0577098615753737,-1.657220412601034,1,0.7574394593645843
1.0878980028267489,0.7623131588528932,-2.3464543417222856,1,-2.651714083026504
1.0261839093224314,-0.591219840288038,0.4789882085488188,1,0.7709852325837003
0.6229356236066014,-1.1382109939176044,1.4226287458629336,0,0.1875165761856289
0.9619865780451099,0.6866051238286028,0.29094233431148725,1,0.1898236236360774
-0.19121296588633588,0.3583376517749182,0.39077026006675286,1,0.8062143661900156
1.0500244550135298,1.8838426571211535,0.3475371602123688,1,-1.5476938033811183
1.9443608605496887,0.5524652847185894,-0.024449874066295913,1,-0.5965211563453587
-0.31856349513956256,-0.43637406655604616,-0.8818788727774809,0,0.5533602844029522
0.694871184107269,0.8426041510012168,0.2812251183944975,1,-1.2658255113031602
0.2503424523854587,-0.7841304567233468,0.7780835070920704,1,1.7937885535599818
-1.4697904709910554,-0.14194600608922522,0.2019240775450494,0,1.1287572840946716
1.5217257170084955,-0.7079369808451426,-0.4770104756631349,1,1.5221543938053121
-0.910157890501561,-0.29715410256352026,-1.5065097965822876,0,-0.3277936888091375
2.237720997034524,1.0025110519530553,1.3468796803242407,1,-1.0419166716797015
-1.7769751498507618,-0.7898154095960186,1.8236849854431791,1,0.6295557302696281
0.13014706656321515,-0.058163439997244056,1.866151774407374,0,0.1881314522045925
1.3702024577706864,1.3920531365949267,0.17215296447567346,1,-1.038463738995194
0.516741244658637,0.0413405212762347,-0.10522336954875447,1,0.6482266816281546
0.047619582312569124,-0.6313126306324197,0.9874067402823681,1,-0.002637878394831983
0.8226932058865557,-0.15954355287395755,0.15260813151434133,0,-0.6357559485694265
0.6766005568313278,-0.9988166549370853,-0.8430406407941367,0,0.5114769428781808
-1.309857118230125,0.12358070794501379,-1.1609734649551817,1,-1.945706720612705
-2.846752418051696,-1.6478184013209276,-0.4428457882439437,0,-1.6808618914077664
0.4138610317061592,0.2342048763346057,-0.40065246344218475,1,1.2762257731900237
-0.1628581626654767,0.31118513300627454,1.5673042047518597,0,0.21777384038724976
-0.13656887452548463,-0.5122223793153458,1.5038182372047242,0,-0.5382261085729894
0.6744696960962004,-0.7798713786933616,-0.17508458549704564,1,1.2674249779425826
1.5701884991013215,-0.49489360796792936,-0.05666368995112555,0,0.493752403848542
0.8276308256329366,0.21463872259197656,1.5386374518160337,1,0.5504851364347656
-1.184173442096329,-1.2305717705354005,-1.1520982558445658,0,0.9136933945602381
0.17045025245571227,0.6087364547492653,-1.7843424901654001,1,-0.6970647062859816
0.41270220676727626,0.30968820536644087,-0.14510978000754973,1,-0.39401155895738615
-0.024809389131700072,0.5812689485016259,-0.8468296617284365,0,-1.049011246456105
-1.0953467000857704,0.30515001021983346,-0.5044321711845603,0,-1.229725664398189
0.8723534804279638,0.6092964309596403,-0.09468048242437653,1,-0.04510805983262045
-0.581880560638252,0.4450588721186643,0.7411181461527337,0,0.4195443260032178
-0.4255667786256495,-0.6687511348563702,-0.8611307737796987,0,-1.0082689853648859
0.40635345282826524,-0.9458813498127888,2.261910897004973,1,2.1860210664560333
0.8614922668722873,-1.4454874269165126,-1.255509885522838,0,1.209752028728614
-0.4449944331152515,0.20025434545383983,1.2079297041422732,0,-0.11371639562390279
0.3557411396356591,-0.2579232674833359,-0.6776848476210109,1,0.541820836290069
0.13634069651450964,-0.23976925575319663,-0.7149619341953597,1,-1.610874563064598
0.8392705631048331,-0.9541367255450621,0.05201172856126884,1,1.9584908711885762
-1.0249586845529448,-1.0362711997234708,0.2596742699690256,0,-0.08745984159097808
-1.3096432761463237,1.1482490032877304,0.4247555472842601,0,-1.0020517020251025
-0.7727394536827135,-0.3420377142034592,-0.30339990973982667,0,-1.0975987298215208
-0.08644113047776163,-0.8034796711162563,-0.7038031772331156,0,-0.7812887381240265
-0.16311142927970132,0.8667973144845842,-1.1254186174284777,0,-0.3507007635997974
-1.242853543785796,-0.8531027056536264,1.024156453786106,0,-0.09680590454293198
1.0090735874734544,-0.5701481961253155,-0.5495923135286657,0,1.1569636365703557
-1.6394296289813481,-1.0390987490382393,-1.283908913395184,1,2.5199197111272786
-1.4189155941539977,-1.8037278896754927,-1.4251646630592145,0,0.02034294587793728
-1.0813532298126585,1.609496274863796,-0.32735125019315126,0,-0.7088760467740052
0.765917646970325,1.479630796779966,-0.32691936206351435,1,-0.6864604000633467
-1.0619311320853733,-0.17836293886497803,-1.2264575959109083,0,-3.4303721426065836
-0.18089689207805293,-0.31052843600264,-1.084323033431536,1,0.4287552051717211
-1.6689541354369406,-0.0193842615945186,0.6795291147366829,0,-1.91908248578325
0.04927148930406105,-0.18862546910594719,0.6075193156648967,0,0.41901734754953324
-1.2342871611805786,1.0078360529521067,0.28153274053117544,0,-1.398439664505386
1.1323382087098963,-2.623664607744464,-0.5701786366785235,0,0.8737313531891245
1.0178900134618498,0.2547628764639775,-0.224293869257657,1,-0.29199369645554235
1.7857866818944512,0.24184457615840235,0.729707134104109,1,1.695506509128361
-0.2223079972011451,-0.5187360224289663,-0.6977996751723508,1,1.0466713482421683
-0.9803049520028982,-3.0908736480746812,1.1565895924873066,0,0.4295010045432266
-1.3473233264807707,-2.06644121082637,0.49128272874457074,0,0.4073083012303386
1.8815927637082563,0.521414189841515,0.2324177735113527,0,-2.4405719501180316
0.6492519572267247,-1.3653828549803606,-0.25528165363718947,0,0.9592690734364626
-1.0066541612611966,1.4882939326743108,1.1187419785581925,0,-2.544771717325381
-0.38971169111975307,1.7441723534757898,0.7444955282721673,1,2.6823614583595825
0.3477683218525754,-0.7656140706189097,0.5211254991848654,0,1.986952671749951
-0.4269031751736269,0.03883623187522867,0.21404294356583475,0,0.10000364042251975
1.3919873754814573,-1.0130151390251971,-0.17700991225146842,0,-0.1821213150246879
1.38028807042387,-0.27290641350898437,-1.2000293000884437,0,-0.8531540370970895
-1.664423970478654,-1.4418932253396586,0.22472235292480802,0,-0.3844890894102617
1.5048501191998402,0.0527098421659789,0.5683847813037834,1,-0.9820122107282336
0.755170079623783,-0.9057877975604253,-0.16012456053595367,0,-0.4848735638143615
-0.9095001866155644,-1.9021199347484465,-1.8141635128768994,0,0.9949398246052592
-0.30050055011278454,-0.2809384565553029,1.028884226197287,1,0.8989461786261879
-1.4669389648359343,1.4308851524889072,0.15553997100681102,0,-0.2916874003443669
-0.06531609549198515,0.8278784388044739,0.9065599687156587,0,0.4235410984747171
-0.8970653580630468,-0.7158030219305536,0.4815748597342246,0,2.8171553581206425
-0.5909200845554387,-0.14896516303424936,-1.4849949827917435,1,-0.9876247968443937
-0.4484568468260147,0.7846697831863867,1.0034696095861781,0,0.2292563837927188
-0.7380058884211288,0.33259008305689436,-1.76157946213848,0,-0.1356353903235098
0.635782175738066,-0.026194649335790528,-0.4216270792848891,1,0.1963980028411219
-1.7968215264514882,-0.06169721151931426,-1.511231866639899,0,0.06129385402262599
0.7404731199242399,0.5781630951466228,-0.6823629143689001,0,-1.9369397269796842
0.10997184125708395,0.19653685925146497,-1.6296533223685616,1,0.32001912573610614
-0.555087591367168,-0.5491927175733419,-0.8580276021063995,0,-0.12300333984813669
-1.3289177630554347,1.2598433998364795,-1.1182663857736248,1,-1.7910829225294682
-2.7436999812292813,-1.0730507988146323,0.11525764012551791,0,-0.9099838564874942
1.310371719144155,0.08470180818236954,-0.03289360763259158,1,-1.6571323344910018
-1.5708177101349303,-0.272378338206074,-0.13392167547371134,0,-1.1694156642494602
0.5364040279969934,1.1412445184963536,-0.5613547905447746,0,-0.7837219326580573
-1.029588264448083,1.176073956951056,-0.28799939887318504,0,-0.16474181172462943
0.24101005768835257,1.8510335243102611,-1.6075880103176587,1,-1.3631643475349613
-1.5153941544786622,0.6422930924897463,0.7297075132795958,1,0.0202806607297239
0.4284419350103239,-0.16129700225711532,1.1431522020024811,0,-0.20516389427471216
-1.283926186432187,-2.7479378689504634,-0.07695537197992393,0,0.5553948527949658
0.720702162587275,-0.36192218254220204,-0.37079414823207213,0,-0.17179963647886962
0.3469016235781876,0.378569477771864,2.130938487153404,1,1.200135694345156
-3.078631135984937,-1.2702152080207811,0.6173644939739937,0,-2.2476866779875055
-1.1212058528264688,-1.8848637626456015,-0.7831075085411361,0,1.013161190558265
2.637003853020865,0.595056345589229,-0.2484888619606688,1,-2.8852025867786395
0.7596894745451416,0.7205131348487125,-0.5162410825897032,0,0.9967908908120107
1.4537870135801714,-1.3705759708521557,0.6362335437144513,1,2.015863985340933
-0.5609752205553935,0.9910933064402104,0.5556060888542793,1,0.11527159648476448
-1.332174906606647,-1.210875670822149,1.79394489084532,0,2.1523044194280065
-1.3779818779853066,-0.048105141746629804,-0.2196633896580573,1,0.09190861865224337
-0.41668778526341815,-0.30289937819824514,0.8198395556211012,0,-0.19851462925144214
-0.753545405364468,0.4418038818719981,0.0549215429539205,0,-0.5001561561428685
0.12598948441219407,0.5597632250406895,0.19968048416957496,1,0.8633841253587429
-1.26690871812757,0.18471629096295963,-0.5247945116412037,0,-1.1390095474858195
0.42140512200379154,-1.2074875822503401,-0.628902459218786,1,0.7685953017015057
-1.5818851673330927,-0.6930239519671965,1.1132685220763023,0,0.9348847591960452
-1.0159876502486738,-0.8737511752946807,0.7090611901981175,1,1.6565397195418032
0.38727940491616186,0.6316980975936296,-1.8922937620295954,1,-1.4756955612471614
1.2309286547116014,1.2052220343224234,1.0099284862740474,1,-0.8107517121696652
1.2138592970862934,1.4205678291020585,0.21630794662288752,1,-1.1192372140247282
0.18687234926076307,0.6134393177105754,-0.31686500559437814,1,-3.714549442580024
0.5525246617203401,-0.14822291750957847,-1.2864996815390708,0,-1.2493345493076191
-1.505287472037019,1.103889104279077,2.098165815566196,1,-1.5257027778621544
0.8349557675131409,-2.0064840361146317,-0.6089725880609166,1,1.0390375808013768
0.508107216458833,-0.5596016631693886,-0.5811517742832353,1,1.702857155100374
-0.32631945927414546,-0.22769180515899862,0.4760133218491439,1,1.5657828475054363
0.9151944167080098,-1.8043681033757226,0.5268794355575641,0,-1.717544509685018
0.26038753912401286,-0.020922281483177013,-2.32271290131163,0,0.46843083263327523
-0.004322839636310763,-0.46446666859602215,-1.4574482326114968,0,0.6204135933267816
-0.2311528520815615,0.5042363654066705,-0.15767306841391135,0,-1.0289547608798841
-0.14769116800762336,-0.01565793583640955,-0.7093528684492224,1,-0.47528603612526166
0.2197697363513977,-1.6296906928960857,-0.6238384724288409,0,0.01030810405892535
-2.207457768009282,0.2531864260308572,-1.1219680970163406,1,-2.3389493076520043
0.5996573240992126,-0.8436302191639423,0.11978565942068688,0,0.618500747434318
1.2215236739585058,-0.4203035001333561,1.005290759541804,0,0.3658983064166047
-1.2856318335029362,-1.2205102760620792,0.97749386513671,0,-0.09061217240709951
-1.1795089041758948,-0.006064925365378471,-0.09405314457591257,0,0.3701665763535
-0.10757448896274589,-0.6994168437272944,-1.9691541344667627,0,-0.4243214570129709
1.3674356520399733,-1.4442571433780527,-2.224701047253237,0,-1.017055467287289
-0.1401415482723293,-0.6716792758991255,-2.0900924846950737,1,0.1276017164966566
-0.5698738002743825,-0.8643936169595845,-1.113645018220374,0,0.3358419287080978
-0.9240950713031817,0.28967351449166134,0.5753540315927939,0,-0.40395000328794417
2.45234995296642,0.16091350697194223,-0.03633656940704628,1,-1.8873966804693412
1.3226443614526187,1.0305481268525194,-0.1629961571463617,1,-2.8532076128815844
-0.45866021538002727,-2.1327476697533463,-0.6538847573040948,0,0.2984291782820223
2.2187695935506913,-1.1149345484536555,-1.3316626067715194,0,-1.4821027418043191
0.2788290409918123,0.5253978185317002,0.3882271838127298,1,-1.4940605480706926
-1.5700469360735634,-0.8771972772915461,-0.5689769012232754,1,0.9910462169606367
-1.0086940658878674,0.0463427705044616,0.4124701018877645,0,0.06884162712406697
-0.043984859028387426,0.13175695484842498,-0.6544037411998289,0,-0.6021022717376217
-1.746132630979097,0.0848699816712467,-0.16346642370826625,0,-0.7350235905579277
-1.3915175976003562,0.5688846972535315,-2.461556299485977,1,-3.0451331599184943
-0.21592789865808196,0.3027967642581796,0.665893848938745,0,-1.0166924317285686
0.33216962504058994,-2.574932147646402,-1.1272281144525593,1,2.1644721121686135
-0.34619236741088316,0.6859786193121111,1.7261985874697945,1,1.296506610478886
1.3426689503474667,-1.3811467236266817,-0.8323111719146248,0,0.5875230993390811
-0.5344446260333974,0.1227311816910011,-0.3355468062500905,1,-0.03984645671239628
-0.2619770762646734,0.41284842197785243,-0.2251789326017886,0,0.26228123583335067
-0.18372278102427891,0.01584820328380743,-0.32305825278985917,0,-0.17239341084639176
-1.0659645554190553,-0.28397845409096895,0.7072487586098857,0,0.13382184575998302
0.34782146874260494,-1.410197122654659,1.2745536116603573,1,1.111329697117001
-0.3328866261060044,1.7415455741778747,-0.5692400388474086,0,-0.12340135661718854
0.9879616294402216,-0.18866701628373944,0.11050741768676693,0,-0.10882241172176872
-1.4483212715631684,-0.3030367115321175,-0.564712834117243,1,1.2680185503936234
-0.4841673378779971,-0.03448309574211321,1.2039133359624492,0,-0.4194240511860492
-1.6870010334448504,1.1077030961196273,-1.6627738274080242,1,-2.2409054334327347
-1.3497210084534352,1.3950777549170894,-1.5853871034285196,0,-1.4268417589697937
-0.453715492641663,-1.340037397505144,0.04300058281932961,0,0.2603162975699575
-0.9057151559132254,-0.42189173708391714,-0.1956312222088058,0,-0.9368145811367765
0.975964171266004,2.1835430889421437,-0.20281607636745178,0,-2.214234401554387
1.2883359789060493,0.2989545855621413,0.8723397324781114,0,-0.7149721029492027
-0.7641544089355871,-0.4847554559287606,0.21342139907641847,0,0.3895126200233965
-0.1892582683877846,-0.5793541807457456,0.4799849542552771,1,1.558155642163884
0.04738175525963582,0.7787415337596796,-0.562945614508049,1,0.6294830649364193
0.09115267222639754,0.25596789023708383,0.8422868607333656,1,-0.011807141388184395
-0.3539312387696173,-0.3193829562663937,-1.118191984509177,0,-0.07532470306629706
1.573405425032198,-0.8240723402760449,-1.5388969764979232,0,-0.9121007718161748
-0.4409376937993466,-0.5806556149794939,1.244767631459067,0,2.6603623684438524
0.5888463294892976,0.8002396829608388,0.005780734921382259,0,0.66768438582968
-0.6542934755103025,0.6669257865504732,0.1506504909480498,1,-0.5362568542072137
0.30366781976988866,0.2633597843731343,1.6044099481622687,1,1.8061688307950807
0.9316606595603946,-1.2217674659283122,1.0439809878130415,1,1.1931796683313283
-0.20623435670830373,1.207734577417835,-0.015625666534689022,1,-0.609760467997735
1.1887793469020553,-0.20399556042350606,0.37694153771118194,0,-0.8192613598272236
-0.2855180798902617,-0.0546950209024998,0.955723390764485,1,0.8865717580412604
0.17886220798123248,0.8865405538381621,0.17071075085841825,0,-0.5191620605772854
0.10033683866485885,0.18510923325097398,1.0496837048892602,1,0.9530651586720419
1.0622148974621035,2.0868240765508452,0.18814407820959053,1,-1.2614520606325408
-1.043525680169828,0.4870871938689849,0.5972834583358271,1,-0.582072625892686
-0.828621894046165,0.0054862149242733,-0.09655258557236573,1,0.4019999626139201
-0.906256813131867,-0.2750969280563711,2.492393432663358,0,-0.7080987154373714
-0.7520270874343159,0.6801033811597852,-0.12156149604790631,0,1.9014198329577559
-0.7903410119243467,0.4310922398997257,0.5365664388002607,0,-0.2876923597209862
-1.2380586115094536,-0.3138266375815921,-0.05112687916972802,1,-0.3835345260313322
-0.38792973456185786,0.45861091836867585,0.8622932534113236,1,0.18421935650280474
0.7930053112431078,-2.0989276945793187,-0.24066339515837695,0,1.2067478727886072
0.2685448636091116,1.0381004657202992,0.05445033104576076,1,1.5047358555085741
1.8287312100115936,1.6201088534659178,-0.6927603805998933,1,-1.5568262915767417
-0.8009292841828167,2.252620064385357,0.6905726462827887,0,0.3907038374497005
-1.3627559515471916,1.5328129227682301,1.5035693267805987,1,1.276308203888136
-0.9318770484739141,-0.6396109950625789,0.1597583554399376,0,0.5486719072389828
-0.6562860676512827,1.049902319756318,0.0015202681225797172,0,-0.9430065239538639
-0.21938882702103904,0.03440352748888371,1.1450332134420846,1,0.24484276335329924
0.04003724401584811,-0.011972675856658548,1.0913851951859852,1,0.8380166459991423
-0.7366697169739841,-0.09160315981515486,-1.5876343800822923,1,0.46744177855393326
2.274255151716577,-0.026413903810167758,-0.6333879285847439,0,-1.971238442562436
1.2828542872339261,-0.2933622338304626,-0.7479184652765289,1,0.06922967111992168
-0.2404272085757695,-1.0172909393011695,-0.9515209392391581,0,1.2109854110426315
-0.9052936140285784,-0.872845405284382,-0.2596317905352258,1,1.3202651894377833
-0.5787122509207254,-0.74962780841079,1.5063010774170833,0,0.970890738372484
0.8481134817202327,-0.20266243434106018,0.637494489205487,1,3.9681936506474527
0.2773800171078569,0.007570404012486274,1.1904339572699603,0,1.3636304374775652
-1.0771453809553575,1.1685618926238717,0.5235466581971587,1,-0.29052977438190425
-0.7058082268009892,-0.0935325766653051,-0.8045426900274051,1,-0.3560857256651976
-1.0650317442838724,-1.1616760658124807,0.458684022339663,0,0.353356913234914
0.4965279602506571,-0.7360880582287102,-1.0152623251918462,1,0.17932136991809133
1.5909719762325205,-0.3263943745845812,-1.8367515597321944,0,0.46432647829277074
1.2710205050011696,-0.13765219114048166,-1.5986143827594232,1,0.0034761590365438577
-0.5126186864343071,1.5836181208757756,0.7339638371560062,0,-0.15255817583209808
0.2926389987708087,-1.0010137082876511,-0.948663540896346,1,1.0867224599198084
-0.9666117618747402,0.7285126001412406,-0.10358607163025245,0,-2.291864742260917
0.3870837286851838,0.7311019363614112,2.026509395894392,1,0.7221439569272499
0.5842396285593725,-0.35531201276519886,-0.6318139767095093,1,0.1886653832158613
-2.1820466176923006,-1.590258947514243,0.5697215288670657,0,0.443503453312177
-0.3916947868598821,0.5107611299666374,-0.3558641351499006,1,-0.9117165433422659
-0.6168799598533605,0.656504077602261,1.0566206933668867,0,-1.2577671960487928
-0.8418192651366369,-0.9053970849758279,0.13461440125840848,1,1.1629810973169619
-0.8784970971008162,-0.41858701996381353,-0.783761809415534,1,1.2351198798445462
2.199958909251671,-0.8189364160357894,0.17570581575830418,1,-1.2815906262403094
0.13588509462477913,1.4752917674066115,0.6733056929448071,1,-0.032753054265906106
-0.5218107761931454,-0.48882454183798235,-0.7190686471583096,0,0.09779782487267712
-0.7831058028238368,-0.6292035689958941,-0.407982352195217,1,0.6628650265485013
-0.477530586409735,1.172795691392928,0.9429550285216093,0,-1.5315503700973008
-0.8836738412276562,-0.8854550923253819,0.6141462766026455,0,1.1225121210788145
0.007034923919032663,-2.2999322825200252,-2.109538536996137,1,0.024936698538978286
-1.2939465007670328,0.31565911774024424,1.0215671000899196,1,0.31797431186019315
-0.5138521988908414,-0.16657147709765033,-0.5828931394471705,0,-0.8260710715764378
0.6478519407596267,1.175620595683155,-0.5201539143443249,1,-1.3390948175146442
0.7927893237802526,1.010713007713975,0.030876763670360647,0,-2.9694386251249787
-2.0770629795219353,1.3977375312633666,-0.3247712413011612,0,-1.9287866978738788
0.6224237481207993,-0.7687237295251599,1.278899890322743,1,1.0040069902491395
-0.7305393077569118,0.1872163142890401,-1.0709683500215592,1,-0.034469133135742236
1.1006228730638237,-0.2775523966054641,-0.2666169245520556,0,-0.2757956040563046
-1.109034100446744,1.178022126898225,1.1282427851391665,0,-0.7065904867671637
-0.35788683979231195,0.06788965321471657,0.34752964235326145,1,0.008670682488229553
0.0779044476604168,0.4100538092180375,1.8058815314603345,1,1.652321687149708
0.8100397803648857,0.7900305158664331,0.0787130255797456,1,-0.012307010773589977
0.8326632204421457,1.1856416011475321,0.865379318609455,1,0.8851065650469068
-0.8142804230115209,2.073921513679201,-0.06735640253572778,1,-2.482360216466179
-0.8075596456550591,0.6560336175602982,0.3662999310428614,1,1.0951253156901226
1.0685213348843103,-0.372538395225999,-0.34670420343362235,1,0.6342282918235436
-0.6375274077504578,0.31340199173444905,0.7977444001733583,1,1.7017917717118776
1.7281121193462117,0.1821714174967214,1.3641956713517858,1,0.46189536305100276
0.6206420535658,-0.946366208025849,0.10457077272055146,1,0.8358949790239465
-1.125797607164179,0.7235215698250841,0.047421342643218116,1,-1.128603979845459
0.8783039004657487,-1.0229564142345207,1.1095737078224397,0,0.8011030362218154
0.28715489527484234,-1.657727396034912,0.5752177967811078,1,1.1607034787743424
-0.15611472192392278,-0.23799099324861417,-0.39896338090092537,0,-0.1431852523930682
-0.4010827533725569,-2.31615369827509,-0.8778646627348052,0,2.1104185475147497
0.7605195544515766,1.6068644184927956,1.128245833673089,0,-0.5017190237037875
-0.8415133304778925,0.8345121103591421,-1.7970753355736058,1,-2.0970401628264934
-0.7743569848066889,0.7745622692315193,0.0775312935159508,1,0.08792787765186688
-0.6364249974946199,-0.4503386454057942,-0.43244106651275205,0,1.2193636486912593
-0.5199012135071941,0.04207777913224653,-0.49828259909026174,0,0.6770262477377362
0.1826045085049905,-1.2677078648894642,-1.0224571649042817,1,0.1796349520166367
0.28324863468705197,-0.16333298601126228,1.6842122483180815,1,0.35406920817468857
0.7404756795226974,-0.7923354187054357,-0.7420973945764344,0,0.6132494051923232
2.087971542473875,-0.7035039279402933,0.6279891129123943,1,-1.048388281945702
0.6901607615099785,1.309199089761817,-0.08613843121165002,1,-1.6458263026395221
-0.453973756160008,0.7200970873832543,0.30080693848450774,1,-0.1141702918364007
0.19047641538811677,-0.6374142439181905,0.1102175322840039,1,3.295164833336017
-0.021109009465490016,2.2951182284992058,-0.34278936601314525,1,-2.0504167771921966
-1.2772133348194268,-1.934791393351788,0.19755587227997656,0,-0.10676941499810377
0.32089992541021034,1.7358146449482492,0.712717176657592,0,0.18170407626525809
-1.1770026125042221,-0.4434660378576296,-1.4475117575193446,0,-0.6444775273389941
0.19955707142113302,-1.6305075763277455,-0.12934975434646875,0,0.6079724078631079
-0.2985055749743075,-0.45023581940818264,-1.9572218652268543,1,-0.7503109244319293
-1.5423770599424842,0.6023583674707188,-0.4376044946943253,1,-1.9684317224546624
0.7496198744843315,1.1905946763758626,-1.6126762968516457,1,-0.6435857974866404
0.5204272037055326,0.05732845085809411,-0.39111945533780096,1,-0.15633339239119132
1.0692514676241927,-0.5322251960947,-0.8975680942449652,1,0.3096409239234287
-0.8045253687192586,1.7797257759185168,-0.9204815907631819,1,-1.1782892763466615
-0.13570882811874202,-0.7585711621817414,-0.775025153354716,0,0.7009424018948118
0.5083265714776232,-0.4333736458128927,0.3978382600280383,1,-0.00916470420036175
2.224890140715976,0.23646342389293304,1.0398983071089323,1,0.20731417709623168
0.025404246684254964,0.26775818682992464,0.018780980729784357,1,-0.06162631646738692
-0.4533041460505187,-0.9860476489338191,1.374262605509991,0,0.8609172558203264
-0.7948739444432269,1.4918456407278293,-0.15942544803847802,1,-1.8021007904604969
1.3723230266308502,0.5125306666704049,-0.977669343496782,0,-1.0996635361639189
1.1682469248821947,-0.046430958685515625,1.8843686561866018,0,-0.714432535327618
-0.25658239380685477,-0.7553852875808442,-0.2536803120376674,1,0.9571682228557469
0.341773984537914,-1.0749433296406659,0.9601215905465214,1,0.8820983422384495
1.5878408149567136,0.13989410067425304,-0.4332535701808428,1,-1.1914083337739503
0.5785824743706366,1.815598339928754,0.10659908131891727,0,0.013404624740554816
-0.7034672156064306,-0.3355991212008746,1.8601034054726724,1,1.628989787754314
-0.2700929137185771,1.7471386872226164,1.9875128662793775,0,0.7341108204754565
0.26389579430874577,0.8815992954983713,-0.05885491292050549,0,-1.0898128136201302
1.947128496144955,-0.7403600610453492,0.6761244713513148,1,0.5222942646334151
-1.6089991085787991,0.22807593503786844,1.1730968062183182,0,-0.5444721047751493
0.4999637801332318,1.0034773386174476,0.5143926584857286,0,-0.16062237738163032
0.06392203601589347,-0.1678351842750655,0.810496991415821,1,1.3538698978379782
1.9967393087030036,-0.4658934865177503,-1.958088699659853,0,-3.0747941091340536
0.7585861640379972,0.9156694969144753,1.2632933942220432,0,-0.5431789605399939
-0.08193934403593768,-0.4736388997161529,0.8153319199772175,1,0.37441124456582797
-0.0473304555823248,-1.1505001378948934,0.4959311138784823,0,0.6313343749400566
-0.1041435922941912,-1.278313476547578,-0.39626389517807253,0,1.9960505100130954
0.4372722018543618,1.8732844784708595,-1.493994362657817,1,-2.268103163548659
0.6535855552357432,1.4807871006595863,-1.1845423404477622,0,-1.2385606892335803
-0.9515607962811633,0.14005098577505296,2.0743566197621948,1,0.9427250964615658
-0.552763897271787,0.03140065468921887,0.1138737902161554,0,-1.3475364478531418
0.3468623314894953,-0.45176145906708676,1.5524421034771012,1,1.7282642784200872
0.18839556783932798,-2.2185445296738155,-0.48737466257430506,0,0.1701929540360667
-0.4141754971419223,-3.0129421006260837,0.629161964571482,0,1.432805432638674
-1.9541861787823251,-0.13172498895510282,0.8124887811295131,0,-0.1850522922512171
-0.866241241504431,0.20220986984217765,0.41908194399880766,0,-1.6826993705605264
-0.3748032247352199,-0.7215764223569706,1.496231630998222,0,1.962256055717872
-0.44610909363841206,-1.5870489826410878,0.08256836239390405,0,0.3721445271045597
1.0997176044068944,0.09047678363624188,0.8393498741440987,0,0.6586547443554744
-0.4511880443683479,-1.0355617017444374,2.62894362303447,0,1.715809189207135
-0.5392776767598305,0.06566025597366698,0.11189473509935226,0,1.789885991215921
0.803046832478207,-1.250319880328922,-0.7799556256527919,0,-1.3199679981996235
0.7588285814725099,-1.0903852577012463,-1.1641916466016007,0,0.5656782065835788
-1.2788640179769641,0.09132631156215511,-0.658352467411805,1,0.35712358452863724
1.0438908656272115,0.1246258394422188,-2.7215201695120586,0,-1.0098596809298517
0.8585583615047677,0.1575011543775471,-1.4404507124966675,1,0.12127392307232515
-0.6350832934323567,0.029043385909332857,-0.010740133070519343,0,-0.32145236381461323
-1.2371069418628666,-0.6354572863163613,0.1492628970556543,0,0.7499855107369902
0.728244630861753,-0.3449392764973954,-1.3997608022732078,1,1.1074156568260716
-0.22408005811578724,-1.1293648925182265,-1.0000181035096152,1,0.1170339609146871
-0.6741774466577093,0.21288982196380404,-0.34938949118145146,1,-1.374322631347878
-0.33254443569846315,1.511164446982078,-0.4026288520514179,1,-0.7934982762533552
-1.4000726061525315,0.27410840566381584,0.9869698381297346,0,-2.1234082833222256
0.208016531308596,-0.6724391948951893,-0.6527521228395261,0,1.8057151478751434
0.7646178854955296,-1.2677436654364203,0.4404804441739484,0,-0.8194341241232912
0.22004271875071535,0.47901028867003154,-0.0031046602745160366,1,0.3967523520830734
0.35721168721832297,1.597648160610322,0.18137684419738212,1,-0.7602559392208489
-0.3743920419027975,-0.046025409417352586,-1.0680741485171663,1,0.45391002214975185
0.37066376125780437,0.09430892339547073,-0.41618544319847717,0,-0.3240888148996496
0.9842724783778033,-0.053505821718140736,1.0386330612828756,0,1.1999550212683283
-1.350522778217534,-1.0922013664839403,-1.6612045472497874,1,0.14948814939961624
-1.3308129255157906,0.5331526112637103,-0.3877324684369985,1,-0.44443529017728783
0.1442011241317729,-2.5938100695406416,0.41396979424244407,1,3.1784119996859435
-0.22650845685922616,-0.4249721807744235,-0.2143679069778221,0,0.021586332979627004
-0.9396080318226243,-0.04854909287345355,-0.48990094939215006,1,0.513888113778415
0.8821429727783686,-1.5327032697546326,-0.008420727890894647,1,1.4979831407282822
0.3034255371487279,-1.7485925141417253,2.45672620330431,0,1.1428064560758098
-0.5404994408168267,-0.35787972332937074,-0.37167299723441116,0,0.26082333600130214
1.2938567200229052,1.0767804698646535,-2.066913176613003,0,-0.5176476079613418
-0.9533099462897406,0.1571310400474181,0.6219619552049638,0,1.3254184047361766
-1.9751800245442293,0.0922274604514977,0.14944225986798412,0,-1.1872406858861282
-1.3072798930927274,2.5546722047861112,1.8438455648890166,1,-0.5493248762871145
-0.5603880081300926,-0.39178772940820594,1.6064545109948676,1,2.198621841770104
0.12300649275156361,0.6595900675457399,-0.5697038385925087,1,-0.272544270919137
0.5247988472612416,0.22439214680214353,-0.024421253362341626,1,-0.242537001473078
-0.6631581308080419,1.1818100286606978,2.28297198601768,1,1.7159649258940146
0.647424149663477,-0.9800791326211667,-0.6968370554929302,1,0.9846491552797869
0.5008950984464381,-1.1723564991128215,-1.355241771645352,0,1.6839857034460437
-0.7504752709804994,0.4480476155839608,0.8989281881462355,1,0.8695495325842638
1.763768702719583,-0.7547260748574354,0.07449122017215119,0,-0.9847156522096586
1.5677958416124533,0.4280808756521975,1.6537017169672326,0,0.37386121851488674
-0.1219626653994019,-0.07006852518268249,0.7842070572438015,0,-0.48403639032585727
0.828262005998312,1.0530622723963332,0.7990500426147773,1,0.059952708748667705
-0.285481687758857,-0.3261788223033965,-0.6428442846574842,0,-0.296164225211662
-0.09227566271117657,-1.0736240666870591,0.8593292230231037,0,1.6220087223983373
-0.4445863116035092,-1.731799289777087,0.4178203716675721,1,2.861771288412817
0.333304299782354,0.22552578541278523,-0.1502576119457507,1,-2.541297326209092
-1.3369358318937778,-2.094223506577989,1.1805059437033794,1,2.061051217441363
0.49893605546727543,0.9265079698553749,0.7688834723727577,0,-0.8226024262954029
0.08656199468613102,-1.38053279182562,0.8130726042070353,0,1.014093952507266
0.8661974614107852,-0.6287225638239609,-0.10654431966991489,0,-0.7076579977940327
1.101698143708194,-0.05717951016737029,1.941887225199221,1,0.5451762543084779
0.2645683829623101,-0.2912470390402429,-0.774818641441866,1,1.090999445489536
0.2904552787138388,1.0716530155195942,-2.379487655369177,1,-1.2695029169521148
-0.6088230985639446,-0.650206308461192,0.4142960512443809,0,0.7247076732525757
-1.4495049871408294,1.0067747165293117,-0.4415176208005202,1,-0.4872442769478594
0.30986958785266244,-0.3710634674380812,0.14769363776887853,1,0.8533515703250667
1.0243996896368746,0.35235857043984553,0.817705159912391,0,0.19191561261173573
0.7278415446021069,0.7908596381325707,-0.3569832019492469,0,-0.5159735923376592
-0.2930471411364271,-0.5478803468364845,-1.4963557519830557,0,-0.9412797938742441
-0.9596682041031456,-0.5089295323980978,1.3556507114694933,1,1.5341409340532084
-0.09346601271939885,-0.6407663490877623,-1.2785753188433084,1,-0.42197274454214995
0.5215076552744826,1.6992555778968503,-0.3018350498178504,1,-1.6303751913876343
-0.26699448464441683,1.3711297180693802,0.20838535668427635,1,-2.5817190198832725
0.7033055327399945,-0.2372394111893946,2.5459303599143053,1,1.9440037296603658
0.4303682836601397,0.5202592433970313,0.9121865236748473,0,0.4514948089391737
-1.1716605264918325,-0.2835829706439973,-1.476890052071815,0,0.24680878700375597
-0.7632525868981987,2.2145241244415375,0.5964329552555352,1,-1.593050518520682
-0.24285406002038967,-1.1599538005306635,1.0736408886006992,0,-0.457470821976218
1.8977374311546638,-0.9792754185917886,1.4506601179721705,0,0.12380060582095131
0.3566698842021349,-0.9506280484774459,-0.12136645773082896,0,0.42478115142034417
1.0319864994415,0.9287295345035762,0.5030561633696311,0,0.17583283815720274
-0.6609390005224051,-0.5401473535476062,-0.1418104159691924,0,0.3041160979737315
-1.077084785604542,1.5366599890978831,-0.882212146987413,1,-0.8485046105077292
-0.1966952732568066,0.7585563812572763,-1.6253487845388528,1,-3.9307290412593465
0.42041030770459453,0.7651924704587815,-0.613581044223742,1,-0.3101949433614626
0.3781966150517076,-1.8911198726660263,-1.3272731614691695,0,0.6562594227280801
-0.18645894626000126,-0.9674468526623553,0.08212056384499283,1,1.555336215341804
1.265936291067288,1.1832730208778415,0.4156696937204665,1,-2.3450666950461985
0.5193565199255153,1.73237555616435,0.03013196982668017,1,-0.943401781444078
-0.663133334088468,-0.10684018954646428,-0.31287143442185733,1,1.7901315513606546
2.449428660060769,0.9196873491015244,0.7498694873638991,1,-1.8695905996770312
0.7541011624603002,-0.6424628793189057,-1.2156145014213275,1,1.8266435144251396
-0.1772412174103343,0.8289053539849922,-0.22761285237347115,1,-0.8607119551855024
0.19609033945468213,-0.976575723362421,-0.16296218438471846,1,0.8237086308139084
0.1251780809644834,-0.46234499997338085,0.21850905592776249,1,1.3818623604538098
-1.8362140302981231,-1.0376272250580831,0.4991020298894349,0,0.6770266440980333
-0.5612788530229526,1.5363521768707538,-0.9894221229142699,1,-0.5935683361013757
0.5746454285668156,-0.2216548737791542,0.6027058543795222,1,0.4281892288614459
0.3649789708703838,-1.6815254768441765,1.753280960684023,0,-0.2274964418513037
0.6278236310815059,-2.060418371746151,0.6124544006067243,0,0.25485960491980797
0.29558657375460995,1.0033518896882723,-0.27758118821363853,0,-1.7949232510960151
2.175036712090573,-0.36733823300751883,-0.9951600634707994,1,-1.3846981506620477
-0.261742398942238,-0.9696717899502794,-0.5395757515337872,0,-0.17801624670569582
-0.26277824999977495,-0.03393556466381002,0.5816071621589022,0,-0.6019597396226777
-0.2715160390340514,0.23558400100690427,-0.6782641141462177,1,3.0267741194092475
-0.44672639554346166,0.023216175242345566,2.567450184377491,0,-0.46013911739008906
3.0094887584528083,0.4388481809656468,0.11652175859777217,0,-3.8793994765053434
-0.20310798216421203,1.6089503461813204,0.7211274843252645,0,-0.5087900167778585
0.005535218455139108,-0.49242430575084745,-0.696024378346898,1,1.6010067665474488
1.287978661766265,0.7306508319580941,0.48344793250757545,0,-0.4471028341265483
-0.4730186370597869,-0.8530875232161634,0.5318186080717854,0,0.5463261335995365
1.8828054076019394,0.8540949206702586,-0.8539784800418893,1,-1.7040288016897671
0.4192592139102104,-1.14146940048976,1.9883013837562808,0,1.204697614036918
-0.345764172179291,-1.5410619383156532,-0.9062287801155168,0,-0.10912698709688773
0.4864572672789186,-0.1440754117201266,-0.18339627841198688,1,-0.18189418960551573
0.23313562086752285,-0.4177747741011648,-0.9526548332075631,0,-0.22562144609626256
0.7235337758980642,-0.3014137966151844,1.9690392215350916,1,0.6369101189105103
-0.5891155649259338,-0.61472132329555,0.6545660983126393,0,0.6014784278081454
-0.3388164180629707,0.15823411427327247,-1.2659309079554495,0,0.1408887698796275
2.0735707268921146,-1.3527639170663677,-0.7828000796901159,1,0.6088924436758087
0.4759497244109634,1.0622707726258813,-2.6265020966934567,1,-2.576451535394998
-0.574587182727239,0.2655864351605593,-0.9834199834264017,1,-1.598300115940347
-0.28814686303358056,1.484864509517335,1.5142726666922264,0,-1.120784793365651
0.5119843471730667,-0.737260073929915,-0.596243465941787,0,-0.6595479421971308
-0.740090600026556,0.30666437032447896,0.6757237180048521,0,-1.261977274664768
0.7328019713100924,1.129232615858287,0.9822320490702068,1,-0.33967610158057915
0.30714120486048113,-0.25232732294037247,-0.2768352685246085,0,-0.21225698471933369
-1.630458599130851,1.1506747007388787,-1.226968740500457,0,-1.6249665708603978
-0.757599024688183,1.47066572919397,-0.8651833848959994,1,-1.6186879731955681
0.010888793518189442,1.8242962730084369,0.25246472755219035,1,-1.7270204732192986
-0.3745164235687219,-1.514509332979506,-0.4748442705153007,1,1.6958004369139645
0.10044369759858732,-0.14584348795565205,0.6980759902648611,0,0.47327995192337124
-1.1287260605293639,-0.7288767686207112,0.9615264427191978,1,2.433016079699139
-0.7157589898987994,1.5343355261392224,-0.9689377480033887,1,1.099583548156011
0.9314684062010778,-0.5715506140710774,-0.15317342353993638,1,0.2111153767799942
-0.47101161352656995,0.9166170649759807,0.43465254231756567,0,-1.3406691447851182
-1.0490566229210783,0.85313604184971,0.03243952781163663,1,-0.3287686364994245
-0.6686653996248872,1.0113548147904579,0.2691670943219101,1,0.20393815034020263
-0.015675022007470837,0.7092071261486139,1.2478425010200496,1,0.47025849150073423
0.1072566269151461,-0.3599852324126447,2.441124857420368,1,1.754774200453058
-0.10617447871880135,0.6739071280149854,-0.7026314886543842,0,-0.38451904251901137
-0.43712719166744834,0.0391207215352177,-0.1747675195208848,1,0.5430542318408909
0.555812002542316,-0.7620700752325558,0.37940025826555424,1,1.6588005040422458
0.5248822876561704,1.742496172891046,-0.26499815738997373,1,-3.5766633866756585
-1.3714330718701477,1.2365230705844032,-1.3514268502022586,0,-1.3160684743615434
2.38067973666756,0.09825011322323886,0.13101573156808263,0,-0.3840333726532206
1.0506153372581999,0.16095683395524488,-1.5384703995544269,1,-1.6183536508583594
0.003237508346390027,0.9784925724876777,-1.1174483808138524,0,-0.4347004979585151
0.29475769382739697,-2.0045642896925324,-0.5009701555780851,0,-0.42274106678833456
0.1772021337020914,0.22150566619151096,0.16421282684382518,0,0.28235970092374296
1.190466254180977,-0.23508379931716955,-0.6479650366047012,1,-0.814133085570257
-0.23861745758079164,1.1552708508882292,0.23615105152655028,0,-0.8522524148612645
-0.565211556099573,0.3265544917912035,-1.1415578281222023,0,-0.32451640431472306
0.003687373305170386,1.9942246591755244,0.8107641927272443,0,-2.133531846093329
-1.480046309510839,-0.7475081522599614,-0.4686035682785818,0,1.2362231669854615
-3.295769194192261,-0.18131314261448495,-1.034205408739014,0,-2.460148415919218
-0.05512268954142476,0.9614636611595976,0.6841105142331766,1,0.3322632191574268
0.8293000838666608,1.9003214393429029,-1.1224701850937513,0,-0.44342140786207973
-1.9438589406389535,-0.9311318783478807,0.3374181595991025,0,-0.8462823419536354
-0.9678758474170038,-0.21845154626375132,0.05628439179319793,1,1.1894192120256908
-0.7274369973014376,-1.4525907425993718,0.9826987166173032,0,0.804857994589396
0.4269048357743249,-1.0007610501979485,0.4210194130849372,1,0.8167368564466301
1.0146473500620632,0.8055108931079183,-0.4089879568432068,1,-1.3730278489411927
0.4055433022502058,1.1815216209811727,1.0193511052608426,1,-0.7470867258775175
-0.1619511086012727,-0.21699182280204024,-0.22729860798255783,0,0.11405342119304823
0.2519766635856179,-1.3055539669081537,-0.24087007617783643,1,1.186842993189005
0.857549559279733,0.22311141149412658,-0.7394981294354395,1,-0.8949177824988078
0.5044433925064618,-1.119593867485583,0.28558956686691306,0,0.7722007831018787
-0.4989509885305357,0.4234446884301949,-1.9244373128315824,1,-1.1678467220446413
-1.6685027908580217,0.44215756533283235,-0.562324320125401,0,-1.8012059889971834
1.8573006330678825,0.7550405030593768,-0.15249528322434733,1,-0.6635096319341427
-2.0999653027275356,1.2363265994376678,0.5303349969059369,1,-0.9748365589994026
1.7090868412413174,1.6013832910226118,0.48514504242021006,1,-1.2298314904106682
0.005425894966559065,-1.1592599500874592,0.0483439961572203,0,1.7930668201867088
0.6264461826966479,-0.5802470576471627,1.8975375271983814,0,0.46840946023035746
0.4812577322870521,-0.42839863131734857,-1.8210611987096499,0,0.41418981305484226
0.3394715760932826,-0.48248559140921526,0.6809784475228827,0,0.2266778608139415
0.5400753296848145,-1.8629788043824564,1.3423663476059886,1,3.0230564796096617
-0.7090471759610352,-0.03984140672376035,-1.9911951566130266,0,-1.4766877064933723
0.4377082452385494,1.3215235623363202,0.13228244306401746,1,-0.7194765963917801
-1.7366232189020048,0.04912479588444505,-0.5319203814192017,0,-0.34346048011700514
1.0358339154365532,0.23577216763796457,-0.7217175785881284,0,-0.36067429776630067
-1.7547075483340382,0.16652977144052253,0.18093063297996956,1,-1.808702080067065
-0.7353576735404564,0.8591116136669521,-0.9164384356519824,1,0.4381314579675278
0.6081898395577666,-0.6280759186065714,-0.574562479035826,0,-0.8044376428060186
1.6877659287301443,-0.3142999274661405,-2.3926058810051045,0,-2.6578082041184232
0.5757653034748683,-0.037364202298860894,0.5366059648919559,0,-0.5591313276845827
-2.139949010799472,-0.7193482502553806,-0.6273113473970339,1,-0.6355776618072814
0.27264663370002173,-0.37235795554494994,0.08243981893059016,0,0.9269244942398145
-0.5738770373806943,0.0631862621262222,-0.7966631680000257,1,-0.2986819636750104
0.058575376546453006,0.09410840890141103,0.27705644791376915,0,0.2631659206406696
1.8181025925259038,1.4922456491600853,-0.9088327207650403,1,-2.126762895282058
0.41949638997654026,0.6596399228245519,-1.8569048352291528,0,-2.0732264091491523
-0.2504941920991807,0.24325701437129357,0.6862818141623908,1,0.16168481581918193
-1.563680126159669,-0.6139737326382383,-1.3249637394370464,0,-1.8446307899032588
-1.32685486064576,1.3430345476902197,-1.5485085698124956,0,-1.8853398515301867
-0.15257842010717543,0.8741333890496339,0.010212195534358587,0,-0.7833036679062149
0.5436216895866512,0.6911393788893893,-1.3651600132009925,1,0.20619717565088713
0.1303447650750499,-2.1088748353012767,1.0697660922516934,0,1.6926674099501702
-0.9024050999998776,-0.262264454465163,-0.947429669166472,0,0.3931698508431467
0.8209434215810474,-0.8399468917837358,1.4501026687674061,0,0.3493213612401029
-1.028293295508162,1.036298515216722,1.227426154387962,0,-0.5008845124720469
-0.17258381794915953,-0.5429021760548057,0.30065596465549227,0,0.27219969006647055
1.314777095409373,-0.6240472753174277,-1.1050500654565119,0,-0.27256379918369905
-0.9169505149586036,-0.5292083232538407,0.18798898831601715,0,-1.1885916042519502
-0.23824744894690036,2.6768120868676384,0.8241653063924873,1,-1.2702662706714685
0.39327004571271085,0.518680931687029,0.11522723929495565,1,1.0709201406108584
-2.072048032123879,-0.6284509439757263,-1.2632948889937015,0,-0.5489503191621125
0.13195248019247469,-0.9383818501177551,0.6044777784085762,0,0.8121263479875696
0.1775884530773554,1.5516614148227341,-1.0652746851981512,1,-2.7851632163061697
-1.791203840165162,-0.43055662934151256,2.2719448589080913,1,1.7945952154772042
0.24554239742535489,-0.03458683584117761,0.8964321053622321,1,2.2703245585771983
-1.7364027903948411,-0.5025750171872745,0.6624699679890643,0,-0.5674737066540819
1.471567807763974,2.452781258879053,-0.6844827353049584,1,-2.6416429935872165
0.10171846157116013,0.4165247232284983,-2.432609550681512,1,-1.415253076213799
-1.2450425351962024,0.5741568582889078,1.1256685252444998,1,1.561148655831261
-2.005858499890274,-0.11308792031516568,-1.661071272225382,0,-2.4770122494215405
1.849443355745232,-1.222857957585153,-0.4167987433374991,0,-2.515968450360284
0.05944726880482267,0.2434725189497408,1.509592963994597,0,1.755285920770081
1.7426448008910755,0.3168427186834524,0.749025401247218,1,-1.6944009608879687
-1.6666988353917676,-0.059178723067260436,-0.8884343651912563,0,-1.3382406379787724
0.3014482034930254,0.21284595161290537,0.6507129996130075,0,-0.7397493387290642
0.5157173390196801,-0.1464659822245314,0.3089485383722717,1,-0.05648556210475397
-0.30138407227240854,-1.6495617929185553,1.531100379018428,0,1.4006553995030033
-1.2973293815806322,-1.5951306929191087,0.1911787967808898,0,-0.3063319095388001
0.0859896367712426,0.010489481883138894,1.4126442278745406,0,0.012443605957619897
-0.30105641374673253,-0.585030976617246,-0.5721531787706949,1,-0.49918113433238387
1.2490773526576917,-0.41256953634486954,-0.7871203768806102,0,0.2606100233482711
-0.41762104172668485,-0.49680287555189817,0.32469703060720456,0,-0.2579824806354414
-0.054130466283286126,-0.2769958851917282,-3.195562936079461,1,-1.9897751250537867
0.1249490958302553,1.9325564833062812,1.3943884481791002,0,-0.9661978281097466
1.4949516546339652,-1.1619840134292911,-1.5119961520980825,1,0.30868368662821544
0.6314712225071203,-0.25028445550704875,-0.10197590543086735,0,0.40753948850069766
0.6983479095467395,1.0641504479252435,-1.2468126789399692,1,-0.4406455195606033
-1.2728916084166693,2.7232294481920776,-1.4139610194582173,1,-2.123447490723785
2.0559055905943455,-0.08587103910178764,-0.22673874958998605,0,-1.6417637308056314
-1.3556667559793858,0.5872906196090898,-0.6360665474794323,0,-1.6968711292651837
0.1208540919483671,-0.6150093977711218,0.725295929511237,0,0.03621997551494649
-1.3446790363066157,-0.6398616449865352,1.739737538562338,1,1.6198896948537107
1.0429636667242308,0.38858615216389547,-2.546721664240788,1,-0.27916736685671173
-0.8421379632524777,-0.7848191660928532,0.8399766170541334,0,1.1493638023289177
-1.5313876451168507,0.8851293975749649,1.1296183701847695,0,0.9953989086018409
-0.37525414841770927,-0.16343655081704733,0.5044996525552694,0,-0.2894711352239259
0.639054735888392,-0.9800827719471571,-0.9227414665469099,1,0.13016173479374804
0.5990688494686218,0.07782281221561604,0.7896206422724336,0,-0.0619674121352638
-2.179925611730165,0.864730637137974,1.0571076594986855,0,-2.024075961169227
-1.6927670105391974,-0.3047906142805217,0.21103241366951495,0,-0.8745982693271672
0.03858204612379669,-0.17308771589814007,-0.6282664424655452,0,-0.16090048018097358
1.4275822468284471,-0.5100577951342316,-0.43360766031196496,1,0.5491026355768923
0.6794961314045439,0.3631461809315436,1.4372785168586801,0,-0.7431685619124674
-1.3148348214749774,0.16035406487294282,0.36932856082306187,0,-0.18179581503837072
-1.7312465951390232,0.8270956191174986,-1.0673222608952002,0,-1.2257931123193455
-0.6493779679934701,-1.717761161725021,-0.6176851498246297,1,1.3138971923761933
-0.9471740940076441,-1.5697510140749638,-0.8607640474695893,0,0.9902476728251167
0.9862803340962336,-0.3267281686525551,-2.601377532060397,1,-0.32895831415919585
0.5639150084339732,0.3743430303973211,0.5224255967139183,1,1.0104795628012884
-1.6171741406963873,0.23780608409771906,0.6251294388680282,0,-1.683368372409866
-0.25906561568193454,-1.5549498859546314,-2.096290317177551,1,-1.3485719945126302
-0.5023130998400196,0.48752149442920484,0.6481648318334094,0,0.641369246639246
-0.6170730187725066,-0.24602160863041175,-0.11624351436937534,0,0.20329552905095047
1.1494427696347118,0.9706826643199818,0.9782682051946244,1,-0.6072402827760164
0.3069354343462563,-0.48614278518905224,-0.07783590489243825,1,-0.2395163282457471
1.052156147643991,0.3567904445907226,-0.14978010231249791,1,0.13443259957059173
-0.262988146151087,-0.20713011923436148,-0.7618150019770625,1,-0.1578100417390383
1.4400379475671687,-1.3181233664721344,-1.1421853650101168,0,2.4762672355804374
-2.4205064694237435,0.4735675182655815,-1.025755427427264,1,-1.8634015953643757
-1.3334007893998712,-0.33508797725262,0.5842311535480395,1,1.0686574539028895
-0.828256450173097,-1.1624294407908824,-0.42863995117861503,0,1.1159911919502032
-0.6763658123680397,2.149748092503257,0.2496796226741568,1,-1.683022312634216
-0.3958495626605305,1.0085974633069308,0.8798432405844904,0,-1.131792010007516
0.47622403243076283,0.33451483107665136,0.48173249000660845,1,0.990198192977099
0.2977296676943902,0.8269380722010556,-0.938170267622639,1,-2.0337567531090057
0.8845996816247788,0.26765548123147853,-2.4809666970149764,0,-0.013634906615267894
-0.2298246668321777,0.516991254168068,-1.6292629633321432,0,-2.385153394546302
-0.5711630024525328,-0.732711624747842,0.6529186908750518,0,-0.9764673249893505
-0.9509753453197077,1.2460653111788507,1.0590905955961551,0,-0.4402303886190624
0.7314020949330493,-1.2686783216604909,-0.7432046380252403,0,0.07471319093032452
0.9063263915479653,-1.1288078016031204,-0.00816773655491451,0,0.1945115024801376
0.8198972996992595,0.7219661695256122,-1.167721416000545,0,-1.1521849904873527
-1.5312499756204785,-0.10340982229046226,-0.8826320780240636,0,0.3686671119235774
0.2973887147365258,0.4655230062663082,0.29150034746919623,1,1.2622142642932024
0.44472007056615126,0.04366084330632176,-0.0010336999227317457,0,-0.48085520772524404
0.6513028425590106,-0.16787058886530534,-0.9163383938971156,1,0.4360319992128393
-0.28210594784202647,1.009022706041474,-1.4719255990700941,1,-1.798712107520045
1.2240401581886706,-1.2648387813345086,1.0562015952009711,0,0.118782120898484
0.7099939327679897,0.30454537669718895,-1.765593480045426,0,-1.120936552717664
0.1729699698011645,-0.30827321292044957,0.7250504096230467,0,3.6734203367805227
-0.8147889061881632,1.3529126524715198,-0.4441320078466491,1,-1.5796237864522409
-2.866814814997522,0.10943968113095318,0.2899888670623583,0,-0.39255009580743705
1.2151965512682306,0.5973683417600306,-0.7221717647653003,1,-1.453199771570456
-0.059770209480898825,-0.3361365329067547,0.8240106198493161,0,0.8663677956747229
0.424811438650451,0.7363181500880481,-2.0381332170148783,1,-0.6381981615972332
0.48912362805977,0.3172915078686675,0.47804446157042696,1,0.574283177481093
0.02162448454350506,-1.872026664397409,1.85400133843744,0,0.25343632508826386
0.2739726159997033,0.7433166226318301,-0.706051298302726,1,-0.12971530700443926
-0.6536562399986896,-0.50927365160147,-1.5868497478095462,1,-0.8843633396122883
1.3783181831558955,-1.0913912584037075,0.8538178296769451,1,2.5331764693102095
1.9055218756635575,1.556734492695325,-0.18422495803687647,1,-2.7862768230213626
0.843610999024978,1.541567013370068,-0.9949825696097286,1,0.9148321358885907
-0.7134314538365227,0.36946500758412293,-0.24842382054941284,1,0.6329446481336101
-2.0226161892458046,0.9748710753640385,0.3109949023863025,0,-1.4742292172734255
1.182975014118483,-0.28742511015057426,-0.9952544939433676,1,-0.2801592298927763
-0.3661962431716029,1.2535502735940944,-1.4460773752126255,1,-2.526641973921875
-1.0917067953901458,0.19547279840291779,-0.16716639559147914,0,-0.8420615610156247
0.15883282235893761,-1.6675196416818294,0.05191719194674231,0,0.8590960307989212
1.009972019580762,-1.662005988906265,1.1180733698070788,1,1.787528824194454
0.46592525336513785,-0.18987087549075649,-0.6457461122642955,1,-0.05643814904819777
0.5253422964902486,-1.4554282619922878,-0.8076349401453017,1,1.3765568818042433
1.944520693185818,-1.1281305812871096,-0.34225194170039375,1,0.27994468289986185
0.11558312600777419,1.5370596334740811,-0.3242065938915683,1,-1.1559555776096861
-0.0674608419504072,-0.3305290085265778,-1.8442391042027602,0,0.019835719728925894
0.45149052305330317,0.5661655609622807,0.6655143690250991,1,0.6599864628022225
-0.4495212366654997,0.06454836801135151,1.7683407866041785,0,0.9940422258668761
0.5275041413885442,0.5923842019479735,0.06368878736007154,0,-1.2040369138609646
2.1252060761592957,0.045154429315173175,0.3427239997208638,1,0.28449824453185246
0.22619200323001723,-2.5300392435923733,-1.1497016515056002,1,1.9632303836099096
0.41219048852101275,1.172745687491497,-0.7088816276277603,0,-0.6101189482039147
-0.8949384615506062,-1.112480712340664,0.9297004002750693,0,0.7150266962320188
-1.2836666208536753,-0.413239834681181,0.9343710615359228,0,-0.28214724142230574
0.7899751364311423,-1.1561320421012033,-0.21953443318717536,0,1.2902053076081241
-1.811014623527128,1.8890590714827222,-0.11259216960192477,1,-3.216576823097726
0.9150922995590872,-2.9769299941128704,0.7021365557204092,1,4.5222434596478385
0.2896205812348718,1.3716490915885693,-0.29264752446044817,0,-2.455167855146506
1.0795980335327193,0.6673197705015982,0.9078977464782131,1,-0.41527482422745277
-2.008939039640208,-0.40167019600245607,1.251488814997215,1,0.9869552016498417
0.8305591227567983,-0.4159452248136697,1.3368283765138076,0,-0.5371652783808718
1.3493851130297434,1.4322345729101778,-0.3917038958751489,1,-1.159645502880652
-0.3183170113843643,2.30558136751486,-0.05872361821117199,0,-2.868217757755554
-0.3892037110614137,-0.6412191897822126,0.26865464772287856,1,2.324579958269103
-0.6451265449672473,2.38421690213363,1.35745092521589,1,-0.5363560831190629
0.9069471215123427,-0.08653294953041125,0.6599198486621138,1,1.5843639437562995
2.4831385475723877,-0.6466411751876837,0.16110413935736645,1,-0.4748666460694242
-0.06913984701608586,1.9629903121657073,-1.0652369141032845,1,-2.0262868663907656
0.7993812931236206,0.4513404134037538,1.7361284344486128,1,1.0314862441193502
-0.246101663012646,-0.4042332795090411,0.6653078424524482,0,-0.20087253791310122
-1.0754415631949554,0.7229015054624854,-1.0391662628008942,0,-2.366930714207977
-0.05256086957483282,-0.5742050627080945,2.512280180373746,0,-0.05596073728314177
-0.6714430215259178,1.4315621982853046,-0.11655281535627265,0,-0.7486006335285318
-0.5281216509270472,0.19302619772570517,-0.8218103150356659,0,0.172264488829093
-0.8803474881974191,-0.38539291124612457,-2.7712028815337106,0,-1.0687021380889048
0.48960595168844356,1.5462240120290007,0.0839034913454081,0,-1.1553712965436183
0.8048507411373975,0.6823225918914545,0.013324064732779296,1,-0.22143525510693102
-0.2540739315598322,-1.048747625295849,-0.7953285095332538,0,-0.5745154849138322
2.668933101262649,-1.1127408131997734,0.23015652646055373,1,0.039074106344823445
-0.8646929265948798,-0.4267989580178305,-1.1786961197097074,0,-0.7033356970203066
-1.8065891083676213,0.43948795955268366,1.3411814151691253,0,0.03637706396905316
-0.34880548605620176,1.0900330059057237,0.08191405230638718,1,-0.8242443005042489
-0.3069546791103423,-0.9599704618792751,-0.3445492924463223,0,1.1747455955217825
-1.1679801815819377,0.8644773843364649,-0.2367186365690186,1,-0.35864200999957274
1.7690303715526579,-0.8818691105618925,0.1424793359769247,0,0.2637980463182983
0.4012591823201107,1.573773356603749,-0.6012847886047401,1,-1.1927934549937476
0.9117491354722477,-1.113031530306942,-0.6212847714141845,1,0.4473968932060513
-1.6883193853632665,0.09362193198845359,0.7440680266038965,1,-0.284219012980118
1.6824196087937826,2.364539675253221,0.7126022810958895,1,-1.8336282263241737
-1.5604419939743637,-1.823229862128652,0.1244620074499407,1,1.2486012717520512
0.5475510416986684,-1.4846826539370583,0.26836880275296604,1,3.0132878898629807
-0.9336534218597522,0.8288204878080208,1.5542262635282282,0,-0.5532634959428966
0.4732241815255302,-0.11812406008883831,-3.6104018816847034,1,-1.5862978053561971
0.14800128963849005,0.5725748076614745,-0.17832929704471664,0,0.030910771839625095
1.301616387199774,0.12037643576201745,0.6829771178682028,0,0.49311712779037276
-0.19537034397209865,-1.0647115949395625,-0.9493353426199235,0,0.8006471799862617
-0.7019963762942784,-0.43075393958817493,0.6969062238992443,1,3.3378005341718544
-0.23472790112934053,-0.06249189018722486,0.9433871160838566,0,-0.06608602358510346
-1.074380409120556,0.05906259196340762,-0.707034791974232,1,1.5438211613290225
0.9792268979250959,0.8855121786599843,-0.9400116448316651,1,-1.9699078272702795
-0.0534228288420767,-0.0019086267598288945,-0.8745729192107914,1,1.7036739439127038
0.661174004699082,-1.066550630044107,-0.30571370639278267,1,1.7428419995666609
1.2378363308117484,-0.4884459500338193,1.4776108618985142,1,0.6943862587763334
-1.2887191126229451,-0.46245820338456567,0.14627761214570748,0,1.0909805346364854
0.7157343441799497,-0.4917637594077257,-0.5871888762392914,0,0.4257049236600673
-0.6714145902721133,0.20975429553328784,-0.44052886379330186,1,-1.4584855516803672
-0.37989922198463016,-0.6616618962438553,1.6609718847692505,0,0.07066762200535892
0.05453097343505886,1.7392517773168952,0.31282999086822394,0,-0.7206298807876879
-1.068012657470881,0.2764657036760607,-0.18313029343466095,0,-1.3716701809747567
-1.5412377444859644,-0.9887328982777671,-0.8845687688947336,1,0.12259065581190032
-0.1570086007756517,-0.6073716821509145,-0.23863132946245239,1,2.450824342554749
-0.06945505557389778,0.7013491539946017,0.8890230301751458,0,0.022477054906266558
0.999619449082372,0.07246002015899748,0.5647794354971455,0,-1.8300818028499837
-0.4471603924564508,-1.6520814001133033,-0.3431461580857451,0,-0.14586026372826422
-1.0277764811792451,-1.9613123114509654,0.3754824003016218,0,0.460993950716289
-0.02368008831103921,0.3834420926742504,-0.909976641187085,0,-1.3639964037341337
-0.9985285617946933,-0.8720821468342645,0.15890461070838519,1,0.0817969696467633
1.2555253627542633,-1.0867030831186804,1.439437918908122,0,0.5193634907232624
-0.14896070314678722,-0.28110830432198697,-1.539222248077773,0,-2.091938652922133
0.5253012898351096,-0.8991952409421432,0.7634227944108962,0,0.25195570983371407
-0.5569172266202277,1.2082357891397217,-0.29914714789451075,0,-3.089175290003494
0.22710584185868357,-0.37970804903926947,-1.6517530043497426,1,-0.6790198906983409
0.3068197316126485,0.3759572417361301,-0.10630016362015315,0,-0.4335032200075012
-0.002471586822860344,0.6950081368341503,-1.7743440821242389,1,-0.3097853377144774
0.7101332447001336,-0.4089229060853412,0.278631538824238,1,0.09706370929841879
0.11712768504907434,-1.6561677144172857,0.2710101648965001,0,0.3441849990500736
0.045329801535483105,-0.16301062575550726,-0.8401475164543534,0,-1.2436091754998355
0.3861831522675975,-1.1567553685996528,0.5687799006051028,1,-0.04501461426415121
-1.1770290635937404,0.08760784400684157,-0.7253222662231371,0,-0.7694758469428045
0.9953610582893823,0.31494013824973766,0.6101966333999959,0,-0.3029930833704984
-0.5528466023309059,-0.04982417856206146,0.016735477222874443,1,1.0010118239412833
0.33457855223085153,1.0644170894583898,0.15941823023152338,1,-0.4439237460186923
0.7721243689464484,-0.02916560500973538,-0.5996204633262543,1,-1.098400887871299
1.3806144844543198,0.5805395194715237,0.7107044674817122,1,-0.04360006367952102
0.29179738461337074,-1.4905849894589205,-0.011587535653995232,1,1.3760034077310648
0.9458077320379338,-1.1334233178104391,-1.4411836577922095,0,0.2345978038148096
-0.30587664286731764,2.355833427492783,-0.1350163916004735,0,-0.8901227966477565
0.240200898970488,0.7130371056382192,-0.9234969931745123,1,-0.5083168699708593
0.2980423497754671,-0.9739476870307093,-1.1258033232299949,0,0.27198986654939655
1.3135591885622515,1.0359310164699538,-0.6917171995508986,1,-0.910966739855632
1.018600526247928,-0.3826613946409293,-0.056293386808426396,1,-0.28783468406945867
1.4192895395959135,1.6701128111685104,-1.8063617796277447,1,-0.6925520713018463
0.21063409716708162,-1.2857281180349733,-1.4774730646612964,1,1.4705931696236547
-2.4832777194812863,-0.8260677525316489,1.4743174787348914,0,-0.9377592024861917
-2.1148609733260675,0.7209992767218191,-0.229716646429471,1,-0.8258673315018169
-1.0449417562085233,0.571671521676168,-0.9687507636082652,1,-0.196845856046173
0.14004202099097837,1.6115374479451918,0.3635469180595287,0,-0.988741917393579
-1.818866531544562,0.8855198816839164,-1.0270820074262643,1,-1.0771101181331575
0.3683120773087686,-0.46786368018987345,0.34209146641544275,0,-0.45848222425372454
1.500210770766816,0.08641367732948399,-1.3246856585727917,0,0.4251983065415583
-0.8989444111355673,1.3137282564666872,-0.6715902372528456,0,-2.763265585331645
-0.7540260968829544,0.16196254072006255,0.2706248957992156,0,-0.3261447258859014
0.008055571400760667,-0.6969941817131479,0.05620477924448765,1,1.849119381553809
-0.35378368085643574,-0.4344523188930018,0.12832439709296023,1,1.5690016118232473
0.2774817527274101,0.40700976009730283,-1.42984238921154,1,0.7096582517374067
1.259613103916545,1.3805784958890066,0.9120498325286683,1,-1.020982806478061
-0.9872041300083665,-1.0153812451322433,0.348472954028709,0,2.7972928943448045
1.2292452647262107,1.6812102744134918,-0.3229995946028792,1,-0.7552313914391781
1.328718726285952,1.6771810279756618,1.589386771754806,1,0.5392009151135407
-0.02969406903927756,-1.3310473949642054,-0.7067492132860067,0,2.841829878799793
1.4052722375583968,1.2818754580804421,-0.8148762724690931,1,-2.166721364443718
-1.4843558299991795,-0.22881449303197055,-0.06652723682748916,0,-1.203961426772561
0.3694100593483034,-2.2778384269803973,1.1090551012931238,0,0.6971339110860828
-1.3627639767956186,-1.093045858249882,-0.6137968786988686,1,1.21641522190543
-0.21483980420133672,0.198173688634734,1.0176967928002052,0,0.26969474462916265
-0.21905395662504534,-1.1944976007875516,1.0861531833250417,1,3.6273189623091184
0.4631023903562684,1.1703328606622738,-1.0781525570262411,1,-0.9339450829889473
0.9026940706736526,0.3306731057481039,0.5361365272365857,1,1.426574766822162
-0.3237122237001017,-0.08704366038439906,1.4565461064009277,1,2.034971933072732
0.429120072894623,-1.401402552187799,-0.6682038027089798,1,1.463971299609936
-0.02627700120157346,0.5395044968232137,1.791377129068498,0,0.5118286759807188
0.5672373574326026,-0.4304575558866015,1.263265117372373,1,1.3369755619046653
0.10287482676670878,-0.3887460614929057,0.6900188988169157,1,2.4341192825693128
0.01646933230144844,-0.05197534454969957,1.527478165499524,0,-0.2603526743434995
2.388904890114003,1.027353231492002,1.3478848096276677,1,-1.7227062057754716
-0.5127805798882004,-0.022908001197909394,-0.017275244477194255,0,2.4090507913733616
0.14166180403798698,-0.15758174660829313,0.9351662483620303,1,2.1161289457881374
-1.3978615082689068,-0.20333673548745926,2.649424596416324,1,1.8026044773365755
-0.15723596389732866,-1.2050169110465414,-0.6602225802873534,1,-2.12762949794295
-1.8237350487486623,0.7987976556492995,-0.021943237154034685,0,-1.9811428601152343
2.346438132042067,-1.5582082709421734,-0.8124689756429696,1,-0.28155188720374613
1.2178514441125428,-0.5258148685061258,-1.9349885738054402,0,-0.8939782302672403
-1.7296991456349646,1.1990461265921832,0.37342104093149625,1,-1.5413055218629226
0.7827566792937086,0.512724805568224,1.1320068377490682,1,-0.5247277190052385
0.8953877284147426,0.02820007876021035,-0.48093685746921544,1,-0.7220889429006173
-0.8813378755014273,-0.9120117139563769,-0.15582356234843245,1,-1.6947406525100939
0.8296410805530546,-1.1751915900521555,-0.04588197855588757,0,1.6011536470821222
-0.5303566441237754,-1.144684964198759,0.05000637754967031,0,1.774276076541588
-0.8559873665580333,-0.10062786850495159,0.11816175164519459,0,-0.9531359539153594
-0.6296630124319319,-1.830189590457484,-0.3215041095865121,0,1.0691097825334142
1.7904301706587638,1.9550127580458212,0.8619288093909515,0,-2.818713842780265
0.38520817753997827,-0.1992752497576314,0.3504825528948003,1,0.10548692645352253
1.3051184859717508,-1.5840258352155403,0.5011704786464526,0,-0.42003143169435103
0.7974644497998719,1.7271952137605528,2.0418103675303745,1,1.0536517798760254
-0.3995180285483279,-1.7478526092895534,-0.23375157656394005,1,1.9465398987787728
-1.422077311043436,0.8431712238573216,-0.44725897386217783,0,0.10261931103847166
-0.6272244593619992,1.6200578734503275,-1.3850729990571777,1,-1.6485285703410697
-0.17209912389011914,-0.7890296081595743,-1.295508403214871,0,0.6168683930964014
-0.4390383573069864,-0.8659589187629693,1.53906371261936,0,0.9778887348799686
-0.8652372708839191,-0.6174516365217033,0.1335380025182396,0,0.958552234442366
-0.7546798259637282,-0.1414540384280228,-1.7695131603536238,1,0.10145788463932037
-0.8277823401970117,-0.33496168036925383,0.0021811685805258603,1,0.9962952435070859
-0.0740720414036628,0.3138302043583865,1.0243844318821034,0,-2.2980897272833802
1.2874184712022463,-1.3213482310966302,0.6156736188758857,1,0.7631922364903957
0.13874108143912797,-1.355825735268365,0.6260636884815406,0,1.2608703503675365
0.0954174479972233,-1.1027408128828153,-0.05567753798554117,0,0.9342924210505662
-0.36458880131422644,1.3094652177706207,-1.7762014508088697,0,-2.4309681201089113
0.465933215183026,-0.6603731814729348,-1.031828448145858,1,0.7235970721789595
0.6347085343739911,-0.6803109874099107,0.8503369807190403,1,-0.2522596756310804
-0.23468276413831637,1.0358150093876648,-0.3745423290419051,1,0.5903394251555849
0.06841301262684323,-0.25463434459811235,0.02284258302526356,1,0.3504855662237788
1.1426023482643322,-0.42265296492543464,-1.0946451974893638,1,-0.13482152168720585
0.2739029550832817,0.33096759132457026,0.736090343061312,0,-0.3662242439335798
0.04509238134722855,-0.09130795438087606,3.0657630679176027,1,2.4823944441333685
0.406021803547352,-0.724609874554344,0.5701425490673907,0,0.5616011480755704
0.6639407198968509,-0.25404282047451315,0.5637856219835297,0,0.778182206036749
0.02075675355757706,-1.382164794394096,-0.18387109305986585,0,0.8323494099147909
-0.5453267642046151,2.1694164870713655,-0.32393760536099664,0,-0.9354744901545093
-0.11756605906966931,-0.4921540206781003,-1.101411490839161,0,-0.9409273452643867
1.064117586199104,-0.5836857647049564,1.507666344141662,0,0.4023159697959626
0.27084442023822775,-2.3808488700189496,1.0219921250163155,1,3.22938970327736
-1.7971216730242068,0.191087548631439,0.23406310271602476,0,-0.9258359828123214
0.8388927009081718,0.5030202714641924,-0.7075572777956817,1,-0.6402873295702778
-0.28660115544481113,1.162080648353725,2.159217540245605,1,0.5163286949378094
-0.5757779260217545,0.2169046546684085,-0.5964059046249328,0,0.06101653796020068
1.0187835755579755,-0.3604101543707794,-0.08222782630258846,0,-0.07386848796828266
0.9028865914811873,0.28612260429372616,-0.9816493945310095,1,-0.7017641888152937
-0.32491982603875885,0.6638453609701135,-0.6186828084665255,1,0.25047798082891215
-1.4345810772942422,1.0572292206827734,1.2718695670808555,1,-1.1410424563322101
-1.8419729052713019,-0.692065276889292,-1.1081525905874285,0,-0.27469477052735347
-0.5413538251832717,0.1858100174803559,1.973818179672467,1,1.6690555148306416
-0.5939244735898963,-0.543947760336464,0.3844457732105493,0,-0.8508377006764717
-1.526653595653086,0.6422935682221923,-0.5401261091545119,1,-0.3930893696116907
1.3645800107696653,-0.5202442062691386,0.38963579961331174,1,1.1909374185137755
-0.5905935716431087,0.04707708873923826,0.29410034549469166,1,-1.2499120892409359
0.9320970970684674,1.1071921119627897,-1.2532319899562652,1,-2.4903080774126902
-1.7222392556826054,0.2181473381171945,-1.1311094826563333,0,-1.1469463441143182
-0.3352765780905851,1.5472700055705015,0.9280826051682574,1,0.6349605179595093
0.2435265898557755,-0.34903745656467816,0.6497708476851154,0,0.8754878389501477
-0.2781515692886873,0.7349749516784789,0.05201596950609852,1,-0.047027792110888006
-0.3898731029119604,1.1667823508161814,0.8131851427571287,0,-0.6783773505013306
3.0295890635165663,-0.4254071211779346,0.9109431308157072,0,-2.650675508191414
1.4499511180320084,-0.40533091437669877,0.5691210186472564,0,-2.4226716998655444
1.9486623951789048,1.1951969892464072,-2.055263996209834,0,-1.889665024538561
-0.66108029629017,1.0395155225090604,-1.173496042694912,0,-1.6372521451036177
0.8646614925094958,-1.5802083433872027,-0.3831579974339184,1,1.5910009791082804
-0.5544203245115187,-0.29435411659334604,0.9364412297743133,0,-0.4184574735948811
0.9360107557528593,0.8816443966350145,2.003032694482198,0,0.6235294353171582
-2.2214565418738967,1.0659814034186914,0.015182300713125796,0,2.9554696243485497
-0.45013455459115087,1.254925749102961,-1.0551086315548124,1,-1.303062415121759
-0.6854619818965908,0.9190013949071809,0.7272109019190415,1,-2.0566693644123766
-1.7468840323267312,-0.7564426477764518,0.7221706494478194,0,-0.3647797053169873
-0.881696916263117,0.8031924156307534,-0.34380484025218494,0,0.4722849331040493
0.679912137042033,1.044524560998124,0.9856282918203164,1,1.48798565865454
0.7309143957021306,-1.5921505106818175,-1.2025311144990625,0,0.3917888258700232
1.0366626587908834,-0.4579829603195564,0.16000220446899147,1,0.10001329268803061
-0.47670137498841925,0.05120860826099003,1.5315436586225961,1,2.4554919766988696
-0.17591234980485526,-0.6961139151227395,-0.7978311018606277,1,1.9594609095746347
1.45150088573051,0.3997309376062916,-0.32968299774906346,0,-0.8536639013784918
-1.6099398960046032,1.576770475235544,-0.2090078495714126,0,-1.9495890530730267
0.4535826467651999,0.7752203585045137,-1.5146098502940868,0,-1.0754630621698322
0.08865306416756495,0.8062241312486247,-0.9134178358357326,1,-1.1369387465674048
1.9485451579109507,0.39146216165127357,-2.273267648876654,0,-1.6290568602401507
-0.0547318607401671,1.7971308399612025,-0.7125008295881621,1,-0.9497425038821234
-0.7863906248145133,0.08217160077123019,0.4285746166093812,1,1.8660793730636818
0.16897668612543196,0.7133626169396104,0.5641263604794877,1,-0.0628933228720212
-0.8513244707601291,1.1525805462881378,-0.12478092743338387,1,-0.2868321448874657
0.6870133598018671,-0.4723868684914758,1.328065412088197,1,0.16046948695105656
0.6839595127792633,-0.2780863763459407,-0.17843028496494007,0,0.7111848404982843
-0.9461444574344406,0.31834932219252127,-0.0036683958690964884,0,-0.20426732896139682
-1.05627038248912,0.6673014577831364,2.0245598517238994,0,-1.4434995126656973
0.3966617003449189,-1.074934114258149,-0.8743437046773532,1,-0.31018751135511957
-0.15584891142565913,-1.227010309334499,-0.4933460204421454,1,1.758688726290247
0.8670638668035486,0.7260611167792398,-0.1596030231419489,0,-0.8393688461306374
0.6775516643013522,0.6704457257310247,0.7293304439498663,0,1.090581777937228
1.0942245021254324,0.79658963324903,-0.4903587712208718,1,-0.4827985516850456
0.49868212882546487,-0.7706433911191715,1.9660076354585627,1,2.283857981685796
0.24874001137203675,0.44498250543779605,-0.24465268382477046,0,0.5860755339538941
-0.4587031430931237,-0.9675679580914484,0.19871445133890428,0,0.6166639371017029
0.4174483843164098,-0.5423160697745047,1.0505846367797327,1,2.029459565344178
0.5311013970049369,-0.6642957241111145,2.2165131696748026,1,1.7804894402500135
-2.006584849888353,-0.7165587634469179,0.23464144249496796,1,0.07868783602393903
-0.3537196412354517,-2.757655918832249,0.042439703000237326,0,1.3017080583854157
1.0582782686564707,-1.2415022913080673,0.6938872834828221,0,2.111721993092868
0.9876678163984989,0.09658642358821175,-0.8774298933481594,0,0.21190421891209776
1.8878139015790012,0.49789025933472725,0.9033805961689823,1,0.011881208488598749
-1.6990636747405998,0.704291672071471,-0.6250728216331256,1,-1.659974015306146
0.4094935382521396,-0.03810815265002948,0.17996054232092615,1,1.544241540645026
0.01706728660594711,-1.260129633998021,0.7108825519666662,0,1.050078404797968
0.7183808427965502,0.3375625335400461,0.5844445026344355,1,2.3576492253325427
0.03011786761276607,0.7848760410531748,0.5782365018867649,1,0.3734643500788296
0.4652250405477009,1.5458667451222168,-1.1677605988449027,1,-1.6722264385919146
-0.39870964328305536,0.3310655922834278,-1.286862255831156,1,-0.6739160644867057
0.131725877243708,-0.35346623907955005,-0.7663718615303328,0,-1.111822697983992
1.2104445257653393,-0.5700987966199166,-0.769783058329758,0,-0.11066892413965954
-1.984568887325227,-0.7955714659723607,0.9488631773443353,0,-0.013314175984026289
-0.06231659120168283,-0.618967051096601,0.6030462322531128,1,0.5884171558386787
-1.7657806630198527,-0.34792728503316445,0.5065629003279705,0,-0.48414336045067347
0.8565233690274383,0.4318613716563815,-0.7044646640905455,1,-1.4008190877215096
-1.5329124718445055,0.8591586604320024,-0.24651577051646653,0,-1.27975673745251
0.916538232189086,-1.6035671316741427,-1.997037982480017,1,1.840891824984674
1.1753443923721874,-0.6240260788741305,0.7458424103672474,1,0.7845920074670925
-0.7111254203397706,-0.5880801881378117,1.1105119052510912,0,0.14027591717873927
-1.1877548186828975,-1.727742567361097,0.6283413756194783,0,0.6981404783024354
0.3626474388263175,0.48061567485919343,-0.610197569077486,0,-0.3053217334356958
-0.15980747112873828,0.44917547712519124,-2.15651733398706,0,-1.1578850815108035
0.9655517232518253,-0.3172122443501154,0.3241230840062236,0,0.5602147629891958
0.0028370971701581465,0.18762359083077945,-0.8824878873884696,0,-0.6752819352323189
-0.1015772497501419,-0.2431815558826706,-1.0449661089499165,0,-1.3223548186427176
-0.22580126685067087,-0.27361239022565204,-0.5935729186410169,1,0.6709233626240486
-0.6740546221025798,1.0405206452392421,-0.9571112248679089,1,-1.7222992088943263
-0.14458266500542744,0.634201395848184,-0.9503592856815756,0,-1.2201088478669775
-1.6982628962024604,-0.038798347156002826,1.0013079507043834,1,-0.4851685455938408
-0.14161109134918232,-0.4857446524916158,-0.2629750021958207,0,2.1104006132313855
2.444049332553016,0.617528011645179,1.0072744713639394,1,-0.6083143250830738
-1.2283018114595619,-0.188184492189616,0.29777167451470116,0,-0.5991914516665485
-0.851605308331157,-1.0472369589400392,0.26053553300182736,0,-0.38742395509789657
-0.7993439342669378,-1.2447964534934568,0.9779057346177827,1,2.0398703426955276
0.8879346661182579,-1.6182669920285158,0.0500890810085748,1,1.3963004257064475
1.4494805833821383,-1.0002272835037622,-1.710054658995277,0,-0.3895011980551182
1.070798456181886,-0.36747060583055646,-0.9467193180901003,1,0.9106230210342876
-2.058955740013226,-0.7808390618112276,-0.9206634798156207,1,0.7362739083625204
0.6267463790254054,-0.29803793976109516,0.6113236781533388,0,0.12665023368836165
0.9828438731634802,1.2755119451801642,0.825150966535631,1,0.09388892245440111
-0.07016847392756131,-0.4816678011604465,0.8741736065686765,1,0.7798350557222693
-0.39966139800253137,-0.9885533292604419,-0.5453457242275631,0,-0.1382327737925813
-0.2958819642424063,-0.46285752939123537,0.6374669393116426,1,1.779642854889322
0.8109724423650077,0.3743025139885702,-0.09698299951116898,0,-1.1914597949228505
0.4792704089312944,-0.2643257583442793,0.9362103475562265,0,-0.06639066580385472
0.10003058544673922,0.20118599742285692,1.1195207135489018,0,0.33522420774575623
-1.76517503306657,0.97925845297681,-0.7605949164577712,1,-1.7724119382647658
0.5525930454139494,0.31745534000740766,-0.7236656633637251,0,-0.3334593839540679
0.2202625882738281,-0.5183410317038057,-2.0690808450025644,0,-0.2382470635039946
-0.97815794974121,-0.6663176600065368,0.3247920273721829,0,0.7103441769664135
-0.021375051022312554,0.21508451604896098,-0.7483091691543404,1,0.48214213148963725
0.453495754597838,1.6876769054129195,0.00016326539801910097,1,-0.8985015654328782
-2.3316960288335222,-0.32434910272788003,1.5378211280429634,0,-1.3597785861160554
0.38427256880787136,0.7032454179779218,1.3709476695761065,1,2.0965122201806103
0.33015059890340026,-1.509171852823072,0.8211492886166676,1,2.1510308403350717
1.22696797980286,-0.7961637282233188,-1.487156487811568,1,-0.8034835194804983
0.4223834925185711,0.8426431867716091,-0.1986606979229531,1,0.3661439536612549
0.5742087334214242,-1.1771460149416966,0.4170512240404373,0,1.3102243277463375
-0.12139823370565214,0.4057978487907252,-0.35354646470461176,0,-1.0871337705041588
-0.04541191806673817,-0.6623398606305098,-1.455834436770247,1,1.5934405603352613
-0.9237596135823124,2.7302045284731276,1.2853744280808104,1,-1.836797207791868
-0.9846172622745786,-1.756631751644498,-1.2069126765036853,1,1.2050817470153095
-0.14359868827392752,0.9597972107299526,1.1984214136570563,1,0.2690361092060808
-0.6484353897728063,0.3583753433889215,0.3376608986228415,0,0.5984933700262516
-0.3834054015284999,0.15718006592468686,-1.4431290511801385,0,-0.12228589939569245
0.23376907156146193,0.7820081930864492,1.157934288041183,1,0.4107874014958299
-0.43101041990448247,-0.4298986945295909,-0.4180163360847785,0,0.40031284153007063
0.8032760285127538,1.6174050140953673,1.433816764955664,1,-0.7895949613191608
0.13635092739926838,-0.9303157962306763,-0.023035243893466444,0,0.8967065092846556
1.0502601688997246,1.9527621775042232,2.478791504465302,0,0.41251846351061305
-2.3372357596155697,-1.1250006099967316,-0.2869416254515906,0,-0.8916243353338443
0.6480608077520563,-0.4851517606242229,0.56803216268521,0,-0.8289477754871492
1.7661790714259213,0.3674971571006551,0.7824991034804802,0,-0.7513543174802834
-0.877288884845465,-0.21738391250760739,-0.6938169974980758,0,-0.2910014617032158
-1.4276155191012454,-0.36368999932848495,-1.3254073853664468,0,-0.9656703302631404
0.3629892190896927,0.018780858955534326,0.6584542990435134,0,0.3678447088401754
-0.6120008256486461,-0.8235637364051799,0.45569920451878476,0,0.19016848634946296
0.5841700340554418,0.6432792631615778,0.6132671523812395,1,0.48536414975357334
-2.2702397487863317,-0.7925461991215701,-1.4811205455893182,0,-1.6270795203964399
0.22120264610601495,0.29759939938340346,-0.34784090367508447,0,-0.8272061341497896
-0.14009678177452814,0.8981698975442637,1.0117319444808255,0,0.4517844405388671
0.9023288308745122,-0.5145793866348803,-0.18746581311402258,1,0.6366782328636452
-0.645261121930903,0.693183923320021,1.0942603056390827,1,-0.04611943890353265
-1.1834102328781044,-0.941177942877922,1.0525123299911616,1,0.9314246558698694
0.3521303155404143,0.2916362931068263,2.5731575652985224,0,0.44079951888199365
-0.2598398355904151,-0.25956406814149685,1.4714135375203041,0,0.25227296732120674
-0.5353585065174435,-0.4757257005496278,0.6850629535497923,0,0.31795228979347867
0.08827506328675642,-0.3822625028407067,-0.08410250234417453,0,-0.6747069207082244
1.1107596341847281,-0.0786999521859237,0.9391445525209248,1,0.5950413122190503
1.512862651935148,0.9862639705702418,1.0172591194446896,0,-1.6142875113498725
0.9363526479062069,-1.9862565521157112,0.0777407711886111,0,0.4541763993335386
-0.3423230680890784,0.10526158621559553,1.6149129275145477,0,0.36132391450606516
1.1021125705319954,0.5174414908921873,1.4769679787514864,0,-0.9194768589566038
1.0650350450254793,0.06817291738826829,-0.44760889628570705,1,-2.443344393053992
-0.9573784302126023,0.8088889163668084,0.43135205191266424,0,0.20560163798237552
-1.0168894466278273,0.7329105725676826,0.9030011228007493,0,0.847300069569558
0.5109562708782238,1.117429859637539,0.49404729277489157,0,0.6415265771687506
-0.8345186019393771,0.39148340504491935,-1.2590669927681262,0,-1.56503173124347
0.7424753859934049,0.25270170085572924,-1.139180317016399,0,-0.80569290228487
-2.417048541034201,1.4724801523395983,0.4488352959518877,1,-4.370821547849759
-1.3328390823725351,0.4717462639154241,-0.7002373461077402,1,-0.43585312948935084
-0.7149707847645768,0.2770070178807674,-0.24387600583994493,0,-1.392880435896815
0.8320195434824402,1.0848157892988957,-0.4183296298419785,1,-1.064529277616932
-0.16399010020025281,1.6458850134036824,-1.2076457391260667,1,-1.4851621780438597
0.7766457245261535,1.4439453655679397,-0.03057734635672933,1,-0.3173545916738355
0.7446886271681014,-0.16365379736214786,-1.532197875461044,1,0.25840733993625764
0.573485842534133,1.1306025076389838,1.9909643677262099,1,0.8047634939426376
-1.1859502872938197,-1.1330431442327096,-1.501557930031296,0,0.6022188146709443
0.6217820867841531,0.17203075314000996,0.49040729449592885,1,0.7829177600528641
0.31649039318962,-0.8026392611178722,0.26066713863037,0,1.3734778474992517
1.034404574497437,1.8535698607140463,0.36782513554223767,1,0.5096852080237365
-0.6880479936572541,-0.8484272373742988,-0.9077161848321068,0,1.4109437125283508
-0.5486257106675891,-0.12409641878171311,1.8308314146024305,1,1.2145318218485486
-2.5515286780036983,0.4391074644971514,-0.28977353041094,0,-1.1502445654028022
1.7171078697983,-0.7557663169621341,0.4155714083642835,0,-1.5067437347979777
-0.9544403409814204,-0.1278519905339452,-1.9733003016650863,0,0.7960976757174274
0.7081795401690417,0.3448131227937659,1.3925834891634126,1,1.1596760416355247
1.0805094265266135,2.8735787525593928,-0.4303765429042027,1,0.5277202564080223
-0.5469435314647292,1.3833228602463459,0.5506808964864428,0,1.3211831744134295
0.05753772759600381,1.0595579242970519,1.0426840764556262,0,0.6037177257932862
-0.12631157568737575,-0.5513688889232002,-0.5924205487296168,0,-0.06619281998757759
-0.13255143273088504,-0.9053094100834826,0.5692756940710051,0,1.5812437441287222
0.3720615576025581,-1.2645270601289205,-0.6353093412877925,1,0.9842178465897922
-0.25061874819649477,0.4733947157081841,0.2272573453910423,0,-0.5183248680919809
-0.49222275264724413,-0.9422635021600603,1.0146166802167822,1,1.8990053703827872
1.0903459046156374,1.8169995697064958,-2.137427854317386,0,-1.5122109635991583
-1.2484624752843965,1.2837004392615619,0.6494204047900387,0,-1.9349611649965501
0.0706273193349956,-0.2027367273027714,-2.712204325849789,1,-0.11087167944921572
-0.7251725108877988,-1.2454610364216765,-1.1821054107922173,0,2.641484455499388
-0.4772913992454854,1.167892094931333,0.14599551118102194,0,-0.16158929267626032
0.7756333339394379,0.17131295354093212,-0.04337020897156449,1,-0.8556548008257923
0.5348201408919514,1.0842039628475701,0.28781722159996004,0,0.9284365616018593
-0.11603987907188006,-1.3202972147030263,-1.1290258519144756,1,1.422149685960543
-1.9648832727840015,-0.45916918857838834,0.36472488952666016,0,-0.2853598808242752
-0.053895761473770405,1.055878715363744,0.12494294832202357,0,0.6089810219678218
-1.2367140890494246,-1.6598476396320523,-1.5955219668294587,0,0.2619898500921322
0.07997669622189503,-1.5723020414270508,-0.339937235202321,0,1.6454049321510857
-0.5738682836654223,-0.8346556004685881,0.017704217529011055,0,0.3923069389250442
-1.8259660665350723,1.190112036880171,-0.9022851024908969,0,-1.5593034921202495
-0.26638499262627224,0.09549420614215255,1.4905787878303827,1,1.5692872830483109
0.3500731200292493,1.0395080135285408,-1.7372040106509272,1,-0.930673080974644
2.5461901071099566,-0.9990096016725524,0.35949654646374296,0,-0.5117700980362571
-1.9276592593746884,0.6483890582620995,0.8003766718339227,0,-0.6141496328884314
1.5187828421102318,1.153718029268429,0.7669192442689776,1,-1.3025112624477548
-0.6002634659754528,0.14767332215234477,0.2530067732053285,1,3.1187375254007677
0.6120223194790436,0.8119512740978096,-0.5779799390204664,0,-1.3446145388940747
0.393550764908308,-1.6389543572735275,-0.802664191955388,1,2.54458713842219
-0.7570976943585772,-0.5262966870163119,-0.6199278546600523,0,0.7110988949310415
1.301324081841067,0.1124361177965983,0.19622723770134257,1,0.19997977444926346
-0.18047104953420032,-0.0736195283445886,0.8322557475066555,0,0.300362005873797
-0.8195360953409268,-0.2328518447187984,0.32187579937321,1,1.6776176822114053
-0.36251566272394725,0.4753086163111123,-0.6943149536954697,1,-0.07837079500014263
-1.3696460230924867,0.4546911225965103,-1.9666198715459495,1,-1.7488295390138213
0.5730927500319002,-0.36400263548003503,0.30747780219613785,0,0.4828990334167087
-0.17920066990218503,0.23629746560187637,0.09179948093229459,0,-0.6578432852796084
-0.8721498637489287,2.332897054474616,-1.8198839341845132,1,-2.9136346421862616
0.7490722772173378,-0.9785005599972992,0.09437263349719283,0,0.2090037450427583
-0.6081551631393338,0.5330775466344139,-0.3103765411219823,0,-0.9897710630862374
1.421310757742943,-1.2056655373406229,-0.9717881696482955,1,2.414980657290934
0.31778573843994795,-0.9371375932277501,-0.7989584703096346,1,0.8083103213289947
-1.1705898915733386,0.42529810077039404,-0.029602214080008144,1,-1.022793746408433
-0.6704358785010269,0.21077603563084657,-0.9201731424796932,1,1.1463296584736478
-0.3566552134769093,-0.22820325979426845,1.1472048216282609,0,0.9333958106390647
0.28560466891067193,-0.15863546621744326,0.9523250357154582,1,-0.5788791352560759
-1.9553569240451658,-1.9441504534795497,0.027015002225008574,0,-0.22090477792493968
0.6799071304553255,-0.9158155748723859,0.7005879482044118,0,0.8017595817840297
0.24840275806248957,-2.4656140106495568,-0.11520202427224759,1,1.4679872627064712
-0.2188402105985821,-0.0022500050107631883,1.0990079342008132,0,1.8560550462706586
-2.4115565962258803,0.9318292234118284,2.003899669215292,0,-2.2386089980956316
-1.0007931662180678,0.7128738893310435,-0.0834212261119176,0,-0.9350805732340719
1.2966963804279132,0.0047168896425063295,0.27114334229310205,1,0.8938490604029958
-0.8551842286149776,1.6977147608769834,-0.5265628036474227,0,-0.879104229215116
0.09021769850475894,0.13915085001171337,-1.7568046613421369,0,0.03346133226317516
-0.6061618520161257,0.9833137031656556,-0.24964125489697575,1,-0.32435238228838614
1.2034251310346384,0.4120321949013945,1.511162469057424,1,1.5472172813392193
0.4780307054090229,-0.10152400957260681,1.8047278539991383,1,1.4332133052739842
-0.926365029538321,1.2622358395293745,-1.7566241061332104,0,-0.662286985645422
-0.9951076339547824,-0.3956565748443274,0.9233986404162142,0,-0.2840129413487938
0.039827196453412865,0.4578843152834809,1.6701445993662671,1,0.29703981709359495
0.10201428351081603,0.5459064808000975,-0.19114572246389247,1,-0.49850062700269027
-1.1705736114252407,0.6663852370186811,0.3191420679505648,0,-0.6522615795843297
-0.39130506991747055,-1.0496619339593916,-1.3811582831128926,1,2.1619666234310504
-0.02014471828561878,-0.7533761849195775,0.6945887980657334,0,0.8560720324261794
-0.01017648830323246,-0.05240055964685497,-0.7574515264988713,1,1.322545685504597
1.3683827846595968,-0.8530617702925404,1.164732559326378,0,0.3316548166285741
-0.23891885999159543,-1.0510217229219005,0.17342791177931102,0,-0.009251237565276571
-0.5455825668266399,-0.12595284132115742,-1.1538046051855424,0,0.22712058614174702
2.3026525659913935,0.5085873965946678,-0.5203425595574411,1,-2.035934728671681
-1.4971854558853204,-0.5436857072218809,0.28570225892847256,0,0.45046733182744797
0.21644524648815638,0.47648285325148826,-1.1546621774120407,0,-0.4168746599478511
0.6183366773057897,-0.1671337478674553,-0.73524859982491,1,-0.4954550800865958
-1.897338309956359,-1.001885843186119,0.838520773814914,1,0.66307966711921
-0.47361483391447595,0.8430088557291695,-0.6345287826968176,1,-0.03149596669772106
-0.6451803272123757,-0.16999759628064287,1.0967960578154652,0,-0.872258787735498
1.037306639698481,-0.04355067329413836,1.1628279995353343,1,-1.1724524739187676
-0.4271539764174101,-1.194372016081268,-0.6228599087210791,1,1.486636275466208
-0.2093271388434194,0.8386644068886766,0.4076719974783762,1,0.6749395133313637
-0.8180968047820418,-1.7236667738841487,-0.9891573748453912,0,1.2100743971184797
-1.1882227096217308,-1.1019605459647732,-0.6257714667168768,0,0.7892336519318084
0.5505572382066946,1.6324961443966808,1.7790305704150098,0,0.7489294583158066
-0.8866912785635145,0.42855389976252356,1.509360414799421,1,1.458915624176466
-0.5182649130622793,-1.41020012305329,-0.23524575584686924,0,0.2789119480735515
-0.5343423985728274,2.316188308362938,-0.6393462289944849,0,-0.8209777825466212
-0.6004973948422669,-1.3610333618435502,-0.30871004253705275,1,2.1013593437308447
-0.7256961400239359,-0.013623049237110035,-0.09559712466812126,0,0.6019282348848062
-0.42332477788979606,0.5230115102989092,-0.7476408004874657,0,-1.4102004474472027
1.2914292957548308,-0.13309490239076893,-0.1961015610847686,0,-1.4066200561818258
1.2740605715531308,1.4062575982937875,-0.4665113149441233,1,-0.7267953184256172
-0.11952127047457249,-0.3681076514390133,0.2878833645115579,0,0.013112943841954244
1.1617661185287949,2.12013694727062,0.7424249034922055,1,-1.9217244654746224
0.15783434119831338,1.387198916758867,-0.15368483588675297,0,0.24721313238763087
0.3229760203659253,-0.9757794043965702,-1.7764279102114091,1,-0.7870148423625654
-0.8872747221877966,0.508094219388358,0.7235030801803808,0,0.19301345162343064
0.14234161637530535,1.123360235607723,-0.3564521974530444,1,-1.7980152175288995
-0.656665575296177,-1.1789548363055191,-0.5662477754702603,0,-0.14193347439945508
-0.10508794058753483,-1.6669390406544635,-0.3590747932008472,1,1.9687858312055733
0.5076656547468151,-1.9288967713748892,-0.7497993904439578,1,1.4036401419819102
0.13794528316289914,0.409040574227272,0.45900022868360113,0,-1.0852519624678862
0.1372776390470762,0.10195274096520733,-1.8743855836330896,1,0.5948830686824375
-0.3715964563454966,-1.16510991244046,-0.4700090262891072,1,1.7085218172924341
-1.2862990413008144,0.20499986494829767,-0.065679630545617,0,0.4217094417195506
0.42631314710617013,-0.29086138749348883,0.08829089051928644,0,1.8138809991266234
0.9655224589529676,-0.09944806524631879,1.0882122510375345,0,0.5475100538117923
1.0013992191350427,-0.06933151734935379,-1.5297444560120685,1,-0.9867142055082746
-0.29918403143167027,0.17859118130352084,1.9482772883445643,0,-0.05333092868208794
0.11305677826568311,-0.5786714158344755,-0.6483039111026764,1,-0.217734885126723
-0.9879078456718072,1.6370315042370844,-2.3588873186318273,1,-3.345704123598215
-1.048146955277728,1.191404692083697,0.9503591666622248,1,-0.9688529358808817
0.8757949016357005,-0.60083224889908,0.9512328897052134,1,0.8589624242738426
1.1149825915645628,0.06128118663215792,0.6541855052900727,1,1.1810173324363484
-0.3045621385699521,-0.49950586571947736,-1.289545573054602,0,-0.11520617331900034
-1.6157234264540212,0.04164420389642699,-1.5359148173861201,1,0.07925293230008507
0.9904113809297085,0.49954951208174725,-0.2502488027912134,1,0.22386671102217248
0.315607384174422,0.6457935604592103,0.42857078701993595,0,-0.5671330814458624
0.9376819166833934,-1.8270421390854643,-0.09751814509107935,0,1.036983184787596
-0.12395328514249407,0.339792716689326,-1.349293200153502,0,1.0396243159954361
-0.29679932274657206,-0.1573679319674467,0.445742434876662,0,0.5875555691827101
-0.1680958638329345,0.2824080601209852,-0.12894267536032705,1,-0.26121550338335886
-0.2590386725817832,1.6514082037274305,-0.7798683095363859,1,-2.2377750150397278
0.5420526233644544,-0.012655364611809833,0.46978300046232646,1,2.6183017145354173
0.31352649468422955,0.15977984664862607,-1.1544049118249577,1,0.209251539669412
0.6696634056738316,0.4625214651767572,-0.4644008514435056,0,1.0185268325203392
-0.5055762617996453,-0.9269840410638159,-0.5884549557299573,1,0.47017916819533134
-1.0375467111970933,-0.7253603721469067,0.24841651612076907,0,-0.208132867027757
0.8990753557508081,-0.037663408088380625,0.3753826350631934,1,0.7531524983437214
-1.9437739981571003,-1.1941923029769603,-1.379348949039875,0,-0.6813575413613631
-0.35233583151967707,0.3676086087711753,-0.30788102620988866,0,-0.7118427607821274
0.640873759204321,1.7161141359722292,-0.986756978936177,1,-0.8886852487419976
-0.1581360749954618,-1.4914084583194507,-0.21833857052539338,0,1.238036928399584
-0.670059804182978,2.2190918970674685,1.313827470931364,0,-1.9510217493314301
-0.15972980222941974,-1.6886939767359295,1.3354318919755725,1,2.8402152716697855
0.41654844310631656,0.19524679851105126,1.8134618975086219,0,-1.2669095577961191
-1.661834397599418,2.0022508020533096,0.539960490731025,0,-1.1935336176086688
0.037381404040593265,-0.4814043629202021,0.3808239295306262,1,0.45442466557232836
0.42637268151040636,-0.7413701551209642,0.7322282283926802,1,2.335417232966601
0.44600281128789726,1.3200956259378667,1.558822786436294,0,-0.5991112853539112
-0.3151079851974615,-0.6268544115800803,-0.12716766757271944,0,3.038174499830558
-1.3178408901483851,0.1543588288323351,-0.7104433852276256,1,-0.6404286199345166
-1.1437902192530816,0.7345340318226332,-0.5414534972076012,0,0.985041029151748
0.12732005187971582,-0.29010133597814663,0.288501850001582,1,-0.10074099277356585
1.4714162081557083,0.8527316547908518,1.7673899018308055,1,0.3278390372692197
-0.07158553666899599,0.20011393534655197,-0.18158458685299275,0,0.13437996183232742
1.027970917169083,-0.7559700871971626,0.7440578314720337,1,2.29414646199937
-0.6806556384545256,-0.8718256806999467,2.0258044724805213,0,1.1112683709263655
-0.3740999574062818,-1.136385044810031,1.2729625788934291,1,2.677017160663691
-1.0281220742881387,2.4185423433017474,0.5018383192128568,1,-2.309406576427339
0.7716821358906842,0.2622969518099067,2.269824093601801,1,1.1530487645631087
-0.2420614794854936,-0.427546164566753,0.0269645448470032,0,0.3484538219896207
0.8936293153629652,0.40871644796543233,0.1690692616535976,0,-0.025912603437302395
-1.1117542156755629,-1.6057869229934612,-0.46343016514192703,0,0.8142019912132437
2.037771410620449,-2.410018316687424,0.3462272346206608,1,1.6239933844813423
-0.4589604106587841,0.24128400610153222,1.243095999681411,0,-0.7806991978130149
0.5378116988753401,-0.3420519852518333,0.2070865771284702,1,-0.22686016817487997
-0.3704750375215924,0.6083024472214501,0.43714298995516115,0,-0.1399098060399806
0.8067788005310629,-1.9692372573870973,-0.9718941657067702,0,1.464438869654402
0.2467285712483483,0.22364281958157986,1.2202558203468339,1,1.250368760022091
-0.5970600713841684,-0.8305425200343526,-0.5262240874318066,0,-0.7703128263566789
-1.6802502169350944,0.37590889596768196,1.4852273488215157,1,-0.002826413575369724
1.6057454302575367,-0.047855648352342926,-0.832770652787368,1,0.05022858956048626
-1.0001565673767712,-1.2941011461587906,-3.10793280775234,0,0.3649352815444597
1.8949716546912547,-1.7753830030258975,-0.4873440689875019,1,0.83570017455846
0.7844845913874119,-0.7818466265992342,0.32086289928206846,1,2.0026966633338175
1.4126420002121003,-0.29764931174876974,-1.9092431658219882,1,0.9075056781117059
0.4323139005851281,0.7706463694742606,-1.1367042192175807,0,1.259191290676093
-1.0136126904909122,1.3556158459088494,-0.2560507481272198,0,-0.6445775761494287
-0.46532004013422357,0.9103494453895747,-1.4140263470028787,1,-0.04732448601044814
-0.2927437609714904,0.21223361416985198,0.5645781230490995,0,-1.6482243972260204
-0.4634919659849789,2.0321605249004944,0.5940381921435951,1,-1.6653665025915778
-0.47297098959752115,0.2091816212602407,-1.1143491629084066,1,-0.33895953855119676
-0.5148626134011476,1.5818595031264733,0.3605228039287653,1,0.7077477410696814
2.590759821029593,1.0742454456005865,0.19851670884895323,1,-3.441857688015145
1.159331460762994,-0.6727082707977511,-0.39492531603294573,1,-0.39817159134385705
-0.04305597621243565,-0.9782444463578753,1.859871158383066,0,0.5765814307243884
-1.022036495292015,-1.1032434426358353,1.4823136944382007,1,2.841773700697336
-0.26821871062638963,-1.003004457158484,-0.725154779458644,1,0.8044086638772774
-0.10024308673443696,-1.0626384861739493,-0.27896844733069825,0,0.5173653181901257
1.2288359907836792,-0.4412570408889062,0.4607708193361235,0,0.094992648302609
-0.4850578626155338,-0.3777564861558436,0.2520464517249056,1,1.8827156974530719
-0.43804694841623276,-0.21998454443219362,0.28263661626593606,0,-1.052137992214479
1.1941225301976814,0.16026821686920134,1.5959851193794812,1,1.785755225874717
0.04753765591344043,1.1630446436467936,0.43821801733002486,0,-1.1438701857932307
1.194033646300491,-1.8149889421194303,0.9058615015555536,1,1.6308781015492277
0.15884786157603545,0.7954919616660908,1.0022771715600345,1,0.09214931557094214
0.16556265057224573,0.754055171313086,-1.0437268146685554,1,-2.563583798590943
0.4069965345442974,-0.15354902723802616,1.1402012658650391,1,2.8892855907768795
1.1159736522495636,-0.5125629881847465,-0.045103197438187984,0,0.04618606828357724
-0.08862757871281864,-0.8701397592767043,-0.29707560402564426,1,1.79379095441822
1.1825873389908326,1.1563451939004705,-1.2701388675682126,0,-0.43963151951080215
-0.5574589525986476,-1.7231623015249597,3.3162293273494226,1,4.187729972247806
0.11078144466093019,1.0040849128970537,0.7760101890130273,0,-0.6010125420919503
-0.8948537795081818,-1.0666434757221541,-1.0096529581579567,0,0.5775298425621214
1.223521097262914,-0.652178693763761,-0.14099999112311662,1,-0.08378495640444938
-0.8932482728925198,0.704260437482948,-0.5127200573925396,1,0.6808032846289991
-0.06109363833965016,-1.582610403317545,1.3703122648983768,1,3.4663077101790347
0.47873882023580744,-0.5343401025278512,-0.7037164018949109,0,-0.3325161259259224
0.5905675087811006,-0.6507138901190858,1.8301063401717585,0,-0.8851402274808433
0.30361560464089543,0.13350517807915832,-0.032780808178947525,0,-0.6555644117459853
0.8718217779388404,0.30648617525169247,0.5962829976072269,1,0.10724020448542104
1.4198664853968521,-1.868858713283429,-2.373362945382647,0,-1.1022287524509715
-1.1326278803103789,1.701456604626618,-1.3376623905342842,1,-1.8343767819908219
0.5897471832296852,-1.3120917599734754,0.5868184697088892,0,2.9473522285513667
0.3185807614792871,-1.5466843972503082,0.25029191299746284,0,1.8345992367765271
-0.4071445488273176,-0.9082501178755169,0.028613067744708346,0,2.463435112845977
0.12899082123569644,0.5469050818215013,0.34341981374728214,1,0.28925476648352255
-1.488594724241984,-0.8873326479933743,-0.2783323630391014,0,-0.36430404289308005
-1.561450039368347,1.752000455875452,-0.09399051338483282,0,-1.2298665227112269
0.5671161825138985,0.9722876616477514,0.2638480876748289,1,-0.07415058889360637
-0.16041975213803852,1.7581101970107527,-0.5011888499015733,1,-1.7517158640623656
0.07687255229242367,0.5012967336603456,-1.0534867792031777,0,0.7020797852853602
-1.3791725314755878,-2.108192232064496,-0.5520250353929497,0,1.7745258861798467
1.1944228710557663,-0.1667556242611932,-0.05873127269902795,0,-0.5241784892600054
0.4502174046348884,1.2276058778787928,-1.647100366813786,1,-1.363591924957904
-0.778805262788711,-0.13627532031666134,-0.15433948026229144,0,-1.2888383289290812
-0.9289998443225611,-0.6906803004469823,1.1376003707775415,0,-0.19869660950128187
-1.4907802363637603,0.09118151358521809,-0.4480225621759871,0,-2.1368173641024084
-0.07675470370738892,-0.7464976523117978,0.04691035192627013,1,0.5678919469607138
-0.22150428733282404,0.09739069627809699,0.6102766885374624,1,0.14380339117381025
-1.3869972785602134,-0.45989272644743867,-0.4985657555732369,0,-0.31923157275602526
-0.5936503013048259,-0.4744854571247825,0.2909780565287093,1,0.08360597052291308
1.313266335424897,1.5424921222875605,-1.3907614561027943,1,-2.3278253574070717
-1.796785408658439,-0.40079997134459566,0.19735878925206166,0,-0.5927400366549275
0.0489063520669003,-0.818144328294998,-0.7140306558031578,0,1.0302937863475465
-0.3748683118866369,0.07876446747332885,-0.6668018252971377,1,0.3705375794068936
0.5495164288121344,-0.2392020424052297,-0.4795453063894828,0,-0.7999942694046347
-1.9679949937270849,-0.3612847742627148,-0.5186667741398618,0,2.3810473657554105
-0.5107310615648457,0.5021969578153432,1.2342584919846575,1,0.14693729328790672
0.6518134953997043,-1.3001018353651843,0.3945323520235206,1,0.36155943493244735
1.5856912196723998,1.6131470318985655,-0.633914387389355,1,-1.7400289920478056
-0.35875765358027056,-0.8181880087749256,1.1069301707368457,0,2.0934257955590923
-1.158700135350448,-0.5189654826169597,0.526578802485576,0,0.30853492847134106
0.07372362922602199,0.12111091217965,-0.1364948652359844,1,-0.9156184596172837
-1.1241885654499302,0.07937079250006747,-0.6956414046845504,0,-0.4839247846772707
1.1480492696014606,0.6378609367294203,-0.569796043296995,0,-1.0990513492214804
0.4892864005471719,0.9820816820001171,-1.166617802036612,1,-0.7680753113358885
-0.6769551658690056,1.0735960935991131,0.31312821279668945,0,-1.1690572216927224
0.6208882508298773,0.4681450141311852,0.6427229672170784,1,-0.4642378855499837
-2.185327876269673,3.111469632436482,-0.6114595918333392,0,-3.1378734441728247
-0.8482995571975254,-0.8426927567453162,0.5354879579758185,1,0.3402439243229278
0.5573829248095098,0.9995133445435226,0.5608883202885355,1,0.12784714120708207
-0.4321818488779595,0.270647561956205,0.5429816791514444,0,-0.508069907393961
-0.1432573265137408,-0.5074454878951274,1.4385176624953577,1,2.4672566305556964
1.8135518423465935,0.47129113246855847,0.4709705626838541,0,0.9728350694754185
-0.06172669873159061,-0.12378066990481329,0.712917515160908,1,1.3068062366675122
0.5246851159603052,-0.11668745146131479,0.008255431874899903,1,0.6791735733230602
-1.2995095850199634,-1.5091548594168158,-1.5115983215968498,1,0.39391326894230594
0.0815972342753174,-0.858895514208784,0.8266700021159386,1,1.882930057351716
1.4890701440097818,-1.1742441445964258,-0.0681874262840821,0,0.31832257353902993
-0.21428429817101147,0.015008101858991015,1.0975592102081577,0,-0.0016131252018396491
0.08621514035516072,-1.1614350581053015,-1.3964962745501743,0,-1.332740143023117
-0.2282885775779593,0.4383458935460428,1.1800839263988696,1,1.7588802050741577
-0.6860117440395017,0.17551650598386775,-0.46706846560250964,1,0.5657782206491337
0.06098994378741611,-0.1592041727386852,0.3179150839280235,0,-0.3399396807910912
1.4737148339757151,0.16916733969650105,0.43294957450092725,1,-0.9557029644168782
-0.4352668906691201,0.2585785890777169,1.8303943492563124,0,-0.26055408122845275
0.6278106443087272,-0.1126818930078449,1.5037826787944952,1,0.33950087112209637
0.48121961034507577,1.3640895069321235,1.578896429028017,0,-0.27973048338715545
1.519814322672789,-0.17950535953294638,-0.1983139187867815,1,-0.49869679515977783
-0.6708230899850641,-2.2805977598972635,-0.5397521489818498,0,0.8230905166707418
-1.926995287535823,-0.03828377463772502,1.5386254299369024,0,-0.6778791117279811
1.6188434665267946,-0.5569093056047575,1.219366570937586,1,1.4279464638361234
0.7010557614220146,-0.741895919162528,-0.28117114526737086,1,0.7273783154498881
0.04829752940050017,-0.20725710277580597,1.429281743410185,0,0.36218329697889945
0.05108214441936606,1.8818986150555816,0.5903368919184694,1,-1.442522137210584
0.5984488088378074,-0.6935842405536966,0.8852159703915402,0,1.480628421541225
0.16497767609423783,0.4734251516919856,-1.2678236455487408,1,-0.6984876811361451
1.374623520453926,-0.8358938080854101,-0.6443372158675624,0,-0.6606344964367254
0.007998634928769925,0.6415505555201425,1.404082802572241,1,0.07202168740346737
-0.6105923196821547,-0.885292311303948,2.6673785997752937,0,1.5764041929112276
0.312701348132706,-1.7645967280989612,-0.5621508774206575,0,-0.602179776388449
0.6658893097216316,0.9972943066420025,-0.7780575670490998,1,-1.3250024285618358
-1.9245364353509504,-1.4695575956769251,-1.1452971805665284,0,0.1834061131917067
-0.6723674778157234,0.1762117597670849,-0.06548479550573515,0,0.18600589510702856
-0.7415323771461135,0.7619378941365715,-0.5132293136235527,0,0.5477816531999522
0.09046594410479229,-0.14836220316719878,0.8953320323251736,0,0.4213844633304228
-0.22924928277266418,0.1412090568035203,-0.49659266977759386,1,1.0655855624299264
1.8544195646657007,-0.2540368245201273,0.6451930252859497,1,-2.6985999997060213
-0.11724445009709157,0.19629267732368894,-0.3333309172305198,1,-1.5947930986618422
-0.9580697988409742,1.9446378552503671,0.005662835628797707,0,-1.6949709201146357
-1.0154954456787313,-0.2546425033992875,1.7818023666467584,1,1.2653500145789072
0.19036992211767476,0.11060608351168079,0.733659916337754,1,1.6661947256611553
0.5243765585650804,-0.4472481670830322,0.6270222129735825,0,0.5786560627519717
0.7292074431466296,-0.9930339026578887,-1.4539111039969492,0,0.2232646837307318
0.7622226801578499,-0.517048296070028,-1.1888531174264352,1,0.06354713677191859
0.06713984991442674,0.6676107085756284,0.9187856792934451,0,-0.1362515515855795
-0.3590885914411452,-0.15127785460115836,-0.11106600127985447,0,-0.07302235437119681
0.7511100128213513,1.325857667010893,-0.03592275523719687,0,-0.7434048434794385
-0.24990204648985712,-1.8087017705682265,-0.07974221636627532,0,1.3083830508182919
1.1447452132737141,0.7121748510580154,0.9721066078313971,0,0.5147014089437636
0.8529034810644169,-0.09455689095355241,1.5527197833342623,0,-0.11836707264507917
-1.3325574643401887,-2.1021793208368744,2.917391499562616,0,2.976461940772393
-1.0165617686324495,-0.3337937556599629,0.1834909583098052,0,-0.582723106814458
0.2220243590376105,0.404383837272353,0.9396950567228068,1,0.17581361715856303
0.7906979126174855,0.6696761449644287,-0.3261815307697219,0,-0.2777909016350366
0.0881782738921912,0.640982563670203,0.7773311419126155,1,0.7596611414759996
-0.3483777679262983,-0.17502531832534993,1.3605207623114652,1,0.3672996238322197
0.568504991675766,0.24865335347023979,0.3061526595557567,1,0.44339307323244814
-0.2172097938005075,0.7136827976051976,1.3713121135305846,1,-0.46775826667819853
-0.6942442637161537,-0.8061583679325878,0.5377045650290309,0,0.6947964820903749
0.462864484908687,-0.3896081027443108,1.3732748559152566,0,-1.3525256149752485
0.4038096785736552,1.702412159955388,-0.3947433287204293,1,-0.586134351009673
-0.3670124628898678,0.6033782788997252,0.6806076150015083,0,-0.15997392079832876
1.3138497742265427,-1.11348617039256,-0.49728782166874497,1,-1.930251270114283
-1.373287450021381,0.08423024312564424,-0.4296054891537892,0,-0.7083130192169496
-0.0698272746338781,1.404435364111711,0.17151156362144754,1,-2.0335657110351986
0.16169335281806652,1.096451532158957,-1.3495952443229065,1,-1.5106606327461316
-0.8395775873184803,-0.40956947714290487,-0.0922417130966942,1,2.687344537624265
-0.5026694357657889,-0.17100219025361077,-0.362660815159797,0,-1.2058003806174173
0.5304538952657873,1.6457726489027014,-0.4455444461831966,1,-1.5444322469559921
0.10914539434174667,1.620408243549706,-0.18384457740484814,1,-0.9285198800981085
0.11741924092756277,-0.21404850053157964,-1.4707317545582086,1,0.4394563221371308
-0.18532994239141543,-1.1026078737904057,-0.3851175823665774,1,0.8433334343746867
-1.0534952051508368,0.2900373191479111,0.2861502277403238,0,1.3163137833483733
0.4739540851524419,0.38709385496389725,-0.9302260181821991,1,0.1400083532252635
0.3820961034297585,-0.06341566923648816,-0.3423862640982568,0,-0.9747093922039556
-1.1498544186537938,-0.11289838063781672,-0.48402031140254526,0,-2.0726814400707436
-1.000777571698486,2.6203405524853514,0.07749976723626448,1,-1.9684134869227452
0.6031934073523543,0.22019539539906915,2.4626824149630364,0,1.1473181522039493
-1.4082657643036522,0.10846647616731941,0.24592696512549184,0,1.2544472631745305
1.4899999580119854,0.9333215698966139,-0.03311428528923337,1,-0.3889547890746485
0.8936585841569087,0.7475919989454128,0.0037410908414766387,0,-1.3290087772544918
-1.616949042303503,1.097362211674799,-1.2403668591050745,1,-2.873261290388821
0.37669588148018274,0.6188109530417445,-1.8224936013346729,0,-0.7256437642726642
0.5150327249270416,-2.6620951080124313,1.031906016022068,1,3.3861798837391386
-1.4047888844923029,-1.1009762773473304,-0.8064255671115251,0,-0.1328121769292709
0.9013212718591025,0.06851392039982467,-1.7606539504737433,1,0.46496996698844983
-1.076248303932816,0.10129031701393458,-0.6055612316099817,1,0.3664240645010225
-0.9109501721405848,-0.7649351105995842,-0.5122976863700405,1,-0.20690160214425757
1.6338865933599542,-0.09323551223338385,0.014629980725631505,0,-0.5432842344107827
-0.13023666833065686,-0.02790785008781467,-1.0295052287641473,0,0.24928158633587866
0.5903845005906024,2.031615300863837,-0.10075878112309909,1,-0.8787359577920928
-0.5886701268636576,-0.35858753823625544,1.0356383537271157,0,-0.5078248678677348
0.06442001058775279,0.6254087894969802,-1.9631403483178964,1,-0.2032148549460558
0.636813318087901,-1.9365187819143184,-1.555644764561115,0,-0.164844180227661
-1.0481207801105028,1.3001336376917982,0.6333372430580857,1,-0.3682999086560489
1.390089486675407,-1.3709006874591343,-1.8800791979771483,1,0.49008507462413653
2.1195304905849586,1.7762443546714195,0.6033184664180767,1,-3.3277278461780426
-0.25097165422622975,1.5553016282579775,-1.3440032021517123,0,-1.4937730692987192
